<?xml version="1.0" ?>
<annotation>
<folder>KITTI</folder>
<filename>000095.png</filename>
<source>
<database>The KITTI Database</database>
<annotation>KITTI</annotation>
</source>
<size>
<width>1242</width>
<height>375</height>
<depth>3</depth>
</size>
<object>
<name>Car</name>
<bndbox>
<xmin>599</xmin>
<ymin>182</ymin>
<xmax>667</xmax>
<ymax>247</ymax>
</bndbox>
</object>
<object>
<name>Car</name>
<bndbox>
<xmin>774</xmin>
<ymin>172</ymin>
<xmax>963</xmax>
<ymax>270</ymax>
</bndbox>
</object>
<object>
<name>Car</name>
<bndbox>
<xmin>705</xmin>
<ymin>179</ymin>
<xmax>802</xmax>
<ymax>228</ymax>
</bndbox>
</object>
<object>
<name>Car</name>
<bndbox>
<xmin>673</xmin>
<ymin>181</ymin>
<xmax>757</xmax>
<ymax>216</ymax>
</bndbox>
</object>
<object>
<name>Car</name>
<bndbox>
<xmin>146</xmin>
<ymin>192</ymin>
<xmax>340</xmax>
<ymax>290</ymax>
</bndbox>
</object>
<object>
<name>Car</name>
<bndbox>
<xmin>452</xmin>
<ymin>183</ymin>
<xmax>509</xmax>
<ymax>222</ymax>
</bndbox>
</object>
<object>
<name>Car</name>
<bndbox>
<xmin>527</xmin>
<ymin>181</ymin>
<xmax>563</xmax>
<ymax>206</ymax>
</bndbox>
</object>
<object>
<name>Car</name>
<bndbox>
<xmin>241</xmin>
<ymin>191</ymin>
<xmax>355</xmax>
<ymax>242</ymax>
</bndbox>
</object>
<object>
<name>Car</name>
<bndbox>
<xmin>327</xmin>
<ymin>181</ymin>
<xmax>399</xmax>
<ymax>228</ymax>
</bndbox>
</object>
<object>
<name>Car</name>
<bndbox>
<xmin>581</xmin>
<ymin>180</ymin>
<xmax>609</xmax>
<ymax>196</ymax>
</bndbox>
</object>
<object>
<name>Car</name>
<bndbox>
<xmin>410</xmin>
<ymin>183</ymin>
<xmax>465</xmax>
<ymax>213</ymax>
</bndbox>
</object>
<object>
<name>Car</name>
<bndbox>
<xmin>486</xmin>
<ymin>184</ymin>
<xmax>533</xmax>
<ymax>204</ymax>
</bndbox>
</object>
<object>
<name>Car</name>
<bndbox>
<xmin>71</xmin>
<ymin>187</ymin>
<xmax>194</xmax>
<ymax>239</ymax>
</bndbox>
</object>
<object>
<name>Car</name>
<bndbox>
<xmin>87</xmin>
<ymin>185</ymin>
<xmax>204</xmax>
<ymax>220</ymax>
</bndbox>
</object>
<object>
<name>Car</name>
<bndbox>
<xmin>648</xmin>
<ymin>178</ymin>
<xmax>673</xmax>
<ymax>194</ymax>
</bndbox>
</object>
</annotation>
