<?xml version="1.0" ?>
<annotation>
<folder>KITTI</folder>
<filename>000035.png</filename>
<source>
<database>The KITTI Database</database>
<annotation>KITTI</annotation>
</source>
<size>
<width>1242</width>
<height>375</height>
<depth>3</depth>
</size>
<object>
<name>Car</name>
<bndbox>
<xmin>587</xmin>
<ymin>173</ymin>
<xmax>614</xmax>
<ymax>200</ymax>
</bndbox>
</object>
<object>
<name>Car</name>
<bndbox>
<xmin>425</xmin>
<ymin>176</ymin>
<xmax>529</xmax>
<ymax>259</ymax>
</bndbox>
</object>
<object>
<name>Car</name>
<bndbox>
<xmin>234</xmin>
<ymin>185</ymin>
<xmax>320</xmax>
<ymax>231</ymax>
</bndbox>
</object>
<object>
<name>Cyclist</name>
<bndbox>
<xmin>665</xmin>
<ymin>160</ymin>
<xmax>717</xmax>
<ymax>217</ymax>
</bndbox>
</object>
<object>
<name>Pedestrian</name>
<bndbox>
<xmin>423</xmin>
<ymin>173</ymin>
<xmax>433</xmax>
<ymax>224</ymax>
</bndbox>
</object>
</annotation>
