<?xml version="1.0" ?>
<annotation>
<folder>KITTI</folder>
<filename>000016.png</filename>
<source>
<database>The KITTI Database</database>
<annotation>KITTI</annotation>
</source>
<size>
<width>1242</width>
<height>375</height>
<depth>3</depth>
</size>
<object>
<name>Car</name>
<bndbox>
<xmin>661</xmin>
<ymin>174</ymin>
<xmax>694</xmax>
<ymax>197</ymax>
</bndbox>
</object>
<object>
<name>Car</name>
<bndbox>
<xmin>125</xmin>
<ymin>91</ymin>
<xmax>474</xmax>
<ymax>253</ymax>
</bndbox>
</object>
<object>
<name>Car</name>
<bndbox>
<xmin>684</xmin>
<ymin>172</ymin>
<xmax>733</xmax>
<ymax>205</ymax>
</bndbox>
</object>
<object>
<name>Car</name>
<bndbox>
<xmin>0</xmin>
<ymin>193</ymin>
<xmax>386</xmax>
<ymax>374</ymax>
</bndbox>
</object>
<object>
<name>Car</name>
<bndbox>
<xmin>494</xmin>
<ymin>181</ymin>
<xmax>527</xmax>
<ymax>205</ymax>
</bndbox>
</object>
<object>
<name>Car</name>
<bndbox>
<xmin>587</xmin>
<ymin>158</ymin>
<xmax>648</xmax>
<ymax>188</ymax>
</bndbox>
</object>
</annotation>
