<?xml version="1.0" ?>
<annotation>
<folder>KITTI</folder>
<filename>000038.png</filename>
<source>
<database>The KITTI Database</database>
<annotation>KITTI</annotation>
</source>
<size>
<width>1242</width>
<height>375</height>
<depth>3</depth>
</size>
<object>
<name>Car</name>
<bndbox>
<xmin>592</xmin>
<ymin>176</ymin>
<xmax>637</xmax>
<ymax>219</ymax>
</bndbox>
</object>
<object>
<name>Car</name>
<bndbox>
<xmin>895</xmin>
<ymin>158</ymin>
<xmax>1241</xmax>
<ymax>374</ymax>
</bndbox>
</object>
<object>
<name>Car</name>
<bndbox>
<xmin>817</xmin>
<ymin>176</ymin>
<xmax>1038</xmax>
<ymax>302</ymax>
</bndbox>
</object>
<object>
<name>Car</name>
<bndbox>
<xmin>749</xmin>
<ymin>177</ymin>
<xmax>940</xmax>
<ymax>262</ymax>
</bndbox>
</object>
<object>
<name>Car</name>
<bndbox>
<xmin>489</xmin>
<ymin>180</ymin>
<xmax>521</xmax>
<ymax>201</ymax>
</bndbox>
</object>
<object>
<name>Car</name>
<bndbox>
<xmin>302</xmin>
<ymin>188</ymin>
<xmax>409</xmax>
<ymax>250</ymax>
</bndbox>
</object>
<object>
<name>Car</name>
<bndbox>
<xmin>682</xmin>
<ymin>173</ymin>
<xmax>796</xmax>
<ymax>220</ymax>
</bndbox>
</object>
<object>
<name>Car</name>
<bndbox>
<xmin>659</xmin>
<ymin>174</ymin>
<xmax>745</xmax>
<ymax>209</ymax>
</bndbox>
</object>
<object>
<name>Car</name>
<bndbox>
<xmin>640</xmin>
<ymin>167</ymin>
<xmax>707</xmax>
<ymax>198</ymax>
</bndbox>
</object>
<object>
<name>Car</name>
<bndbox>
<xmin>434</xmin>
<ymin>175</ymin>
<xmax>472</xmax>
<ymax>199</ymax>
</bndbox>
</object>
<object>
<name>Car</name>
<bndbox>
<xmin>456</xmin>
<ymin>177</ymin>
<xmax>487</xmax>
<ymax>197</ymax>
</bndbox>
</object>
<object>
<name>Car</name>
<bndbox>
<xmin>412</xmin>
<ymin>177</ymin>
<xmax>437</xmax>
<ymax>195</ymax>
</bndbox>
</object>
</annotation>
