<?xml version="1.0" ?>
<annotation>
<folder>KITTI</folder>
<filename>000037.png</filename>
<source>
<database>The KITTI Database</database>
<annotation>KITTI</annotation>
</source>
<size>
<width>1241</width>
<height>376</height>
<depth>3</depth>
</size>
<object>
<name>Car</name>
<bndbox>
<xmin>555</xmin>
<ymin>173</ymin>
<xmax>628</xmax>
<ymax>240</ymax>
</bndbox>
</object>
<object>
<name>Car</name>
<bndbox>
<xmin>27</xmin>
<ymin>0</ymin>
<xmax>512</xmax>
<ymax>375</ymax>
</bndbox>
</object>
<object>
<name>Car</name>
<bndbox>
<xmin>473</xmin>
<ymin>183</ymin>
<xmax>535</xmax>
<ymax>226</ymax>
</bndbox>
</object>
</annotation>
