<?xml version="1.0" ?>
<annotation>
<folder>KITTI</folder>
<filename>000116.png</filename>
<source>
<database>The KITTI Database</database>
<annotation>KITTI</annotation>
</source>
<size>
<width>1242</width>
<height>375</height>
<depth>3</depth>
</size>
<object>
<name>Car</name>
<bndbox>
<xmin>793</xmin>
<ymin>146</ymin>
<xmax>1130</xmax>
<ymax>369</ymax>
</bndbox>
</object>
<object>
<name>Car</name>
<bndbox>
<xmin>682</xmin>
<ymin>172</ymin>
<xmax>753</xmax>
<ymax>230</ymax>
</bndbox>
</object>
<object>
<name>Car</name>
<bndbox>
<xmin>495</xmin>
<ymin>181</ymin>
<xmax>548</xmax>
<ymax>222</ymax>
</bndbox>
</object>
<object>
<name>Car</name>
<bndbox>
<xmin>563</xmin>
<ymin>177</ymin>
<xmax>606</xmax>
<ymax>208</ymax>
</bndbox>
</object>
</annotation>
