<?xml version="1.0" ?>
<annotation>
<folder>KITTI</folder>
<filename>000279.png</filename>
<source>
<database>The KITTI Database</database>
<annotation>KITTI</annotation>
</source>
<size>
<width>1242</width>
<height>375</height>
<depth>3</depth>
</size>
<object>
<name>Car</name>
<bndbox>
<xmin>446</xmin>
<ymin>159</ymin>
<xmax>554</xmax>
<ymax>248</ymax>
</bndbox>
</object>
<object>
<name>Car</name>
<bndbox>
<xmin>700</xmin>
<ymin>167</ymin>
<xmax>803</xmax>
<ymax>255</ymax>
</bndbox>
</object>
<object>
<name>Car</name>
<bndbox>
<xmin>529</xmin>
<ymin>175</ymin>
<xmax>586</xmax>
<ymax>220</ymax>
</bndbox>
</object>
<object>
<name>Car</name>
<bndbox>
<xmin>546</xmin>
<ymin>164</ymin>
<xmax>593</xmax>
<ymax>210</ymax>
</bndbox>
</object>
<object>
<name>Car</name>
<bndbox>
<xmin>561</xmin>
<ymin>166</ymin>
<xmax>611</xmax>
<ymax>202</ymax>
</bndbox>
</object>
<object>
<name>Car</name>
<bndbox>
<xmin>603</xmin>
<ymin>167</ymin>
<xmax>648</xmax>
<ymax>191</ymax>
</bndbox>
</object>
<object>
<name>Car</name>
<bndbox>
<xmin>136</xmin>
<ymin>173</ymin>
<xmax>416</xmax>
<ymax>263</ymax>
</bndbox>
</object>
</annotation>
