<?xml version="1.0" ?>
<annotation>
<folder>KITTI</folder>
<filename>000221.png</filename>
<source>
<database>The KITTI Database</database>
<annotation>KITTI</annotation>
</source>
<size>
<width>1242</width>
<height>375</height>
<depth>3</depth>
</size>
<object>
<name>Car</name>
<bndbox>
<xmin>603</xmin>
<ymin>178</ymin>
<xmax>664</xmax>
<ymax>237</ymax>
</bndbox>
</object>
<object>
<name>Car</name>
<bndbox>
<xmin>776</xmin>
<ymin>185</ymin>
<xmax>955</xmax>
<ymax>301</ymax>
</bndbox>
</object>
<object>
<name>Pedestrian</name>
<bndbox>
<xmin>838</xmin>
<ymin>173</ymin>
<xmax>873</xmax>
<ymax>308</ymax>
</bndbox>
</object>
</annotation>
