<?xml version="1.0" ?>
<annotation>
<folder>KITTI</folder>
<filename>000220.png</filename>
<source>
<database>The KITTI Database</database>
<annotation>KITTI</annotation>
</source>
<size>
<width>1242</width>
<height>375</height>
<depth>3</depth>
</size>
<object>
<name>Car</name>
<bndbox>
<xmin>528</xmin>
<ymin>177</ymin>
<xmax>563</xmax>
<ymax>197</ymax>
</bndbox>
</object>
<object>
<name>Car</name>
<bndbox>
<xmin>716</xmin>
<ymin>175</ymin>
<xmax>739</xmax>
<ymax>195</ymax>
</bndbox>
</object>
</annotation>
