<?xml version="1.0" ?>
<annotation>
<folder>KITTI</folder>
<filename>000250.png</filename>
<source>
<database>The KITTI Database</database>
<annotation>KITTI</annotation>
</source>
<size>
<width>1242</width>
<height>375</height>
<depth>3</depth>
</size>
<object>
<name>Car</name>
<bndbox>
<xmin>26</xmin>
<ymin>196</ymin>
<xmax>252</xmax>
<ymax>345</ymax>
</bndbox>
</object>
<object>
<name>Car</name>
<bndbox>
<xmin>341</xmin>
<ymin>192</ymin>
<xmax>383</xmax>
<ymax>224</ymax>
</bndbox>
</object>
<object>
<name>Car</name>
<bndbox>
<xmin>231</xmin>
<ymin>194</ymin>
<xmax>338</xmax>
<ymax>272</ymax>
</bndbox>
</object>
</annotation>
