<?xml version="1.0" ?>
<annotation>
<folder>KITTI</folder>
<filename>000256.png</filename>
<source>
<database>The KITTI Database</database>
<annotation>KITTI</annotation>
</source>
<size>
<width>1242</width>
<height>375</height>
<depth>3</depth>
</size>
<object>
<name>Car</name>
<bndbox>
<xmin>0</xmin>
<ymin>185</ymin>
<xmax>40</xmax>
<ymax>241</ymax>
</bndbox>
</object>
<object>
<name>Car</name>
<bndbox>
<xmin>26</xmin>
<ymin>171</ymin>
<xmax>174</xmax>
<ymax>232</ymax>
</bndbox>
</object>
<object>
<name>Car</name>
<bndbox>
<xmin>161</xmin>
<ymin>181</ymin>
<xmax>254</xmax>
<ymax>222</ymax>
</bndbox>
</object>
</annotation>
