<?xml version="1.0" ?>
<annotation>
<folder>KITTI</folder>
<filename>000258.png</filename>
<source>
<database>The KITTI Database</database>
<annotation>KITTI</annotation>
</source>
<size>
<width>1242</width>
<height>375</height>
<depth>3</depth>
</size>
<object>
<name>Car</name>
<bndbox>
<xmin>676</xmin>
<ymin>183</ymin>
<xmax>707</xmax>
<ymax>209</ymax>
</bndbox>
</object>
<object>
<name>Car</name>
<bndbox>
<xmin>279</xmin>
<ymin>194</ymin>
<xmax>415</xmax>
<ymax>267</ymax>
</bndbox>
</object>
<object>
<name>Car</name>
<bndbox>
<xmin>375</xmin>
<ymin>181</ymin>
<xmax>474</xmax>
<ymax>249</ymax>
</bndbox>
</object>
<object>
<name>Car</name>
<bndbox>
<xmin>705</xmin>
<ymin>181</ymin>
<xmax>763</xmax>
<ymax>229</ymax>
</bndbox>
</object>
<object>
<name>Car</name>
<bndbox>
<xmin>710</xmin>
<ymin>170</ymin>
<xmax>750</xmax>
<ymax>221</ymax>
</bndbox>
</object>
</annotation>
