<?xml version="1.0" ?>
<annotation>
<folder>KITTI</folder>
<filename>000200.png</filename>
<source>
<database>The KITTI Database</database>
<annotation>KITTI</annotation>
</source>
<size>
<width>1242</width>
<height>375</height>
<depth>3</depth>
</size>
<object>
<name>Car</name>
<bndbox>
<xmin>602</xmin>
<ymin>178</ymin>
<xmax>663</xmax>
<ymax>238</ymax>
</bndbox>
</object>
<object>
<name>Car</name>
<bndbox>
<xmin>797</xmin>
<ymin>186</ymin>
<xmax>1018</xmax>
<ymax>325</ymax>
</bndbox>
</object>
<object>
<name>Pedestrian</name>
<bndbox>
<xmin>880</xmin>
<ymin>173</ymin>
<xmax>929</xmax>
<ymax>335</ymax>
</bndbox>
</object>
</annotation>
