<?xml version="1.0" ?>
<annotation>
<folder>KITTI</folder>
<filename>000244.png</filename>
<source>
<database>The KITTI Database</database>
<annotation>KITTI</annotation>
</source>
<size>
<width>1242</width>
<height>375</height>
<depth>3</depth>
</size>
<object>
<name>Car</name>
<bndbox>
<xmin>0</xmin>
<ymin>183</ymin>
<xmax>421</xmax>
<ymax>374</ymax>
</bndbox>
</object>
<object>
<name>Car</name>
<bndbox>
<xmin>948</xmin>
<ymin>191</ymin>
<xmax>1241</xmax>
<ymax>374</ymax>
</bndbox>
</object>
<object>
<name>Car</name>
<bndbox>
<xmin>730</xmin>
<ymin>191</ymin>
<xmax>1000</xmax>
<ymax>374</ymax>
</bndbox>
</object>
<object>
<name>Car</name>
<bndbox>
<xmin>307</xmin>
<ymin>188</ymin>
<xmax>487</xmax>
<ymax>335</ymax>
</bndbox>
</object>
<object>
<name>Car</name>
<bndbox>
<xmin>410</xmin>
<ymin>188</ymin>
<xmax>522</xmax>
<ymax>272</ymax>
</bndbox>
</object>
<object>
<name>Car</name>
<bndbox>
<xmin>685</xmin>
<ymin>181</ymin>
<xmax>806</xmax>
<ymax>271</ymax>
</bndbox>
</object>
<object>
<name>Car</name>
<bndbox>
<xmin>656</xmin>
<ymin>183</ymin>
<xmax>735</xmax>
<ymax>245</ymax>
</bndbox>
</object>
<object>
<name>Car</name>
<bndbox>
<xmin>513</xmin>
<ymin>182</ymin>
<xmax>563</xmax>
<ymax>223</ymax>
</bndbox>
</object>
<object>
<name>Car</name>
<bndbox>
<xmin>539</xmin>
<ymin>172</ymin>
<xmax>581</xmax>
<ymax>214</ymax>
</bndbox>
</object>
<object>
<name>Car</name>
<bndbox>
<xmin>561</xmin>
<ymin>175</ymin>
<xmax>598</xmax>
<ymax>209</ymax>
</bndbox>
</object>
</annotation>
