<?xml version="1.0" ?>
<annotation>
<folder>KITTI</folder>
<filename>000261.png</filename>
<source>
<database>The KITTI Database</database>
<annotation>KITTI</annotation>
</source>
<size>
<width>1242</width>
<height>375</height>
<depth>3</depth>
</size>
<object>
<name>Car</name>
<bndbox>
<xmin>618</xmin>
<ymin>135</ymin>
<xmax>685</xmax>
<ymax>203</ymax>
</bndbox>
</object>
<object>
<name>Car</name>
<bndbox>
<xmin>278</xmin>
<ymin>179</ymin>
<xmax>334</xmax>
<ymax>206</ymax>
</bndbox>
</object>
<object>
<name>Car</name>
<bndbox>
<xmin>315</xmin>
<ymin>180</ymin>
<xmax>366</xmax>
<ymax>201</ymax>
</bndbox>
</object>
<object>
<name>Car</name>
<bndbox>
<xmin>360</xmin>
<ymin>177</ymin>
<xmax>402</xmax>
<ymax>196</ymax>
</bndbox>
</object>
</annotation>
