<?xml version="1.0" ?>
<annotation>
<folder>KITTI</folder>
<filename>000302.png</filename>
<source>
<database>The KITTI Database</database>
<annotation>KITTI</annotation>
</source>
<size>
<width>1238</width>
<height>374</height>
<depth>3</depth>
</size>
<object>
<name>Car</name>
<bndbox>
<xmin>562</xmin>
<ymin>172</ymin>
<xmax>598</xmax>
<ymax>196</ymax>
</bndbox>
</object>
<object>
<name>Car</name>
<bndbox>
<xmin>399</xmin>
<ymin>175</ymin>
<xmax>505</xmax>
<ymax>218</ymax>
</bndbox>
</object>
<object>
<name>Car</name>
<bndbox>
<xmin>328</xmin>
<ymin>169</ymin>
<xmax>397</xmax>
<ymax>202</ymax>
</bndbox>
</object>
</annotation>
