<?xml version="1.0" ?>
<annotation>
<folder>KITTI</folder>
<filename>000357.png</filename>
<source>
<database>The KITTI Database</database>
<annotation>KITTI</annotation>
</source>
<size>
<width>1241</width>
<height>376</height>
<depth>3</depth>
</size>
<object>
<name>Car</name>
<bndbox>
<xmin>573</xmin>
<ymin>174</ymin>
<xmax>611</xmax>
<ymax>209</ymax>
</bndbox>
</object>
<object>
<name>Car</name>
<bndbox>
<xmin>0</xmin>
<ymin>179</ymin>
<xmax>106</xmax>
<ymax>310</ymax>
</bndbox>
</object>
<object>
<name>Car</name>
<bndbox>
<xmin>148</xmin>
<ymin>190</ymin>
<xmax>391</xmax>
<ymax>315</ymax>
</bndbox>
</object>
<object>
<name>Car</name>
<bndbox>
<xmin>185</xmin>
<ymin>186</ymin>
<xmax>331</xmax>
<ymax>251</ymax>
</bndbox>
</object>
<object>
<name>Car</name>
<bndbox>
<xmin>394</xmin>
<ymin>185</ymin>
<xmax>483</xmax>
<ymax>240</ymax>
</bndbox>
</object>
<object>
<name>Car</name>
<bndbox>
<xmin>334</xmin>
<ymin>181</ymin>
<xmax>406</xmax>
<ymax>221</ymax>
</bndbox>
</object>
<object>
<name>Car</name>
<bndbox>
<xmin>435</xmin>
<ymin>178</ymin>
<xmax>497</xmax>
<ymax>220</ymax>
</bndbox>
</object>
<object>
<name>Car</name>
<bndbox>
<xmin>498</xmin>
<ymin>159</ymin>
<xmax>543</xmax>
<ymax>204</ymax>
</bndbox>
</object>
<object>
<name>Car</name>
<bndbox>
<xmin>540</xmin>
<ymin>167</ymin>
<xmax>561</xmax>
<ymax>191</ymax>
</bndbox>
</object>
<object>
<name>Car</name>
<bndbox>
<xmin>56</xmin>
<ymin>179</ymin>
<xmax>215</xmax>
<ymax>248</ymax>
</bndbox>
</object>
</annotation>
