<?xml version="1.0" ?>
<annotation>
<folder>KITTI</folder>
<filename>000353.png</filename>
<source>
<database>The KITTI Database</database>
<annotation>KITTI</annotation>
</source>
<size>
<width>1242</width>
<height>375</height>
<depth>3</depth>
</size>
<object>
<name>Car</name>
<bndbox>
<xmin>0</xmin>
<ymin>177</ymin>
<xmax>277</xmax>
<ymax>356</ymax>
</bndbox>
</object>
<object>
<name>Car</name>
<bndbox>
<xmin>265</xmin>
<ymin>157</ymin>
<xmax>398</xmax>
<ymax>238</ymax>
</bndbox>
</object>
</annotation>
