<?xml version="1.0" ?>
<annotation>
<folder>KITTI</folder>
<filename>000316.png</filename>
<source>
<database>The KITTI Database</database>
<annotation>KITTI</annotation>
</source>
<size>
<width>1242</width>
<height>375</height>
<depth>3</depth>
</size>
<object>
<name>Car</name>
<bndbox>
<xmin>588</xmin>
<ymin>175</ymin>
<xmax>612</xmax>
<ymax>198</ymax>
</bndbox>
</object>
<object>
<name>Car</name>
<bndbox>
<xmin>465</xmin>
<ymin>182</ymin>
<xmax>538</xmax>
<ymax>237</ymax>
</bndbox>
</object>
<object>
<name>Car</name>
<bndbox>
<xmin>814</xmin>
<ymin>185</ymin>
<xmax>1241</xmax>
<ymax>374</ymax>
</bndbox>
</object>
<object>
<name>Car</name>
<bndbox>
<xmin>719</xmin>
<ymin>174</ymin>
<xmax>919</xmax>
<ymax>316</ymax>
</bndbox>
</object>
<object>
<name>Car</name>
<bndbox>
<xmin>695</xmin>
<ymin>171</ymin>
<xmax>800</xmax>
<ymax>266</ymax>
</bndbox>
</object>
<object>
<name>Car</name>
<bndbox>
<xmin>657</xmin>
<ymin>177</ymin>
<xmax>722</xmax>
<ymax>227</ymax>
</bndbox>
</object>
<object>
<name>Car</name>
<bndbox>
<xmin>636</xmin>
<ymin>177</ymin>
<xmax>669</xmax>
<ymax>206</ymax>
</bndbox>
</object>
<object>
<name>Car</name>
<bndbox>
<xmin>647</xmin>
<ymin>176</ymin>
<xmax>697</xmax>
<ymax>218</ymax>
</bndbox>
</object>
<object>
<name>Car</name>
<bndbox>
<xmin>365</xmin>
<ymin>182</ymin>
<xmax>437</xmax>
<ymax>208</ymax>
</bndbox>
</object>
<object>
<name>Car</name>
<bndbox>
<xmin>268</xmin>
<ymin>182</ymin>
<xmax>349</xmax>
<ymax>210</ymax>
</bndbox>
</object>
<object>
<name>Car</name>
<bndbox>
<xmin>626</xmin>
<ymin>176</ymin>
<xmax>649</xmax>
<ymax>195</ymax>
</bndbox>
</object>
<object>
<name>Pedestrian</name>
<bndbox>
<xmin>793</xmin>
<ymin>157</ymin>
<xmax>823</xmax>
<ymax>244</ymax>
</bndbox>
</object>
</annotation>
