<?xml version="1.0" ?>
<annotation>
<folder>KITTI</folder>
<filename>000321.png</filename>
<source>
<database>The KITTI Database</database>
<annotation>KITTI</annotation>
</source>
<size>
<width>1242</width>
<height>375</height>
<depth>3</depth>
</size>
<object>
<name>Car</name>
<bndbox>
<xmin>131</xmin>
<ymin>187</ymin>
<xmax>430</xmax>
<ymax>370</ymax>
</bndbox>
</object>
<object>
<name>Car</name>
<bndbox>
<xmin>450</xmin>
<ymin>185</ymin>
<xmax>523</xmax>
<ymax>231</ymax>
</bndbox>
</object>
<object>
<name>Car</name>
<bndbox>
<xmin>483</xmin>
<ymin>174</ymin>
<xmax>530</xmax>
<ymax>214</ymax>
</bndbox>
</object>
<object>
<name>Car</name>
<bndbox>
<xmin>528</xmin>
<ymin>174</ymin>
<xmax>554</xmax>
<ymax>195</ymax>
</bndbox>
</object>
</annotation>
