<?xml version="1.0" ?>
<annotation>
<folder>KITTI</folder>
<filename>000373.png</filename>
<source>
<database>The KITTI Database</database>
<annotation>KITTI</annotation>
</source>
<size>
<width>1242</width>
<height>375</height>
<depth>3</depth>
</size>
<object>
<name>Car</name>
<bndbox>
<xmin>0</xmin>
<ymin>165</ymin>
<xmax>206</xmax>
<ymax>290</ymax>
</bndbox>
</object>
<object>
<name>Car</name>
<bndbox>
<xmin>13</xmin>
<ymin>181</ymin>
<xmax>264</xmax>
<ymax>267</ymax>
</bndbox>
</object>
<object>
<name>Car</name>
<bndbox>
<xmin>105</xmin>
<ymin>182</ymin>
<xmax>298</xmax>
<ymax>250</ymax>
</bndbox>
</object>
<object>
<name>Car</name>
<bndbox>
<xmin>165</xmin>
<ymin>173</ymin>
<xmax>325</xmax>
<ymax>241</ymax>
</bndbox>
</object>
<object>
<name>Car</name>
<bndbox>
<xmin>479</xmin>
<ymin>183</ymin>
<xmax>530</xmax>
<ymax>219</ymax>
</bndbox>
</object>
</annotation>
