<?xml version="1.0" ?>
<annotation>
<folder>KITTI</folder>
<filename>000448.png</filename>
<source>
<database>The KITTI Database</database>
<annotation>KITTI</annotation>
</source>
<size>
<width>1224</width>
<height>370</height>
<depth>3</depth>
</size>
<object>
<name>Car</name>
<bndbox>
<xmin>921</xmin>
<ymin>144</ymin>
<xmax>1064</xmax>
<ymax>190</ymax>
</bndbox>
</object>
<object>
<name>Car</name>
<bndbox>
<xmin>517</xmin>
<ymin>174</ymin>
<xmax>555</xmax>
<ymax>203</ymax>
</bndbox>
</object>
<object>
<name>Cyclist</name>
<bndbox>
<xmin>644</xmin>
<ymin>168</ymin>
<xmax>673</xmax>
<ymax>197</ymax>
</bndbox>
</object>
<object>
<name>Cyclist</name>
<bndbox>
<xmin>587</xmin>
<ymin>166</ymin>
<xmax>615</xmax>
<ymax>195</ymax>
</bndbox>
</object>
<object>
<name>Cyclist</name>
<bndbox>
<xmin>382</xmin>
<ymin>177</ymin>
<xmax>407</xmax>
<ymax>212</ymax>
</bndbox>
</object>
<object>
<name>Pedestrian</name>
<bndbox>
<xmin>562</xmin>
<ymin>170</ymin>
<xmax>573</xmax>
<ymax>199</ymax>
</bndbox>
</object>
<object>
<name>Pedestrian</name>
<bndbox>
<xmin>448</xmin>
<ymin>175</ymin>
<xmax>463</xmax>
<ymax>206</ymax>
</bndbox>
</object>
</annotation>
