<?xml version="1.0" ?>
<annotation>
<folder>KITTI</folder>
<filename>000427.png</filename>
<source>
<database>The KITTI Database</database>
<annotation>KITTI</annotation>
</source>
<size>
<width>1241</width>
<height>376</height>
<depth>3</depth>
</size>
<object>
<name>Car</name>
<bndbox>
<xmin>600</xmin>
<ymin>176</ymin>
<xmax>681</xmax>
<ymax>249</ymax>
</bndbox>
</object>
<object>
<name>Car</name>
<bndbox>
<xmin>0</xmin>
<ymin>190</ymin>
<xmax>78</xmax>
<ymax>316</ymax>
</bndbox>
</object>
<object>
<name>Car</name>
<bndbox>
<xmin>134</xmin>
<ymin>189</ymin>
<xmax>400</xmax>
<ymax>326</ymax>
</bndbox>
</object>
<object>
<name>Car</name>
<bndbox>
<xmin>55</xmin>
<ymin>186</ymin>
<xmax>215</xmax>
<ymax>246</ymax>
</bndbox>
</object>
<object>
<name>Car</name>
<bndbox>
<xmin>219</xmin>
<ymin>163</ymin>
<xmax>322</xmax>
<ymax>220</ymax>
</bndbox>
</object>
<object>
<name>Car</name>
<bndbox>
<xmin>658</xmin>
<ymin>183</ymin>
<xmax>692</xmax>
<ymax>209</ymax>
</bndbox>
</object>
<object>
<name>Car</name>
<bndbox>
<xmin>717</xmin>
<ymin>182</ymin>
<xmax>748</xmax>
<ymax>199</ymax>
</bndbox>
</object>
</annotation>
