<?xml version="1.0" ?>
<annotation>
<folder>KITTI</folder>
<filename>000575.png</filename>
<source>
<database>The KITTI Database</database>
<annotation>KITTI</annotation>
</source>
<size>
<width>1242</width>
<height>375</height>
<depth>3</depth>
</size>
<object>
<name>Car</name>
<bndbox>
<xmin>140</xmin>
<ymin>193</ymin>
<xmax>406</xmax>
<ymax>337</ymax>
</bndbox>
</object>
<object>
<name>Car</name>
<bndbox>
<xmin>445</xmin>
<ymin>182</ymin>
<xmax>507</xmax>
<ymax>228</ymax>
</bndbox>
</object>
<object>
<name>Car</name>
<bndbox>
<xmin>479</xmin>
<ymin>152</ymin>
<xmax>536</xmax>
<ymax>211</ymax>
</bndbox>
</object>
<object>
<name>Car</name>
<bndbox>
<xmin>543</xmin>
<ymin>177</ymin>
<xmax>586</xmax>
<ymax>214</ymax>
</bndbox>
</object>
<object>
<name>Cyclist</name>
<bndbox>
<xmin>981</xmin>
<ymin>130</ymin>
<xmax>1143</xmax>
<ymax>305</ymax>
</bndbox>
</object>
<object>
<name>Car</name>
<bndbox>
<xmin>525</xmin>
<ymin>177</ymin>
<xmax>552</xmax>
<ymax>199</ymax>
</bndbox>
</object>
</annotation>
