<?xml version="1.0" ?>
<annotation>
<folder>KITTI</folder>
<filename>000515.png</filename>
<source>
<database>The KITTI Database</database>
<annotation>KITTI</annotation>
</source>
<size>
<width>1241</width>
<height>376</height>
<depth>3</depth>
</size>
<object>
<name>Car</name>
<bndbox>
<xmin>578</xmin>
<ymin>177</ymin>
<xmax>621</xmax>
<ymax>215</ymax>
</bndbox>
</object>
<object>
<name>Car</name>
<bndbox>
<xmin>0</xmin>
<ymin>193</ymin>
<xmax>130</xmax>
<ymax>309</ymax>
</bndbox>
</object>
<object>
<name>Car</name>
<bndbox>
<xmin>150</xmin>
<ymin>176</ymin>
<xmax>321</xmax>
<ymax>263</ymax>
</bndbox>
</object>
<object>
<name>Car</name>
<bndbox>
<xmin>353</xmin>
<ymin>184</ymin>
<xmax>487</xmax>
<ymax>271</ymax>
</bndbox>
</object>
<object>
<name>Car</name>
<bndbox>
<xmin>313</xmin>
<ymin>183</ymin>
<xmax>409</xmax>
<ymax>234</ymax>
</bndbox>
</object>
<object>
<name>Car</name>
<bndbox>
<xmin>485</xmin>
<ymin>183</ymin>
<xmax>545</xmax>
<ymax>224</ymax>
</bndbox>
</object>
<object>
<name>Car</name>
<bndbox>
<xmin>450</xmin>
<ymin>180</ymin>
<xmax>492</xmax>
<ymax>207</ymax>
</bndbox>
</object>
<object>
<name>Car</name>
<bndbox>
<xmin>533</xmin>
<ymin>162</ymin>
<xmax>563</xmax>
<ymax>198</ymax>
</bndbox>
</object>
<object>
<name>Car</name>
<bndbox>
<xmin>8</xmin>
<ymin>185</ymin>
<xmax>185</xmax>
<ymax>255</ymax>
</bndbox>
</object>
</annotation>
