<?xml version="1.0" ?>
<annotation>
<folder>KITTI</folder>
<filename>000531.png</filename>
<source>
<database>The KITTI Database</database>
<annotation>KITTI</annotation>
</source>
<size>
<width>1242</width>
<height>375</height>
<depth>3</depth>
</size>
<object>
<name>Car</name>
<bndbox>
<xmin>592</xmin>
<ymin>156</ymin>
<xmax>684</xmax>
<ymax>257</ymax>
</bndbox>
</object>
<object>
<name>Car</name>
<bndbox>
<xmin>1169</xmin>
<ymin>86</ymin>
<xmax>1241</xmax>
<ymax>277</ymax>
</bndbox>
</object>
<object>
<name>Car</name>
<bndbox>
<xmin>253</xmin>
<ymin>187</ymin>
<xmax>409</xmax>
<ymax>263</ymax>
</bndbox>
</object>
<object>
<name>Car</name>
<bndbox>
<xmin>111</xmin>
<ymin>165</ymin>
<xmax>302</xmax>
<ymax>263</ymax>
</bndbox>
</object>
<object>
<name>Car</name>
<bndbox>
<xmin>502</xmin>
<ymin>173</ymin>
<xmax>570</xmax>
<ymax>221</ymax>
</bndbox>
</object>
<object>
<name>Car</name>
<bndbox>
<xmin>851</xmin>
<ymin>173</ymin>
<xmax>1004</xmax>
<ymax>248</ymax>
</bndbox>
</object>
<object>
<name>Car</name>
<bndbox>
<xmin>675</xmin>
<ymin>164</ymin>
<xmax>716</xmax>
<ymax>202</ymax>
</bndbox>
</object>
<object>
<name>Car</name>
<bndbox>
<xmin>721</xmin>
<ymin>146</ymin>
<xmax>771</xmax>
<ymax>194</ymax>
</bndbox>
</object>
<object>
<name>Car</name>
<bndbox>
<xmin>938</xmin>
<ymin>163</ymin>
<xmax>1109</xmax>
<ymax>242</ymax>
</bndbox>
</object>
<object>
<name>Car</name>
<bndbox>
<xmin>1047</xmin>
<ymin>174</ymin>
<xmax>1241</xmax>
<ymax>243</ymax>
</bndbox>
</object>
<object>
<name>Car</name>
<bndbox>
<xmin>665</xmin>
<ymin>128</ymin>
<xmax>712</xmax>
<ymax>197</ymax>
</bndbox>
</object>
<object>
<name>Car</name>
<bndbox>
<xmin>0</xmin>
<ymin>192</ymin>
<xmax>112</xmax>
<ymax>260</ymax>
</bndbox>
</object>
</annotation>
