<?xml version="1.0" ?>
<annotation>
<folder>KITTI</folder>
<filename>000675.png</filename>
<source>
<database>The KITTI Database</database>
<annotation>KITTI</annotation>
</source>
<size>
<width>1242</width>
<height>375</height>
<depth>3</depth>
</size>
<object>
<name>Pedestrian</name>
<bndbox>
<xmin>460</xmin>
<ymin>175</ymin>
<xmax>496</xmax>
<ymax>276</ymax>
</bndbox>
</object>
<object>
<name>Pedestrian</name>
<bndbox>
<xmin>427</xmin>
<ymin>170</ymin>
<xmax>461</xmax>
<ymax>277</ymax>
</bndbox>
</object>
<object>
<name>Pedestrian</name>
<bndbox>
<xmin>696</xmin>
<ymin>162</ymin>
<xmax>727</xmax>
<ymax>236</ymax>
</bndbox>
</object>
<object>
<name>Pedestrian</name>
<bndbox>
<xmin>734</xmin>
<ymin>160</ymin>
<xmax>762</xmax>
<ymax>236</ymax>
</bndbox>
</object>
<object>
<name>Pedestrian</name>
<bndbox>
<xmin>389</xmin>
<ymin>167</ymin>
<xmax>424</xmax>
<ymax>238</ymax>
</bndbox>
</object>
</annotation>
