<?xml version="1.0" ?>
<annotation>
<folder>KITTI</folder>
<filename>000611.png</filename>
<source>
<database>The KITTI Database</database>
<annotation>KITTI</annotation>
</source>
<size>
<width>1242</width>
<height>375</height>
<depth>3</depth>
</size>
<object>
<name>Car</name>
<bndbox>
<xmin>599</xmin>
<ymin>177</ymin>
<xmax>628</xmax>
<ymax>205</ymax>
</bndbox>
</object>
<object>
<name>Car</name>
<bndbox>
<xmin>639</xmin>
<ymin>163</ymin>
<xmax>683</xmax>
<ymax>194</ymax>
</bndbox>
</object>
<object>
<name>Car</name>
<bndbox>
<xmin>309</xmin>
<ymin>187</ymin>
<xmax>371</xmax>
<ymax>220</ymax>
</bndbox>
</object>
</annotation>
