<?xml version="1.0" ?>
<annotation>
<folder>KITTI</folder>
<filename>000745.png</filename>
<source>
<database>The KITTI Database</database>
<annotation>KITTI</annotation>
</source>
<size>
<width>1241</width>
<height>376</height>
<depth>3</depth>
</size>
<object>
<name>Car</name>
<bndbox>
<xmin>571</xmin>
<ymin>174</ymin>
<xmax>619</xmax>
<ymax>218</ymax>
</bndbox>
</object>
<object>
<name>Car</name>
<bndbox>
<xmin>0</xmin>
<ymin>64</ymin>
<xmax>368</xmax>
<ymax>375</ymax>
</bndbox>
</object>
<object>
<name>Car</name>
<bndbox>
<xmin>274</xmin>
<ymin>182</ymin>
<xmax>370</xmax>
<ymax>235</ymax>
</bndbox>
</object>
<object>
<name>Car</name>
<bndbox>
<xmin>401</xmin>
<ymin>169</ymin>
<xmax>491</xmax>
<ymax>234</ymax>
</bndbox>
</object>
<object>
<name>Car</name>
<bndbox>
<xmin>386</xmin>
<ymin>180</ymin>
<xmax>446</xmax>
<ymax>215</ymax>
</bndbox>
</object>
<object>
<name>Car</name>
<bndbox>
<xmin>475</xmin>
<ymin>179</ymin>
<xmax>521</xmax>
<ymax>211</ymax>
</bndbox>
</object>
<object>
<name>Car</name>
<bndbox>
<xmin>506</xmin>
<ymin>160</ymin>
<xmax>546</xmax>
<ymax>202</ymax>
</bndbox>
</object>
<object>
<name>Car</name>
<bndbox>
<xmin>532</xmin>
<ymin>177</ymin>
<xmax>556</xmax>
<ymax>198</ymax>
</bndbox>
</object>
</annotation>
