<?xml version="1.0" ?>
<annotation>
<folder>KITTI</folder>
<filename>000734.png</filename>
<source>
<database>The KITTI Database</database>
<annotation>KITTI</annotation>
</source>
<size>
<width>1242</width>
<height>375</height>
<depth>3</depth>
</size>
<object>
<name>Car</name>
<bndbox>
<xmin>665</xmin>
<ymin>175</ymin>
<xmax>791</xmax>
<ymax>261</ymax>
</bndbox>
</object>
<object>
<name>Car</name>
<bndbox>
<xmin>0</xmin>
<ymin>187</ymin>
<xmax>365</xmax>
<ymax>374</ymax>
</bndbox>
</object>
<object>
<name>Pedestrian</name>
<bndbox>
<xmin>113</xmin>
<ymin>164</ymin>
<xmax>150</xmax>
<ymax>335</ymax>
</bndbox>
</object>
<object>
<name>Car</name>
<bndbox>
<xmin>160</xmin>
<ymin>189</ymin>
<xmax>332</xmax>
<ymax>252</ymax>
</bndbox>
</object>
<object>
<name>Car</name>
<bndbox>
<xmin>500</xmin>
<ymin>173</ymin>
<xmax>551</xmax>
<ymax>217</ymax>
</bndbox>
</object>
<object>
<name>Car</name>
<bndbox>
<xmin>632</xmin>
<ymin>176</ymin>
<xmax>695</xmax>
<ymax>222</ymax>
</bndbox>
</object>
<object>
<name>Pedestrian</name>
<bndbox>
<xmin>164</xmin>
<ymin>167</ymin>
<xmax>206</xmax>
<ymax>339</ymax>
</bndbox>
</object>
<object>
<name>Car</name>
<bndbox>
<xmin>528</xmin>
<ymin>179</ymin>
<xmax>562</xmax>
<ymax>206</ymax>
</bndbox>
</object>
<object>
<name>Car</name>
<bndbox>
<xmin>619</xmin>
<ymin>170</ymin>
<xmax>649</xmax>
<ymax>202</ymax>
</bndbox>
</object>
</annotation>
