<?xml version="1.0" ?>
<annotation>
<folder>KITTI</folder>
<filename>000758.png</filename>
<source>
<database>The KITTI Database</database>
<annotation>KITTI</annotation>
</source>
<size>
<width>1242</width>
<height>375</height>
<depth>3</depth>
</size>
<object>
<name>Car</name>
<bndbox>
<xmin>280</xmin>
<ymin>174</ymin>
<xmax>326</xmax>
<ymax>194</ymax>
</bndbox>
</object>
<object>
<name>Car</name>
<bndbox>
<xmin>202</xmin>
<ymin>157</ymin>
<xmax>260</xmax>
<ymax>192</ymax>
</bndbox>
</object>
<object>
<name>Car</name>
<bndbox>
<xmin>570</xmin>
<ymin>169</ymin>
<xmax>617</xmax>
<ymax>216</ymax>
</bndbox>
</object>
</annotation>
