<?xml version="1.0" ?>
<annotation>
<folder>KITTI</folder>
<filename>000739.png</filename>
<source>
<database>The KITTI Database</database>
<annotation>KITTI</annotation>
</source>
<size>
<width>1242</width>
<height>375</height>
<depth>3</depth>
</size>
<object>
<name>Car</name>
<bndbox>
<xmin>0</xmin>
<ymin>179</ymin>
<xmax>76</xmax>
<ymax>229</ymax>
</bndbox>
</object>
<object>
<name>Car</name>
<bndbox>
<xmin>65</xmin>
<ymin>180</ymin>
<xmax>184</xmax>
<ymax>223</ymax>
</bndbox>
</object>
<object>
<name>Car</name>
<bndbox>
<xmin>431</xmin>
<ymin>183</ymin>
<xmax>516</xmax>
<ymax>239</ymax>
</bndbox>
</object>
<object>
<name>Car</name>
<bndbox>
<xmin>590</xmin>
<ymin>174</ymin>
<xmax>629</xmax>
<ymax>213</ymax>
</bndbox>
</object>
</annotation>
