<?xml version="1.0" ?>
<annotation>
<folder>KITTI</folder>
<filename>000775.png</filename>
<source>
<database>The KITTI Database</database>
<annotation>KITTI</annotation>
</source>
<size>
<width>1242</width>
<height>375</height>
<depth>3</depth>
</size>
<object>
<name>Car</name>
<bndbox>
<xmin>638</xmin>
<ymin>149</ymin>
<xmax>724</xmax>
<ymax>220</ymax>
</bndbox>
</object>
<object>
<name>Car</name>
<bndbox>
<xmin>548</xmin>
<ymin>175</ymin>
<xmax>571</xmax>
<ymax>194</ymax>
</bndbox>
</object>
</annotation>
