<?xml version="1.0" ?>
<annotation>
<folder>KITTI</folder>
<filename>000762.png</filename>
<source>
<database>The KITTI Database</database>
<annotation>KITTI</annotation>
</source>
<size>
<width>1242</width>
<height>375</height>
<depth>3</depth>
</size>
<object>
<name>Car</name>
<bndbox>
<xmin>3</xmin>
<ymin>181</ymin>
<xmax>115</xmax>
<ymax>227</ymax>
</bndbox>
</object>
<object>
<name>Car</name>
<bndbox>
<xmin>335</xmin>
<ymin>182</ymin>
<xmax>473</xmax>
<ymax>268</ymax>
</bndbox>
</object>
<object>
<name>Car</name>
<bndbox>
<xmin>258</xmin>
<ymin>177</ymin>
<xmax>309</xmax>
<ymax>203</ymax>
</bndbox>
</object>
<object>
<name>Car</name>
<bndbox>
<xmin>298</xmin>
<ymin>175</ymin>
<xmax>348</xmax>
<ymax>200</ymax>
</bndbox>
</object>
<object>
<name>Car</name>
<bndbox>
<xmin>544</xmin>
<ymin>176</ymin>
<xmax>569</xmax>
<ymax>195</ymax>
</bndbox>
</object>
<object>
<name>Car</name>
<bndbox>
<xmin>498</xmin>
<ymin>172</ymin>
<xmax>546</xmax>
<ymax>213</ymax>
</bndbox>
</object>
<object>
<name>Car</name>
<bndbox>
<xmin>586</xmin>
<ymin>174</ymin>
<xmax>624</xmax>
<ymax>211</ymax>
</bndbox>
</object>
</annotation>
