<?xml version="1.0" ?>
<annotation>
<folder>KITTI</folder>
<filename>000822.png</filename>
<source>
<database>The KITTI Database</database>
<annotation>KITTI</annotation>
</source>
<size>
<width>1238</width>
<height>374</height>
<depth>3</depth>
</size>
<object>
<name>Car</name>
<bndbox>
<xmin>545</xmin>
<ymin>172</ymin>
<xmax>584</xmax>
<ymax>202</ymax>
</bndbox>
</object>
<object>
<name>Car</name>
<bndbox>
<xmin>612</xmin>
<ymin>168</ymin>
<xmax>639</xmax>
<ymax>192</ymax>
</bndbox>
</object>
<object>
<name>Car</name>
<bndbox>
<xmin>589</xmin>
<ymin>168</ymin>
<xmax>610</xmax>
<ymax>187</ymax>
</bndbox>
</object>
</annotation>
