<?xml version="1.0" ?>
<annotation>
<folder>KITTI</folder>
<filename>000807.png</filename>
<source>
<database>The KITTI Database</database>
<annotation>KITTI</annotation>
</source>
<size>
<width>1242</width>
<height>375</height>
<depth>3</depth>
</size>
<object>
<name>Car</name>
<bndbox>
<xmin>345</xmin>
<ymin>185</ymin>
<xmax>402</xmax>
<ymax>214</ymax>
</bndbox>
</object>
<object>
<name>Car</name>
<bndbox>
<xmin>166</xmin>
<ymin>140</ymin>
<xmax>302</xmax>
<ymax>226</ymax>
</bndbox>
</object>
<object>
<name>Car</name>
<bndbox>
<xmin>264</xmin>
<ymin>145</ymin>
<xmax>359</xmax>
<ymax>212</ymax>
</bndbox>
</object>
</annotation>
