<?xml version="1.0" ?>
<annotation>
<folder>KITTI</folder>
<filename>000836.png</filename>
<source>
<database>The KITTI Database</database>
<annotation>KITTI</annotation>
</source>
<size>
<width>1242</width>
<height>375</height>
<depth>3</depth>
</size>
<object>
<name>Car</name>
<bndbox>
<xmin>612</xmin>
<ymin>174</ymin>
<xmax>666</xmax>
<ymax>226</ymax>
</bndbox>
</object>
<object>
<name>Car</name>
<bndbox>
<xmin>476</xmin>
<ymin>180</ymin>
<xmax>542</xmax>
<ymax>225</ymax>
</bndbox>
</object>
<object>
<name>Car</name>
<bndbox>
<xmin>426</xmin>
<ymin>182</ymin>
<xmax>489</xmax>
<ymax>219</ymax>
</bndbox>
</object>
</annotation>
