<?xml version="1.0" ?>
<annotation>
<folder>KITTI</folder>
<filename>000871.png</filename>
<source>
<database>The KITTI Database</database>
<annotation>KITTI</annotation>
</source>
<size>
<width>1242</width>
<height>375</height>
<depth>3</depth>
</size>
<object>
<name>Car</name>
<bndbox>
<xmin>303</xmin>
<ymin>181</ymin>
<xmax>465</xmax>
<ymax>292</ymax>
</bndbox>
</object>
<object>
<name>Car</name>
<bndbox>
<xmin>525</xmin>
<ymin>182</ymin>
<xmax>563</xmax>
<ymax>212</ymax>
</bndbox>
</object>
<object>
<name>Car</name>
<bndbox>
<xmin>565</xmin>
<ymin>181</ymin>
<xmax>583</xmax>
<ymax>198</ymax>
</bndbox>
</object>
<object>
<name>Car</name>
<bndbox>
<xmin>365</xmin>
<ymin>178</ymin>
<xmax>397</xmax>
<ymax>200</ymax>
</bndbox>
</object>
<object>
<name>Car</name>
<bndbox>
<xmin>590</xmin>
<ymin>179</ymin>
<xmax>632</xmax>
<ymax>221</ymax>
</bndbox>
</object>
</annotation>
