<?xml version="1.0" ?>
<annotation>
<folder>KITTI</folder>
<filename>000872.png</filename>
<source>
<database>The KITTI Database</database>
<annotation>KITTI</annotation>
</source>
<size>
<width>1242</width>
<height>375</height>
<depth>3</depth>
</size>
<object>
<name>Car</name>
<bndbox>
<xmin>392</xmin>
<ymin>186</ymin>
<xmax>510</xmax>
<ymax>263</ymax>
</bndbox>
</object>
<object>
<name>Car</name>
<bndbox>
<xmin>545</xmin>
<ymin>181</ymin>
<xmax>577</xmax>
<ymax>204</ymax>
</bndbox>
</object>
</annotation>
