<?xml version="1.0" ?>
<annotation>
<folder>KITTI</folder>
<filename>000830.png</filename>
<source>
<database>The KITTI Database</database>
<annotation>KITTI</annotation>
</source>
<size>
<width>1242</width>
<height>375</height>
<depth>3</depth>
</size>
<object>
<name>Car</name>
<bndbox>
<xmin>362</xmin>
<ymin>180</ymin>
<xmax>437</xmax>
<ymax>215</ymax>
</bndbox>
</object>
<object>
<name>Car</name>
<bndbox>
<xmin>703</xmin>
<ymin>175</ymin>
<xmax>734</xmax>
<ymax>202</ymax>
</bndbox>
</object>
<object>
<name>Car</name>
<bndbox>
<xmin>828</xmin>
<ymin>171</ymin>
<xmax>871</xmax>
<ymax>185</ymax>
</bndbox>
</object>
<object>
<name>Pedestrian</name>
<bndbox>
<xmin>582</xmin>
<ymin>172</ymin>
<xmax>588</xmax>
<ymax>194</ymax>
</bndbox>
</object>
<object>
<name>Car</name>
<bndbox>
<xmin>885</xmin>
<ymin>167</ymin>
<xmax>931</xmax>
<ymax>184</ymax>
</bndbox>
</object>
</annotation>
