<?xml version="1.0" ?>
<annotation>
<folder>KITTI</folder>
<filename>000986.png</filename>
<source>
<database>The KITTI Database</database>
<annotation>KITTI</annotation>
</source>
<size>
<width>1242</width>
<height>375</height>
<depth>3</depth>
</size>
<object>
<name>Car</name>
<bndbox>
<xmin>997</xmin>
<ymin>192</ymin>
<xmax>1241</xmax>
<ymax>374</ymax>
</bndbox>
</object>
<object>
<name>Car</name>
<bndbox>
<xmin>772</xmin>
<ymin>178</ymin>
<xmax>1071</xmax>
<ymax>371</ymax>
</bndbox>
</object>
<object>
<name>Car</name>
<bndbox>
<xmin>23</xmin>
<ymin>200</ymin>
<xmax>354</xmax>
<ymax>374</ymax>
</bndbox>
</object>
<object>
<name>Car</name>
<bndbox>
<xmin>294</xmin>
<ymin>187</ymin>
<xmax>444</xmax>
<ymax>294</ymax>
</bndbox>
</object>
<object>
<name>Car</name>
<bndbox>
<xmin>691</xmin>
<ymin>183</ymin>
<xmax>798</xmax>
<ymax>262</ymax>
</bndbox>
</object>
<object>
<name>Car</name>
<bndbox>
<xmin>403</xmin>
<ymin>181</ymin>
<xmax>495</xmax>
<ymax>252</ymax>
</bndbox>
</object>
<object>
<name>Car</name>
<bndbox>
<xmin>672</xmin>
<ymin>181</ymin>
<xmax>752</xmax>
<ymax>234</ymax>
</bndbox>
</object>
<object>
<name>Car</name>
<bndbox>
<xmin>648</xmin>
<ymin>148</ymin>
<xmax>722</xmax>
<ymax>224</ymax>
</bndbox>
</object>
<object>
<name>Car</name>
<bndbox>
<xmin>625</xmin>
<ymin>186</ymin>
<xmax>652</xmax>
<ymax>207</ymax>
</bndbox>
</object>
<object>
<name>Car</name>
<bndbox>
<xmin>518</xmin>
<ymin>191</ymin>
<xmax>546</xmax>
<ymax>211</ymax>
</bndbox>
</object>
<object>
<name>Car</name>
<bndbox>
<xmin>605</xmin>
<ymin>184</ymin>
<xmax>637</xmax>
<ymax>206</ymax>
</bndbox>
</object>
<object>
<name>Car</name>
<bndbox>
<xmin>583</xmin>
<ymin>187</ymin>
<xmax>607</xmax>
<ymax>203</ymax>
</bndbox>
</object>
</annotation>
