<?xml version="1.0" ?>
<annotation>
<folder>KITTI</folder>
<filename>000995.png</filename>
<source>
<database>The KITTI Database</database>
<annotation>KITTI</annotation>
</source>
<size>
<width>1238</width>
<height>374</height>
<depth>3</depth>
</size>
<object>
<name>Car</name>
<bndbox>
<xmin>140</xmin>
<ymin>191</ymin>
<xmax>426</xmax>
<ymax>366</ymax>
</bndbox>
</object>
<object>
<name>Car</name>
<bndbox>
<xmin>509</xmin>
<ymin>171</ymin>
<xmax>587</xmax>
<ymax>242</ymax>
</bndbox>
</object>
<object>
<name>Car</name>
<bndbox>
<xmin>502</xmin>
<ymin>169</ymin>
<xmax>564</xmax>
<ymax>220</ymax>
</bndbox>
</object>
<object>
<name>Car</name>
<bndbox>
<xmin>89</xmin>
<ymin>127</ymin>
<xmax>344</xmax>
<ymax>276</ymax>
</bndbox>
</object>
<object>
<name>Car</name>
<bndbox>
<xmin>598</xmin>
<ymin>170</ymin>
<xmax>635</xmax>
<ymax>207</ymax>
</bndbox>
</object>
<object>
<name>Car</name>
<bndbox>
<xmin>462</xmin>
<ymin>174</ymin>
<xmax>503</xmax>
<ymax>202</ymax>
</bndbox>
</object>
</annotation>
