<?xml version="1.0" ?>
<annotation>
<folder>KITTI</folder>
<filename>000949.png</filename>
<source>
<database>The KITTI Database</database>
<annotation>KITTI</annotation>
</source>
<size>
<width>1242</width>
<height>375</height>
<depth>3</depth>
</size>
<object>
<name>Car</name>
<bndbox>
<xmin>73</xmin>
<ymin>186</ymin>
<xmax>231</xmax>
<ymax>246</ymax>
</bndbox>
</object>
<object>
<name>Car</name>
<bndbox>
<xmin>0</xmin>
<ymin>112</ymin>
<xmax>100</xmax>
<ymax>248</ymax>
</bndbox>
</object>
<object>
<name>Car</name>
<bndbox>
<xmin>46</xmin>
<ymin>122</ymin>
<xmax>240</xmax>
<ymax>232</ymax>
</bndbox>
</object>
<object>
<name>Car</name>
<bndbox>
<xmin>363</xmin>
<ymin>160</ymin>
<xmax>416</xmax>
<ymax>200</ymax>
</bndbox>
</object>
</annotation>
