<?xml version="1.0" ?>
<annotation>
<folder>KITTI</folder>
<filename>000967.png</filename>
<source>
<database>The KITTI Database</database>
<annotation>KITTI</annotation>
</source>
<size>
<width>1241</width>
<height>376</height>
<depth>3</depth>
</size>
<object>
<name>Car</name>
<bndbox>
<xmin>538</xmin>
<ymin>161</ymin>
<xmax>584</xmax>
<ymax>194</ymax>
</bndbox>
</object>
<object>
<name>Car</name>
<bndbox>
<xmin>467</xmin>
<ymin>165</ymin>
<xmax>503</xmax>
<ymax>194</ymax>
</bndbox>
</object>
<object>
<name>Car</name>
<bndbox>
<xmin>456</xmin>
<ymin>165</ymin>
<xmax>484</xmax>
<ymax>186</ymax>
</bndbox>
</object>
</annotation>
