<?xml version="1.0" ?>
<annotation>
<folder>KITTI</folder>
<filename>000973.png</filename>
<source>
<database>The KITTI Database</database>
<annotation>KITTI</annotation>
</source>
<size>
<width>1242</width>
<height>375</height>
<depth>3</depth>
</size>
<object>
<name>Car</name>
<bndbox>
<xmin>746</xmin>
<ymin>192</ymin>
<xmax>1016</xmax>
<ymax>356</ymax>
</bndbox>
</object>
<object>
<name>Car</name>
<bndbox>
<xmin>645</xmin>
<ymin>167</ymin>
<xmax>711</xmax>
<ymax>231</ymax>
</bndbox>
</object>
</annotation>
