<?xml version="1.0" ?>
<annotation>
<folder>KITTI</folder>
<filename>000914.png</filename>
<source>
<database>The KITTI Database</database>
<annotation>KITTI</annotation>
</source>
<size>
<width>1242</width>
<height>375</height>
<depth>3</depth>
</size>
<object>
<name>Car</name>
<bndbox>
<xmin>757</xmin>
<ymin>165</ymin>
<xmax>832</xmax>
<ymax>230</ymax>
</bndbox>
</object>
<object>
<name>Car</name>
<bndbox>
<xmin>0</xmin>
<ymin>188</ymin>
<xmax>92</xmax>
<ymax>328</ymax>
</bndbox>
</object>
<object>
<name>Car</name>
<bndbox>
<xmin>369</xmin>
<ymin>181</ymin>
<xmax>510</xmax>
<ymax>240</ymax>
</bndbox>
</object>
<object>
<name>Car</name>
<bndbox>
<xmin>979</xmin>
<ymin>157</ymin>
<xmax>1076</xmax>
<ymax>190</ymax>
</bndbox>
</object>
</annotation>
