<?xml version="1.0" ?>
<annotation>
<folder>KITTI</folder>
<filename>001060.png</filename>
<source>
<database>The KITTI Database</database>
<annotation>KITTI</annotation>
</source>
<size>
<width>1242</width>
<height>375</height>
<depth>3</depth>
</size>
<object>
<name>Car</name>
<bndbox>
<xmin>693</xmin>
<ymin>173</ymin>
<xmax>714</xmax>
<ymax>190</ymax>
</bndbox>
</object>
<object>
<name>Car</name>
<bndbox>
<xmin>732</xmin>
<ymin>164</ymin>
<xmax>754</xmax>
<ymax>186</ymax>
</bndbox>
</object>
<object>
<name>Car</name>
<bndbox>
<xmin>598</xmin>
<ymin>176</ymin>
<xmax>659</xmax>
<ymax>209</ymax>
</bndbox>
</object>
<object>
<name>Car</name>
<bndbox>
<xmin>0</xmin>
<ymin>151</ymin>
<xmax>192</xmax>
<ymax>274</ymax>
</bndbox>
</object>
<object>
<name>Car</name>
<bndbox>
<xmin>392</xmin>
<ymin>126</ymin>
<xmax>537</xmax>
<ymax>218</ymax>
</bndbox>
</object>
<object>
<name>Car</name>
<bndbox>
<xmin>307</xmin>
<ymin>183</ymin>
<xmax>548</xmax>
<ymax>300</ymax>
</bndbox>
</object>
<object>
<name>Car</name>
<bndbox>
<xmin>574</xmin>
<ymin>159</ymin>
<xmax>635</xmax>
<ymax>188</ymax>
</bndbox>
</object>
</annotation>
