<?xml version="1.0" ?>
<annotation>
<folder>KITTI</folder>
<filename>001008.png</filename>
<source>
<database>The KITTI Database</database>
<annotation>KITTI</annotation>
</source>
<size>
<width>1238</width>
<height>374</height>
<depth>3</depth>
</size>
<object>
<name>Pedestrian</name>
<bndbox>
<xmin>936</xmin>
<ymin>150</ymin>
<xmax>1000</xmax>
<ymax>287</ymax>
</bndbox>
</object>
<object>
<name>Cyclist</name>
<bndbox>
<xmin>0</xmin>
<ymin>150</ymin>
<xmax>355</xmax>
<ymax>373</ymax>
</bndbox>
</object>
<object>
<name>Car</name>
<bndbox>
<xmin>610</xmin>
<ymin>162</ymin>
<xmax>649</xmax>
<ymax>195</ymax>
</bndbox>
</object>
<object>
<name>Pedestrian</name>
<bndbox>
<xmin>789</xmin>
<ymin>153</ymin>
<xmax>812</xmax>
<ymax>223</ymax>
</bndbox>
</object>
<object>
<name>Car</name>
<bndbox>
<xmin>674</xmin>
<ymin>133</ymin>
<xmax>734</xmax>
<ymax>203</ymax>
</bndbox>
</object>
</annotation>
