<?xml version="1.0" ?>
<annotation>
<folder>KITTI</folder>
<filename>001040.png</filename>
<source>
<database>The KITTI Database</database>
<annotation>KITTI</annotation>
</source>
<size>
<width>1242</width>
<height>375</height>
<depth>3</depth>
</size>
<object>
<name>Car</name>
<bndbox>
<xmin>650</xmin>
<ymin>147</ymin>
<xmax>715</xmax>
<ymax>185</ymax>
</bndbox>
</object>
<object>
<name>Car</name>
<bndbox>
<xmin>0</xmin>
<ymin>197</ymin>
<xmax>215</xmax>
<ymax>305</ymax>
</bndbox>
</object>
<object>
<name>Car</name>
<bndbox>
<xmin>174</xmin>
<ymin>191</ymin>
<xmax>317</xmax>
<ymax>260</ymax>
</bndbox>
</object>
<object>
<name>Car</name>
<bndbox>
<xmin>412</xmin>
<ymin>180</ymin>
<xmax>466</xmax>
<ymax>213</ymax>
</bndbox>
</object>
<object>
<name>Cyclist</name>
<bndbox>
<xmin>863</xmin>
<ymin>154</ymin>
<xmax>888</xmax>
<ymax>198</ymax>
</bndbox>
</object>
</annotation>
