<?xml version="1.0" ?>
<annotation>
<folder>KITTI</folder>
<filename>001099.png</filename>
<source>
<database>The KITTI Database</database>
<annotation>KITTI</annotation>
</source>
<size>
<width>1242</width>
<height>375</height>
<depth>3</depth>
</size>
<object>
<name>Car</name>
<bndbox>
<xmin>662</xmin>
<ymin>159</ymin>
<xmax>731</xmax>
<ymax>224</ymax>
</bndbox>
</object>
<object>
<name>Car</name>
<bndbox>
<xmin>551</xmin>
<ymin>177</ymin>
<xmax>581</xmax>
<ymax>201</ymax>
</bndbox>
</object>
</annotation>
