<?xml version="1.0" ?>
<annotation>
<folder>KITTI</folder>
<filename>001053.png</filename>
<source>
<database>The KITTI Database</database>
<annotation>KITTI</annotation>
</source>
<size>
<width>1242</width>
<height>375</height>
<depth>3</depth>
</size>
<object>
<name>Car</name>
<bndbox>
<xmin>591</xmin>
<ymin>162</ymin>
<xmax>620</xmax>
<ymax>193</ymax>
</bndbox>
</object>
<object>
<name>Car</name>
<bndbox>
<xmin>401</xmin>
<ymin>185</ymin>
<xmax>440</xmax>
<ymax>204</ymax>
</bndbox>
</object>
</annotation>
