<?xml version="1.0" ?>
<annotation>
<folder>KITTI</folder>
<filename>001080.png</filename>
<source>
<database>The KITTI Database</database>
<annotation>KITTI</annotation>
</source>
<size>
<width>1242</width>
<height>375</height>
<depth>3</depth>
</size>
<object>
<name>Car</name>
<bndbox>
<xmin>606</xmin>
<ymin>176</ymin>
<xmax>662</xmax>
<ymax>228</ymax>
</bndbox>
</object>
<object>
<name>Car</name>
<bndbox>
<xmin>556</xmin>
<ymin>177</ymin>
<xmax>593</xmax>
<ymax>202</ymax>
</bndbox>
</object>
<object>
<name>Car</name>
<bndbox>
<xmin>521</xmin>
<ymin>179</ymin>
<xmax>557</xmax>
<ymax>201</ymax>
</bndbox>
</object>
</annotation>
