<?xml version="1.0" ?>
<annotation>
<folder>KITTI</folder>
<filename>001068.png</filename>
<source>
<database>The KITTI Database</database>
<annotation>KITTI</annotation>
</source>
<size>
<width>1238</width>
<height>374</height>
<depth>3</depth>
</size>
<object>
<name>Pedestrian</name>
<bndbox>
<xmin>662</xmin>
<ymin>159</ymin>
<xmax>732</xmax>
<ymax>350</ymax>
</bndbox>
</object>
<object>
<name>Pedestrian</name>
<bndbox>
<xmin>721</xmin>
<ymin>152</ymin>
<xmax>803</xmax>
<ymax>349</ymax>
</bndbox>
</object>
<object>
<name>Pedestrian</name>
<bndbox>
<xmin>205</xmin>
<ymin>154</ymin>
<xmax>288</xmax>
<ymax>347</ymax>
</bndbox>
</object>
<object>
<name>Cyclist</name>
<bndbox>
<xmin>210</xmin>
<ymin>152</ymin>
<xmax>370</xmax>
<ymax>373</ymax>
</bndbox>
</object>
<object>
<name>Pedestrian</name>
<bndbox>
<xmin>782</xmin>
<ymin>160</ymin>
<xmax>813</xmax>
<ymax>235</ymax>
</bndbox>
</object>
<object>
<name>Pedestrian</name>
<bndbox>
<xmin>813</xmin>
<ymin>159</ymin>
<xmax>828</xmax>
<ymax>213</ymax>
</bndbox>
</object>
<object>
<name>Pedestrian</name>
<bndbox>
<xmin>842</xmin>
<ymin>160</ymin>
<xmax>871</xmax>
<ymax>254</ymax>
</bndbox>
</object>
<object>
<name>Car</name>
<bndbox>
<xmin>515</xmin>
<ymin>166</ymin>
<xmax>562</xmax>
<ymax>209</ymax>
</bndbox>
</object>
</annotation>
