<?xml version="1.0" ?>
<annotation>
<folder>KITTI</folder>
<filename>001041.png</filename>
<source>
<database>The KITTI Database</database>
<annotation>KITTI</annotation>
</source>
<size>
<width>1242</width>
<height>375</height>
<depth>3</depth>
</size>
<object>
<name>Car</name>
<bndbox>
<xmin>92</xmin>
<ymin>197</ymin>
<xmax>440</xmax>
<ymax>374</ymax>
</bndbox>
</object>
<object>
<name>Car</name>
<bndbox>
<xmin>547</xmin>
<ymin>161</ymin>
<xmax>575</xmax>
<ymax>189</ymax>
</bndbox>
</object>
</annotation>
