<?xml version="1.0" ?>
<annotation>
<folder>KITTI</folder>
<filename>001146.png</filename>
<source>
<database>The KITTI Database</database>
<annotation>KITTI</annotation>
</source>
<size>
<width>1242</width>
<height>375</height>
<depth>3</depth>
</size>
<object>
<name>Car</name>
<bndbox>
<xmin>78</xmin>
<ymin>154</ymin>
<xmax>440</xmax>
<ymax>374</ymax>
</bndbox>
</object>
<object>
<name>Car</name>
<bndbox>
<xmin>386</xmin>
<ymin>191</ymin>
<xmax>500</xmax>
<ymax>270</ymax>
</bndbox>
</object>
<object>
<name>Car</name>
<bndbox>
<xmin>506</xmin>
<ymin>182</ymin>
<xmax>551</xmax>
<ymax>224</ymax>
</bndbox>
</object>
<object>
<name>Car</name>
<bndbox>
<xmin>538</xmin>
<ymin>185</ymin>
<xmax>568</xmax>
<ymax>212</ymax>
</bndbox>
</object>
<object>
<name>Car</name>
<bndbox>
<xmin>563</xmin>
<ymin>180</ymin>
<xmax>595</xmax>
<ymax>201</ymax>
</bndbox>
</object>
</annotation>
