<?xml version="1.0" ?>
<annotation>
<folder>KITTI</folder>
<filename>001127.png</filename>
<source>
<database>The KITTI Database</database>
<annotation>KITTI</annotation>
</source>
<size>
<width>1242</width>
<height>375</height>
<depth>3</depth>
</size>
<object>
<name>Car</name>
<bndbox>
<xmin>0</xmin>
<ymin>177</ymin>
<xmax>276</xmax>
<ymax>374</ymax>
</bndbox>
</object>
<object>
<name>Car</name>
<bndbox>
<xmin>881</xmin>
<ymin>219</ymin>
<xmax>1241</xmax>
<ymax>374</ymax>
</bndbox>
</object>
<object>
<name>Car</name>
<bndbox>
<xmin>336</xmin>
<ymin>181</ymin>
<xmax>479</xmax>
<ymax>284</ymax>
</bndbox>
</object>
<object>
<name>Car</name>
<bndbox>
<xmin>697</xmin>
<ymin>185</ymin>
<xmax>801</xmax>
<ymax>256</ymax>
</bndbox>
</object>
<object>
<name>Car</name>
<bndbox>
<xmin>445</xmin>
<ymin>179</ymin>
<xmax>530</xmax>
<ymax>238</ymax>
</bndbox>
</object>
<object>
<name>Car</name>
<bndbox>
<xmin>655</xmin>
<ymin>178</ymin>
<xmax>691</xmax>
<ymax>209</ymax>
</bndbox>
</object>
<object>
<name>Car</name>
<bndbox>
<xmin>640</xmin>
<ymin>164</ymin>
<xmax>676</xmax>
<ymax>201</ymax>
</bndbox>
</object>
</annotation>
