<?xml version="1.0" ?>
<annotation>
<folder>KITTI</folder>
<filename>001179.png</filename>
<source>
<database>The KITTI Database</database>
<annotation>KITTI</annotation>
</source>
<size>
<width>1242</width>
<height>375</height>
<depth>3</depth>
</size>
<object>
<name>Car</name>
<bndbox>
<xmin>175</xmin>
<ymin>187</ymin>
<xmax>392</xmax>
<ymax>293</ymax>
</bndbox>
</object>
<object>
<name>Cyclist</name>
<bndbox>
<xmin>392</xmin>
<ymin>166</ymin>
<xmax>460</xmax>
<ymax>271</ymax>
</bndbox>
</object>
<object>
<name>Car</name>
<bndbox>
<xmin>461</xmin>
<ymin>176</ymin>
<xmax>526</xmax>
<ymax>212</ymax>
</bndbox>
</object>
<object>
<name>Car</name>
<bndbox>
<xmin>652</xmin>
<ymin>169</ymin>
<xmax>694</xmax>
<ymax>204</ymax>
</bndbox>
</object>
</annotation>
