<?xml version="1.0" ?>
<annotation>
<folder>KITTI</folder>
<filename>001168.png</filename>
<source>
<database>The KITTI Database</database>
<annotation>KITTI</annotation>
</source>
<size>
<width>1242</width>
<height>375</height>
<depth>3</depth>
</size>
<object>
<name>Car</name>
<bndbox>
<xmin>567</xmin>
<ymin>182</ymin>
<xmax>618</xmax>
<ymax>232</ymax>
</bndbox>
</object>
<object>
<name>Car</name>
<bndbox>
<xmin>344</xmin>
<ymin>196</ymin>
<xmax>427</xmax>
<ymax>247</ymax>
</bndbox>
</object>
<object>
<name>Car</name>
<bndbox>
<xmin>493</xmin>
<ymin>188</ymin>
<xmax>541</xmax>
<ymax>223</ymax>
</bndbox>
</object>
<object>
<name>Cyclist</name>
<bndbox>
<xmin>83</xmin>
<ymin>197</ymin>
<xmax>153</xmax>
<ymax>271</ymax>
</bndbox>
</object>
</annotation>
