<?xml version="1.0" ?>
<annotation>
<folder>KITTI</folder>
<filename>001147.png</filename>
<source>
<database>The KITTI Database</database>
<annotation>KITTI</annotation>
</source>
<size>
<width>1242</width>
<height>375</height>
<depth>3</depth>
</size>
<object>
<name>Cyclist</name>
<bndbox>
<xmin>844</xmin>
<ymin>185</ymin>
<xmax>893</xmax>
<ymax>274</ymax>
</bndbox>
</object>
<object>
<name>Car</name>
<bndbox>
<xmin>364</xmin>
<ymin>187</ymin>
<xmax>505</xmax>
<ymax>294</ymax>
</bndbox>
</object>
<object>
<name>Car</name>
<bndbox>
<xmin>698</xmin>
<ymin>175</ymin>
<xmax>847</xmax>
<ymax>289</ymax>
</bndbox>
</object>
<object>
<name>Car</name>
<bndbox>
<xmin>677</xmin>
<ymin>182</ymin>
<xmax>768</xmax>
<ymax>249</ymax>
</bndbox>
</object>
<object>
<name>Car</name>
<bndbox>
<xmin>659</xmin>
<ymin>170</ymin>
<xmax>735</xmax>
<ymax>234</ymax>
</bndbox>
</object>
<object>
<name>Car</name>
<bndbox>
<xmin>528</xmin>
<ymin>177</ymin>
<xmax>568</xmax>
<ymax>210</ymax>
</bndbox>
</object>
<object>
<name>Car</name>
<bndbox>
<xmin>644</xmin>
<ymin>167</ymin>
<xmax>689</xmax>
<ymax>210</ymax>
</bndbox>
</object>
</annotation>
