<?xml version="1.0" ?>
<annotation>
<folder>KITTI</folder>
<filename>001122.png</filename>
<source>
<database>The KITTI Database</database>
<annotation>KITTI</annotation>
</source>
<size>
<width>1242</width>
<height>375</height>
<depth>3</depth>
</size>
<object>
<name>Car</name>
<bndbox>
<xmin>607</xmin>
<ymin>137</ymin>
<xmax>672</xmax>
<ymax>203</ymax>
</bndbox>
</object>
<object>
<name>Car</name>
<bndbox>
<xmin>325</xmin>
<ymin>178</ymin>
<xmax>371</xmax>
<ymax>202</ymax>
</bndbox>
</object>
<object>
<name>Car</name>
<bndbox>
<xmin>354</xmin>
<ymin>180</ymin>
<xmax>396</xmax>
<ymax>199</ymax>
</bndbox>
</object>
</annotation>
