<?xml version="1.0" ?>
<annotation>
<folder>KITTI</folder>
<filename>001169.png</filename>
<source>
<database>The KITTI Database</database>
<annotation>KITTI</annotation>
</source>
<size>
<width>1224</width>
<height>370</height>
<depth>3</depth>
</size>
<object>
<name>Cyclist</name>
<bndbox>
<xmin>806</xmin>
<ymin>149</ymin>
<xmax>858</xmax>
<ymax>265</ymax>
</bndbox>
</object>
<object>
<name>Pedestrian</name>
<bndbox>
<xmin>646</xmin>
<ymin>164</ymin>
<xmax>685</xmax>
<ymax>258</ymax>
</bndbox>
</object>
<object>
<name>Cyclist</name>
<bndbox>
<xmin>470</xmin>
<ymin>163</ymin>
<xmax>506</xmax>
<ymax>218</ymax>
</bndbox>
</object>
<object>
<name>Pedestrian</name>
<bndbox>
<xmin>827</xmin>
<ymin>150</ymin>
<xmax>852</xmax>
<ymax>224</ymax>
</bndbox>
</object>
<object>
<name>Pedestrian</name>
<bndbox>
<xmin>667</xmin>
<ymin>156</ymin>
<xmax>685</xmax>
<ymax>199</ymax>
</bndbox>
</object>
<object>
<name>Pedestrian</name>
<bndbox>
<xmin>652</xmin>
<ymin>159</ymin>
<xmax>668</xmax>
<ymax>200</ymax>
</bndbox>
</object>
<object>
<name>Pedestrian</name>
<bndbox>
<xmin>658</xmin>
<ymin>159</ymin>
<xmax>672</xmax>
<ymax>199</ymax>
</bndbox>
</object>
<object>
<name>Pedestrian</name>
<bndbox>
<xmin>708</xmin>
<ymin>152</ymin>
<xmax>719</xmax>
<ymax>193</ymax>
</bndbox>
</object>
<object>
<name>Pedestrian</name>
<bndbox>
<xmin>718</xmin>
<ymin>150</ymin>
<xmax>737</xmax>
<ymax>195</ymax>
</bndbox>
</object>
</annotation>
