<?xml version="1.0" ?>
<annotation>
<folder>KITTI</folder>
<filename>001271.png</filename>
<source>
<database>The KITTI Database</database>
<annotation>KITTI</annotation>
</source>
<size>
<width>1242</width>
<height>375</height>
<depth>3</depth>
</size>
<object>
<name>Car</name>
<bndbox>
<xmin>252</xmin>
<ymin>173</ymin>
<xmax>448</xmax>
<ymax>296</ymax>
</bndbox>
</object>
<object>
<name>Car</name>
<bndbox>
<xmin>638</xmin>
<ymin>187</ymin>
<xmax>663</xmax>
<ymax>207</ymax>
</bndbox>
</object>
</annotation>
