<?xml version="1.0" ?>
<annotation>
<folder>KITTI</folder>
<filename>001206.png</filename>
<source>
<database>The KITTI Database</database>
<annotation>KITTI</annotation>
</source>
<size>
<width>1242</width>
<height>375</height>
<depth>3</depth>
</size>
<object>
<name>Car</name>
<bndbox>
<xmin>551</xmin>
<ymin>185</ymin>
<xmax>736</xmax>
<ymax>361</ymax>
</bndbox>
</object>
<object>
<name>Car</name>
<bndbox>
<xmin>0</xmin>
<ymin>186</ymin>
<xmax>223</xmax>
<ymax>374</ymax>
</bndbox>
</object>
<object>
<name>Car</name>
<bndbox>
<xmin>741</xmin>
<ymin>0</ymin>
<xmax>1241</xmax>
<ymax>374</ymax>
</bndbox>
</object>
<object>
<name>Car</name>
<bndbox>
<xmin>171</xmin>
<ymin>118</ymin>
<xmax>475</xmax>
<ymax>329</ymax>
</bndbox>
</object>
<object>
<name>Car</name>
<bndbox>
<xmin>394</xmin>
<ymin>179</ymin>
<xmax>507</xmax>
<ymax>251</ymax>
</bndbox>
</object>
<object>
<name>Car</name>
<bndbox>
<xmin>455</xmin>
<ymin>165</ymin>
<xmax>526</xmax>
<ymax>225</ymax>
</bndbox>
</object>
<object>
<name>Car</name>
<bndbox>
<xmin>697</xmin>
<ymin>176</ymin>
<xmax>763</xmax>
<ymax>219</ymax>
</bndbox>
</object>
<object>
<name>Car</name>
<bndbox>
<xmin>672</xmin>
<ymin>163</ymin>
<xmax>727</xmax>
<ymax>206</ymax>
</bndbox>
</object>
</annotation>
