<?xml version="1.0" ?>
<annotation>
<folder>KITTI</folder>
<filename>001281.png</filename>
<source>
<database>The KITTI Database</database>
<annotation>KITTI</annotation>
</source>
<size>
<width>1242</width>
<height>375</height>
<depth>3</depth>
</size>
<object>
<name>Car</name>
<bndbox>
<xmin>597</xmin>
<ymin>156</ymin>
<xmax>628</xmax>
<ymax>189</ymax>
</bndbox>
</object>
<object>
<name>Cyclist</name>
<bndbox>
<xmin>234</xmin>
<ymin>182</ymin>
<xmax>259</xmax>
<ymax>212</ymax>
</bndbox>
</object>
<object>
<name>Car</name>
<bndbox>
<xmin>255</xmin>
<ymin>185</ymin>
<xmax>324</xmax>
<ymax>220</ymax>
</bndbox>
</object>
<object>
<name>Car</name>
<bndbox>
<xmin>482</xmin>
<ymin>176</ymin>
<xmax>504</xmax>
<ymax>191</ymax>
</bndbox>
</object>
<object>
<name>Cyclist</name>
<bndbox>
<xmin>685</xmin>
<ymin>162</ymin>
<xmax>701</xmax>
<ymax>197</ymax>
</bndbox>
</object>
</annotation>
