<?xml version="1.0" ?>
<annotation>
<folder>KITTI</folder>
<filename>001295.png</filename>
<source>
<database>The KITTI Database</database>
<annotation>KITTI</annotation>
</source>
<size>
<width>1224</width>
<height>370</height>
<depth>3</depth>
</size>
<object>
<name>Car</name>
<bndbox>
<xmin>951</xmin>
<ymin>140</ymin>
<xmax>1110</xmax>
<ymax>191</ymax>
</bndbox>
</object>
<object>
<name>Car</name>
<bndbox>
<xmin>511</xmin>
<ymin>173</ymin>
<xmax>552</xmax>
<ymax>204</ymax>
</bndbox>
</object>
<object>
<name>Cyclist</name>
<bndbox>
<xmin>657</xmin>
<ymin>166</ymin>
<xmax>688</xmax>
<ymax>196</ymax>
</bndbox>
</object>
<object>
<name>Cyclist</name>
<bndbox>
<xmin>599</xmin>
<ymin>166</ymin>
<xmax>629</xmax>
<ymax>196</ymax>
</bndbox>
</object>
<object>
<name>Cyclist</name>
<bndbox>
<xmin>373</xmin>
<ymin>177</ymin>
<xmax>400</xmax>
<ymax>214</ymax>
</bndbox>
</object>
<object>
<name>Pedestrian</name>
<bndbox>
<xmin>550</xmin>
<ymin>168</ymin>
<xmax>565</xmax>
<ymax>199</ymax>
</bndbox>
</object>
<object>
<name>Pedestrian</name>
<bndbox>
<xmin>446</xmin>
<ymin>174</ymin>
<xmax>460</xmax>
<ymax>207</ymax>
</bndbox>
</object>
</annotation>
