<?xml version="1.0" ?>
<annotation>
<folder>KITTI</folder>
<filename>001204.png</filename>
<source>
<database>The KITTI Database</database>
<annotation>KITTI</annotation>
</source>
<size>
<width>1242</width>
<height>375</height>
<depth>3</depth>
</size>
<object>
<name>Car</name>
<bndbox>
<xmin>559</xmin>
<ymin>188</ymin>
<xmax>695</xmax>
<ymax>275</ymax>
</bndbox>
</object>
<object>
<name>Car</name>
<bndbox>
<xmin>560</xmin>
<ymin>189</ymin>
<xmax>777</xmax>
<ymax>315</ymax>
</bndbox>
</object>
<object>
<name>Car</name>
<bndbox>
<xmin>0</xmin>
<ymin>203</ymin>
<xmax>404</xmax>
<ymax>374</ymax>
</bndbox>
</object>
<object>
<name>Car</name>
<bndbox>
<xmin>650</xmin>
<ymin>186</ymin>
<xmax>747</xmax>
<ymax>245</ymax>
</bndbox>
</object>
<object>
<name>Car</name>
<bndbox>
<xmin>722</xmin>
<ymin>186</ymin>
<xmax>779</xmax>
<ymax>227</ymax>
</bndbox>
</object>
<object>
<name>Cyclist</name>
<bndbox>
<xmin>962</xmin>
<ymin>170</ymin>
<xmax>979</xmax>
<ymax>207</ymax>
</bndbox>
</object>
<object>
<name>Car</name>
<bndbox>
<xmin>797</xmin>
<ymin>164</ymin>
<xmax>833</xmax>
<ymax>204</ymax>
</bndbox>
</object>
<object>
<name>Car</name>
<bndbox>
<xmin>781</xmin>
<ymin>182</ymin>
<xmax>815</xmax>
<ymax>209</ymax>
</bndbox>
</object>
</annotation>
