<?xml version="1.0" ?>
<annotation>
<folder>KITTI</folder>
<filename>001386.png</filename>
<source>
<database>The KITTI Database</database>
<annotation>KITTI</annotation>
</source>
<size>
<width>1242</width>
<height>375</height>
<depth>3</depth>
</size>
<object>
<name>Car</name>
<bndbox>
<xmin>1089</xmin>
<ymin>164</ymin>
<xmax>1241</xmax>
<ymax>280</ymax>
</bndbox>
</object>
<object>
<name>Car</name>
<bndbox>
<xmin>145</xmin>
<ymin>177</ymin>
<xmax>341</xmax>
<ymax>256</ymax>
</bndbox>
</object>
</annotation>
