<?xml version="1.0" ?>
<annotation>
<folder>KITTI</folder>
<filename>001360.png</filename>
<source>
<database>The KITTI Database</database>
<annotation>KITTI</annotation>
</source>
<size>
<width>1242</width>
<height>375</height>
<depth>3</depth>
</size>
<object>
<name>Car</name>
<bndbox>
<xmin>0</xmin>
<ymin>58</ymin>
<xmax>406</xmax>
<ymax>374</ymax>
</bndbox>
</object>
<object>
<name>Car</name>
<bndbox>
<xmin>377</xmin>
<ymin>178</ymin>
<xmax>517</xmax>
<ymax>245</ymax>
</bndbox>
</object>
<object>
<name>Pedestrian</name>
<bndbox>
<xmin>509</xmin>
<ymin>162</ymin>
<xmax>535</xmax>
<ymax>235</ymax>
</bndbox>
</object>
<object>
<name>Pedestrian</name>
<bndbox>
<xmin>537</xmin>
<ymin>167</ymin>
<xmax>553</xmax>
<ymax>224</ymax>
</bndbox>
</object>
<object>
<name>Pedestrian</name>
<bndbox>
<xmin>544</xmin>
<ymin>165</ymin>
<xmax>562</xmax>
<ymax>224</ymax>
</bndbox>
</object>
<object>
<name>Cyclist</name>
<bndbox>
<xmin>809</xmin>
<ymin>160</ymin>
<xmax>861</xmax>
<ymax>205</ymax>
</bndbox>
</object>
<object>
<name>Car</name>
<bndbox>
<xmin>1100</xmin>
<ymin>160</ymin>
<xmax>1233</xmax>
<ymax>200</ymax>
</bndbox>
</object>
</annotation>
