<?xml version="1.0" ?>
<annotation>
<folder>KITTI</folder>
<filename>001498.png</filename>
<source>
<database>The KITTI Database</database>
<annotation>KITTI</annotation>
</source>
<size>
<width>1242</width>
<height>375</height>
<depth>3</depth>
</size>
<object>
<name>Car</name>
<bndbox>
<xmin>647</xmin>
<ymin>171</ymin>
<xmax>691</xmax>
<ymax>208</ymax>
</bndbox>
</object>
<object>
<name>Car</name>
<bndbox>
<xmin>676</xmin>
<ymin>179</ymin>
<xmax>735</xmax>
<ymax>222</ymax>
</bndbox>
</object>
<object>
<name>Car</name>
<bndbox>
<xmin>656</xmin>
<ymin>147</ymin>
<xmax>702</xmax>
<ymax>193</ymax>
</bndbox>
</object>
<object>
<name>Car</name>
<bndbox>
<xmin>781</xmin>
<ymin>176</ymin>
<xmax>869</xmax>
<ymax>223</ymax>
</bndbox>
</object>
<object>
<name>Car</name>
<bndbox>
<xmin>801</xmin>
<ymin>175</ymin>
<xmax>867</xmax>
<ymax>202</ymax>
</bndbox>
</object>
</annotation>
