<?xml version="1.0" ?>
<annotation>
<folder>KITTI</folder>
<filename>001575.png</filename>
<source>
<database>The KITTI Database</database>
<annotation>KITTI</annotation>
</source>
<size>
<width>1242</width>
<height>375</height>
<depth>3</depth>
</size>
<object>
<name>Car</name>
<bndbox>
<xmin>491</xmin>
<ymin>187</ymin>
<xmax>531</xmax>
<ymax>228</ymax>
</bndbox>
</object>
<object>
<name>Car</name>
<bndbox>
<xmin>470</xmin>
<ymin>188</ymin>
<xmax>505</xmax>
<ymax>213</ymax>
</bndbox>
</object>
</annotation>
