<?xml version="1.0" ?>
<annotation>
<folder>KITTI</folder>
<filename>001542.png</filename>
<source>
<database>The KITTI Database</database>
<annotation>KITTI</annotation>
</source>
<size>
<width>1242</width>
<height>375</height>
<depth>3</depth>
</size>
<object>
<name>Car</name>
<bndbox>
<xmin>598</xmin>
<ymin>175</ymin>
<xmax>626</xmax>
<ymax>203</ymax>
</bndbox>
</object>
<object>
<name>Car</name>
<bndbox>
<xmin>299</xmin>
<ymin>188</ymin>
<xmax>369</xmax>
<ymax>225</ymax>
</bndbox>
</object>
<object>
<name>Car</name>
<bndbox>
<xmin>365</xmin>
<ymin>184</ymin>
<xmax>428</xmax>
<ymax>222</ymax>
</bndbox>
</object>
<object>
<name>Car</name>
<bndbox>
<xmin>477</xmin>
<ymin>181</ymin>
<xmax>504</xmax>
<ymax>201</ymax>
</bndbox>
</object>
</annotation>
