<?xml version="1.0" ?>
<annotation>
<folder>KITTI</folder>
<filename>001594.png</filename>
<source>
<database>The KITTI Database</database>
<annotation>KITTI</annotation>
</source>
<size>
<width>1242</width>
<height>375</height>
<depth>3</depth>
</size>
<object>
<name>Car</name>
<bndbox>
<xmin>0</xmin>
<ymin>208</ymin>
<xmax>315</xmax>
<ymax>374</ymax>
</bndbox>
</object>
<object>
<name>Car</name>
<bndbox>
<xmin>682</xmin>
<ymin>184</ymin>
<xmax>756</xmax>
<ymax>242</ymax>
</bndbox>
</object>
<object>
<name>Car</name>
<bndbox>
<xmin>668</xmin>
<ymin>182</ymin>
<xmax>729</xmax>
<ymax>229</ymax>
</bndbox>
</object>
<object>
<name>Car</name>
<bndbox>
<xmin>652</xmin>
<ymin>163</ymin>
<xmax>708</xmax>
<ymax>220</ymax>
</bndbox>
</object>
<object>
<name>Car</name>
<bndbox>
<xmin>536</xmin>
<ymin>178</ymin>
<xmax>566</xmax>
<ymax>208</ymax>
</bndbox>
</object>
</annotation>
