<?xml version="1.0" ?>
<annotation>
<folder>KITTI</folder>
<filename>001586.png</filename>
<source>
<database>The KITTI Database</database>
<annotation>KITTI</annotation>
</source>
<size>
<width>1242</width>
<height>375</height>
<depth>3</depth>
</size>
<object>
<name>Car</name>
<bndbox>
<xmin>804</xmin>
<ymin>182</ymin>
<xmax>969</xmax>
<ymax>334</ymax>
</bndbox>
</object>
<object>
<name>Car</name>
<bndbox>
<xmin>599</xmin>
<ymin>183</ymin>
<xmax>653</xmax>
<ymax>222</ymax>
</bndbox>
</object>
<object>
<name>Car</name>
<bndbox>
<xmin>753</xmin>
<ymin>181</ymin>
<xmax>786</xmax>
<ymax>213</ymax>
</bndbox>
</object>
<object>
<name>Car</name>
<bndbox>
<xmin>652</xmin>
<ymin>183</ymin>
<xmax>685</xmax>
<ymax>207</ymax>
</bndbox>
</object>
</annotation>
