<?xml version="1.0" ?>
<annotation>
<folder>KITTI</folder>
<filename>001556.png</filename>
<source>
<database>The KITTI Database</database>
<annotation>KITTI</annotation>
</source>
<size>
<width>1242</width>
<height>375</height>
<depth>3</depth>
</size>
<object>
<name>Car</name>
<bndbox>
<xmin>192</xmin>
<ymin>170</ymin>
<xmax>257</xmax>
<ymax>203</ymax>
</bndbox>
</object>
<object>
<name>Car</name>
<bndbox>
<xmin>285</xmin>
<ymin>172</ymin>
<xmax>328</xmax>
<ymax>195</ymax>
</bndbox>
</object>
<object>
<name>Car</name>
<bndbox>
<xmin>573</xmin>
<ymin>172</ymin>
<xmax>610</xmax>
<ymax>209</ymax>
</bndbox>
</object>
</annotation>
