<?xml version="1.0" ?>
<annotation>
<folder>KITTI</folder>
<filename>001517.png</filename>
<source>
<database>The KITTI Database</database>
<annotation>KITTI</annotation>
</source>
<size>
<width>1242</width>
<height>375</height>
<depth>3</depth>
</size>
<object>
<name>Car</name>
<bndbox>
<xmin>585</xmin>
<ymin>178</ymin>
<xmax>611</xmax>
<ymax>204</ymax>
</bndbox>
</object>
<object>
<name>Car</name>
<bndbox>
<xmin>442</xmin>
<ymin>180</ymin>
<xmax>480</xmax>
<ymax>208</ymax>
</bndbox>
</object>
<object>
<name>Car</name>
<bndbox>
<xmin>418</xmin>
<ymin>176</ymin>
<xmax>455</xmax>
<ymax>206</ymax>
</bndbox>
</object>
<object>
<name>Car</name>
<bndbox>
<xmin>495</xmin>
<ymin>174</ymin>
<xmax>517</xmax>
<ymax>196</ymax>
</bndbox>
</object>
</annotation>
