<?xml version="1.0" ?>
<annotation>
<folder>KITTI</folder>
<filename>001590.png</filename>
<source>
<database>The KITTI Database</database>
<annotation>KITTI</annotation>
</source>
<size>
<width>1242</width>
<height>375</height>
<depth>3</depth>
</size>
<object>
<name>Car</name>
<bndbox>
<xmin>0</xmin>
<ymin>185</ymin>
<xmax>329</xmax>
<ymax>374</ymax>
</bndbox>
</object>
<object>
<name>Car</name>
<bndbox>
<xmin>732</xmin>
<ymin>190</ymin>
<xmax>924</xmax>
<ymax>314</ymax>
</bndbox>
</object>
<object>
<name>Car</name>
<bndbox>
<xmin>404</xmin>
<ymin>184</ymin>
<xmax>501</xmax>
<ymax>248</ymax>
</bndbox>
</object>
<object>
<name>Car</name>
<bndbox>
<xmin>479</xmin>
<ymin>173</ymin>
<xmax>534</xmax>
<ymax>220</ymax>
</bndbox>
</object>
<object>
<name>Car</name>
<bndbox>
<xmin>654</xmin>
<ymin>180</ymin>
<xmax>716</xmax>
<ymax>227</ymax>
</bndbox>
</object>
<object>
<name>Car</name>
<bndbox>
<xmin>515</xmin>
<ymin>175</ymin>
<xmax>556</xmax>
<ymax>208</ymax>
</bndbox>
</object>
</annotation>
