<?xml version="1.0" ?>
<annotation>
<folder>KITTI</folder>
<filename>001584.png</filename>
<source>
<database>The KITTI Database</database>
<annotation>KITTI</annotation>
</source>
<size>
<width>1242</width>
<height>375</height>
<depth>3</depth>
</size>
<object>
<name>Car</name>
<bndbox>
<xmin>785</xmin>
<ymin>193</ymin>
<xmax>1221</xmax>
<ymax>374</ymax>
</bndbox>
</object>
<object>
<name>Car</name>
<bndbox>
<xmin>477</xmin>
<ymin>184</ymin>
<xmax>532</xmax>
<ymax>220</ymax>
</bndbox>
</object>
<object>
<name>Car</name>
<bndbox>
<xmin>132</xmin>
<ymin>199</ymin>
<xmax>379</xmax>
<ymax>334</ymax>
</bndbox>
</object>
<object>
<name>Car</name>
<bndbox>
<xmin>309</xmin>
<ymin>191</ymin>
<xmax>450</xmax>
<ymax>274</ymax>
</bndbox>
</object>
</annotation>
