<?xml version="1.0" ?>
<annotation>
<folder>KITTI</folder>
<filename>001533.png</filename>
<source>
<database>The KITTI Database</database>
<annotation>KITTI</annotation>
</source>
<size>
<width>1241</width>
<height>376</height>
<depth>3</depth>
</size>
<object>
<name>Car</name>
<bndbox>
<xmin>577</xmin>
<ymin>173</ymin>
<xmax>645</xmax>
<ymax>236</ymax>
</bndbox>
</object>
<object>
<name>Car</name>
<bndbox>
<xmin>0</xmin>
<ymin>18</ymin>
<xmax>308</xmax>
<ymax>375</ymax>
</bndbox>
</object>
<object>
<name>Car</name>
<bndbox>
<xmin>0</xmin>
<ymin>186</ymin>
<xmax>244</xmax>
<ymax>290</ymax>
</bndbox>
</object>
<object>
<name>Car</name>
<bndbox>
<xmin>238</xmin>
<ymin>183</ymin>
<xmax>355</xmax>
<ymax>245</ymax>
</bndbox>
</object>
<object>
<name>Car</name>
<bndbox>
<xmin>366</xmin>
<ymin>176</ymin>
<xmax>486</xmax>
<ymax>259</ymax>
</bndbox>
</object>
<object>
<name>Car</name>
<bndbox>
<xmin>349</xmin>
<ymin>182</ymin>
<xmax>421</xmax>
<ymax>221</ymax>
</bndbox>
</object>
<object>
<name>Car</name>
<bndbox>
<xmin>457</xmin>
<ymin>177</ymin>
<xmax>516</xmax>
<ymax>221</ymax>
</bndbox>
</object>
<object>
<name>Car</name>
<bndbox>
<xmin>492</xmin>
<ymin>180</ymin>
<xmax>530</xmax>
<ymax>207</ymax>
</bndbox>
</object>
<object>
<name>Car</name>
<bndbox>
<xmin>516</xmin>
<ymin>179</ymin>
<xmax>547</xmax>
<ymax>202</ymax>
</bndbox>
</object>
<object>
<name>Car</name>
<bndbox>
<xmin>308</xmin>
<ymin>184</ymin>
<xmax>377</xmax>
<ymax>217</ymax>
</bndbox>
</object>
</annotation>
