<?xml version="1.0" ?>
<annotation>
<folder>KITTI</folder>
<filename>001572.png</filename>
<source>
<database>The KITTI Database</database>
<annotation>KITTI</annotation>
</source>
<size>
<width>1242</width>
<height>375</height>
<depth>3</depth>
</size>
<object>
<name>Pedestrian</name>
<bndbox>
<xmin>502</xmin>
<ymin>177</ymin>
<xmax>527</xmax>
<ymax>234</ymax>
</bndbox>
</object>
<object>
<name>Pedestrian</name>
<bndbox>
<xmin>441</xmin>
<ymin>169</ymin>
<xmax>475</xmax>
<ymax>257</ymax>
</bndbox>
</object>
<object>
<name>Pedestrian</name>
<bndbox>
<xmin>708</xmin>
<ymin>164</ymin>
<xmax>728</xmax>
<ymax>227</ymax>
</bndbox>
</object>
<object>
<name>Pedestrian</name>
<bndbox>
<xmin>726</xmin>
<ymin>165</ymin>
<xmax>748</xmax>
<ymax>225</ymax>
</bndbox>
</object>
<object>
<name>Pedestrian</name>
<bndbox>
<xmin>1222</xmin>
<ymin>164</ymin>
<xmax>1241</xmax>
<ymax>310</ymax>
</bndbox>
</object>
</annotation>
