<?xml version="1.0" ?>
<annotation>
<folder>KITTI</folder>
<filename>001622.png</filename>
<source>
<database>The KITTI Database</database>
<annotation>KITTI</annotation>
</source>
<size>
<width>1242</width>
<height>375</height>
<depth>3</depth>
</size>
<object>
<name>Pedestrian</name>
<bndbox>
<xmin>340</xmin>
<ymin>177</ymin>
<xmax>364</xmax>
<ymax>242</ymax>
</bndbox>
</object>
<object>
<name>Pedestrian</name>
<bndbox>
<xmin>251</xmin>
<ymin>168</ymin>
<xmax>275</xmax>
<ymax>227</ymax>
</bndbox>
</object>
</annotation>
