<?xml version="1.0" ?>
<annotation>
<folder>KITTI</folder>
<filename>001627.png</filename>
<source>
<database>The KITTI Database</database>
<annotation>KITTI</annotation>
</source>
<size>
<width>1242</width>
<height>375</height>
<depth>3</depth>
</size>
<object>
<name>Car</name>
<bndbox>
<xmin>552</xmin>
<ymin>171</ymin>
<xmax>712</xmax>
<ymax>325</ymax>
</bndbox>
</object>
<object>
<name>Cyclist</name>
<bndbox>
<xmin>322</xmin>
<ymin>175</ymin>
<xmax>341</xmax>
<ymax>204</ymax>
</bndbox>
</object>
<object>
<name>Car</name>
<bndbox>
<xmin>303</xmin>
<ymin>183</ymin>
<xmax>381</xmax>
<ymax>221</ymax>
</bndbox>
</object>
</annotation>
