<?xml version="1.0" ?>
<annotation>
<folder>KITTI</folder>
<filename>001631.png</filename>
<source>
<database>The KITTI Database</database>
<annotation>KITTI</annotation>
</source>
<size>
<width>1242</width>
<height>375</height>
<depth>3</depth>
</size>
<object>
<name>Car</name>
<bndbox>
<xmin>789</xmin>
<ymin>175</ymin>
<xmax>997</xmax>
<ymax>294</ymax>
</bndbox>
</object>
<object>
<name>Car</name>
<bndbox>
<xmin>762</xmin>
<ymin>166</ymin>
<xmax>879</xmax>
<ymax>249</ymax>
</bndbox>
</object>
<object>
<name>Car</name>
<bndbox>
<xmin>758</xmin>
<ymin>156</ymin>
<xmax>835</xmax>
<ymax>226</ymax>
</bndbox>
</object>
<object>
<name>Car</name>
<bndbox>
<xmin>789</xmin>
<ymin>144</ymin>
<xmax>844</xmax>
<ymax>190</ymax>
</bndbox>
</object>
</annotation>
