<?xml version="1.0" ?>
<annotation>
<folder>KITTI</folder>
<filename>001614.png</filename>
<source>
<database>The KITTI Database</database>
<annotation>KITTI</annotation>
</source>
<size>
<width>1242</width>
<height>375</height>
<depth>3</depth>
</size>
<object>
<name>Car</name>
<bndbox>
<xmin>1040</xmin>
<ymin>136</ymin>
<xmax>1241</xmax>
<ymax>313</ymax>
</bndbox>
</object>
<object>
<name>Car</name>
<bndbox>
<xmin>583</xmin>
<ymin>186</ymin>
<xmax>762</xmax>
<ymax>282</ymax>
</bndbox>
</object>
<object>
<name>Car</name>
<bndbox>
<xmin>447</xmin>
<ymin>162</ymin>
<xmax>635</xmax>
<ymax>272</ymax>
</bndbox>
</object>
<object>
<name>Car</name>
<bndbox>
<xmin>872</xmin>
<ymin>167</ymin>
<xmax>958</xmax>
<ymax>232</ymax>
</bndbox>
</object>
<object>
<name>Car</name>
<bndbox>
<xmin>1168</xmin>
<ymin>132</ymin>
<xmax>1241</xmax>
<ymax>199</ymax>
</bndbox>
</object>
<object>
<name>Car</name>
<bndbox>
<xmin>1077</xmin>
<ymin>110</ymin>
<xmax>1156</xmax>
<ymax>204</ymax>
</bndbox>
</object>
<object>
<name>Car</name>
<bndbox>
<xmin>272</xmin>
<ymin>190</ymin>
<xmax>460</xmax>
<ymax>262</ymax>
</bndbox>
</object>
<object>
<name>Car</name>
<bndbox>
<xmin>198</xmin>
<ymin>196</ymin>
<xmax>339</xmax>
<ymax>252</ymax>
</bndbox>
</object>
</annotation>
