<?xml version="1.0" ?>
<annotation>
<folder>KITTI</folder>
<filename>001699.png</filename>
<source>
<database>The KITTI Database</database>
<annotation>KITTI</annotation>
</source>
<size>
<width>1242</width>
<height>375</height>
<depth>3</depth>
</size>
<object>
<name>Car</name>
<bndbox>
<xmin>0</xmin>
<ymin>160</ymin>
<xmax>236</xmax>
<ymax>272</ymax>
</bndbox>
</object>
<object>
<name>Car</name>
<bndbox>
<xmin>56</xmin>
<ymin>181</ymin>
<xmax>282</xmax>
<ymax>259</ymax>
</bndbox>
</object>
<object>
<name>Car</name>
<bndbox>
<xmin>131</xmin>
<ymin>182</ymin>
<xmax>309</xmax>
<ymax>246</ymax>
</bndbox>
</object>
<object>
<name>Car</name>
<bndbox>
<xmin>182</xmin>
<ymin>171</ymin>
<xmax>331</xmax>
<ymax>234</ymax>
</bndbox>
</object>
<object>
<name>Car</name>
<bndbox>
<xmin>474</xmin>
<ymin>182</ymin>
<xmax>524</xmax>
<ymax>217</ymax>
</bndbox>
</object>
</annotation>
