<?xml version="1.0" ?>
<annotation>
<folder>KITTI</folder>
<filename>001698.png</filename>
<source>
<database>The KITTI Database</database>
<annotation>KITTI</annotation>
</source>
<size>
<width>1242</width>
<height>375</height>
<depth>3</depth>
</size>
<object>
<name>Car</name>
<bndbox>
<xmin>536</xmin>
<ymin>179</ymin>
<xmax>562</xmax>
<ymax>201</ymax>
</bndbox>
</object>
<object>
<name>Car</name>
<bndbox>
<xmin>469</xmin>
<ymin>178</ymin>
<xmax>529</xmax>
<ymax>227</ymax>
</bndbox>
</object>
</annotation>
