<?xml version="1.0" ?>
<annotation>
<folder>KITTI</folder>
<filename>001602.png</filename>
<source>
<database>The KITTI Database</database>
<annotation>KITTI</annotation>
</source>
<size>
<width>1242</width>
<height>375</height>
<depth>3</depth>
</size>
<object>
<name>Car</name>
<bndbox>
<xmin>821</xmin>
<ymin>175</ymin>
<xmax>931</xmax>
<ymax>245</ymax>
</bndbox>
</object>
<object>
<name>Car</name>
<bndbox>
<xmin>730</xmin>
<ymin>173</ymin>
<xmax>809</xmax>
<ymax>240</ymax>
</bndbox>
</object>
<object>
<name>Car</name>
<bndbox>
<xmin>222</xmin>
<ymin>191</ymin>
<xmax>285</xmax>
<ymax>229</ymax>
</bndbox>
</object>
<object>
<name>Car</name>
<bndbox>
<xmin>405</xmin>
<ymin>176</ymin>
<xmax>499</xmax>
<ymax>216</ymax>
</bndbox>
</object>
<object>
<name>Car</name>
<bndbox>
<xmin>0</xmin>
<ymin>192</ymin>
<xmax>42</xmax>
<ymax>225</ymax>
</bndbox>
</object>
<object>
<name>Car</name>
<bndbox>
<xmin>170</xmin>
<ymin>184</ymin>
<xmax>198</xmax>
<ymax>208</ymax>
</bndbox>
</object>
<object>
<name>Car</name>
<bndbox>
<xmin>469</xmin>
<ymin>159</ymin>
<xmax>750</xmax>
<ymax>324</ymax>
</bndbox>
</object>
<object>
<name>Car</name>
<bndbox>
<xmin>335</xmin>
<ymin>195</ymin>
<xmax>464</xmax>
<ymax>264</ymax>
</bndbox>
</object>
</annotation>
