<?xml version="1.0" ?>
<annotation>
<folder>KITTI</folder>
<filename>001709.png</filename>
<source>
<database>The KITTI Database</database>
<annotation>KITTI</annotation>
</source>
<size>
<width>1242</width>
<height>375</height>
<depth>3</depth>
</size>
<object>
<name>Car</name>
<bndbox>
<xmin>783</xmin>
<ymin>195</ymin>
<xmax>1241</xmax>
<ymax>374</ymax>
</bndbox>
</object>
<object>
<name>Car</name>
<bndbox>
<xmin>0</xmin>
<ymin>190</ymin>
<xmax>361</xmax>
<ymax>312</ymax>
</bndbox>
</object>
<object>
<name>Car</name>
<bndbox>
<xmin>696</xmin>
<ymin>187</ymin>
<xmax>807</xmax>
<ymax>256</ymax>
</bndbox>
</object>
<object>
<name>Car</name>
<bndbox>
<xmin>111</xmin>
<ymin>179</ymin>
<xmax>368</xmax>
<ymax>278</ymax>
</bndbox>
</object>
<object>
<name>Car</name>
<bndbox>
<xmin>202</xmin>
<ymin>166</ymin>
<xmax>393</xmax>
<ymax>255</ymax>
</bndbox>
</object>
<object>
<name>Car</name>
<bndbox>
<xmin>655</xmin>
<ymin>174</ymin>
<xmax>700</xmax>
<ymax>212</ymax>
</bndbox>
</object>
<object>
<name>Car</name>
<bndbox>
<xmin>419</xmin>
<ymin>178</ymin>
<xmax>512</xmax>
<ymax>215</ymax>
</bndbox>
</object>
</annotation>
