<?xml version="1.0" ?>
<annotation>
<folder>KITTI</folder>
<filename>001799.png</filename>
<source>
<database>The KITTI Database</database>
<annotation>KITTI</annotation>
</source>
<size>
<width>1242</width>
<height>375</height>
<depth>3</depth>
</size>
<object>
<name>Car</name>
<bndbox>
<xmin>563</xmin>
<ymin>176</ymin>
<xmax>615</xmax>
<ymax>227</ymax>
</bndbox>
</object>
<object>
<name>Car</name>
<bndbox>
<xmin>505</xmin>
<ymin>180</ymin>
<xmax>529</xmax>
<ymax>198</ymax>
</bndbox>
</object>
<object>
<name>Car</name>
<bndbox>
<xmin>551</xmin>
<ymin>177</ymin>
<xmax>570</xmax>
<ymax>192</ymax>
</bndbox>
</object>
</annotation>
