<?xml version="1.0" ?>
<annotation>
<folder>KITTI</folder>
<filename>001720.png</filename>
<source>
<database>The KITTI Database</database>
<annotation>KITTI</annotation>
</source>
<size>
<width>1242</width>
<height>375</height>
<depth>3</depth>
</size>
<object>
<name>Car</name>
<bndbox>
<xmin>645</xmin>
<ymin>147</ymin>
<xmax>712</xmax>
<ymax>186</ymax>
</bndbox>
</object>
<object>
<name>Car</name>
<bndbox>
<xmin>0</xmin>
<ymin>201</ymin>
<xmax>142</xmax>
<ymax>320</ymax>
</bndbox>
</object>
<object>
<name>Car</name>
<bndbox>
<xmin>100</xmin>
<ymin>193</ymin>
<xmax>277</xmax>
<ymax>274</ymax>
</bndbox>
</object>
<object>
<name>Car</name>
<bndbox>
<xmin>395</xmin>
<ymin>181</ymin>
<xmax>454</xmax>
<ymax>216</ymax>
</bndbox>
</object>
<object>
<name>Cyclist</name>
<bndbox>
<xmin>869</xmin>
<ymin>154</ymin>
<xmax>896</xmax>
<ymax>199</ymax>
</bndbox>
</object>
</annotation>
