<?xml version="1.0" ?>
<annotation>
<folder>KITTI</folder>
<filename>001701.png</filename>
<source>
<database>The KITTI Database</database>
<annotation>KITTI</annotation>
</source>
<size>
<width>1242</width>
<height>375</height>
<depth>3</depth>
</size>
<object>
<name>Car</name>
<bndbox>
<xmin>0</xmin>
<ymin>215</ymin>
<xmax>256</xmax>
<ymax>374</ymax>
</bndbox>
</object>
<object>
<name>Car</name>
<bndbox>
<xmin>584</xmin>
<ymin>189</ymin>
<xmax>650</xmax>
<ymax>235</ymax>
</bndbox>
</object>
<object>
<name>Car</name>
<bndbox>
<xmin>793</xmin>
<ymin>170</ymin>
<xmax>923</xmax>
<ymax>225</ymax>
</bndbox>
</object>
<object>
<name>Car</name>
<bndbox>
<xmin>574</xmin>
<ymin>187</ymin>
<xmax>622</xmax>
<ymax>226</ymax>
</bndbox>
</object>
<object>
<name>Car</name>
<bndbox>
<xmin>403</xmin>
<ymin>190</ymin>
<xmax>447</xmax>
<ymax>222</ymax>
</bndbox>
</object>
<object>
<name>Car</name>
<bndbox>
<xmin>722</xmin>
<ymin>179</ymin>
<xmax>833</xmax>
<ymax>216</ymax>
</bndbox>
</object>
<object>
<name>Car</name>
<bndbox>
<xmin>762</xmin>
<ymin>177</ymin>
<xmax>880</xmax>
<ymax>220</ymax>
</bndbox>
</object>
<object>
<name>Car</name>
<bndbox>
<xmin>563</xmin>
<ymin>182</ymin>
<xmax>586</xmax>
<ymax>205</ymax>
</bndbox>
</object>
<object>
<name>Car</name>
<bndbox>
<xmin>706</xmin>
<ymin>199</ymin>
<xmax>951</xmax>
<ymax>341</ymax>
</bndbox>
</object>
</annotation>
