<?xml version="1.0" ?>
<annotation>
<folder>KITTI</folder>
<filename>001773.png</filename>
<source>
<database>The KITTI Database</database>
<annotation>KITTI</annotation>
</source>
<size>
<width>1242</width>
<height>375</height>
<depth>3</depth>
</size>
<object>
<name>Car</name>
<bndbox>
<xmin>1100</xmin>
<ymin>133</ymin>
<xmax>1241</xmax>
<ymax>374</ymax>
</bndbox>
</object>
<object>
<name>Car</name>
<bndbox>
<xmin>1138</xmin>
<ymin>160</ymin>
<xmax>1241</xmax>
<ymax>352</ymax>
</bndbox>
</object>
<object>
<name>Car</name>
<bndbox>
<xmin>465</xmin>
<ymin>163</ymin>
<xmax>534</xmax>
<ymax>239</ymax>
</bndbox>
</object>
<object>
<name>Car</name>
<bndbox>
<xmin>837</xmin>
<ymin>118</ymin>
<xmax>1143</xmax>
<ymax>237</ymax>
</bndbox>
</object>
<object>
<name>Car</name>
<bndbox>
<xmin>192</xmin>
<ymin>185</ymin>
<xmax>313</xmax>
<ymax>246</ymax>
</bndbox>
</object>
<object>
<name>Car</name>
<bndbox>
<xmin>53</xmin>
<ymin>168</ymin>
<xmax>209</xmax>
<ymax>251</ymax>
</bndbox>
</object>
<object>
<name>Car</name>
<bndbox>
<xmin>384</xmin>
<ymin>174</ymin>
<xmax>438</xmax>
<ymax>214</ymax>
</bndbox>
</object>
<object>
<name>Car</name>
<bndbox>
<xmin>666</xmin>
<ymin>169</ymin>
<xmax>760</xmax>
<ymax>221</ymax>
</bndbox>
</object>
<object>
<name>Car</name>
<bndbox>
<xmin>526</xmin>
<ymin>166</ymin>
<xmax>563</xmax>
<ymax>199</ymax>
</bndbox>
</object>
<object>
<name>Car</name>
<bndbox>
<xmin>567</xmin>
<ymin>150</ymin>
<xmax>604</xmax>
<ymax>192</ymax>
</bndbox>
</object>
<object>
<name>Car</name>
<bndbox>
<xmin>725</xmin>
<ymin>165</ymin>
<xmax>822</xmax>
<ymax>219</ymax>
</bndbox>
</object>
<object>
<name>Car</name>
<bndbox>
<xmin>796</xmin>
<ymin>174</ymin>
<xmax>914</xmax>
<ymax>220</ymax>
</bndbox>
</object>
<object>
<name>Car</name>
<bndbox>
<xmin>1135</xmin>
<ymin>129</ymin>
<xmax>1241</xmax>
<ymax>205</ymax>
</bndbox>
</object>
<object>
<name>Car</name>
<bndbox>
<xmin>519</xmin>
<ymin>135</ymin>
<xmax>559</xmax>
<ymax>195</ymax>
</bndbox>
</object>
</annotation>
