<?xml version="1.0" ?>
<annotation>
<folder>KITTI</folder>
<filename>001878.png</filename>
<source>
<database>The KITTI Database</database>
<annotation>KITTI</annotation>
</source>
<size>
<width>1242</width>
<height>375</height>
<depth>3</depth>
</size>
<object>
<name>Car</name>
<bndbox>
<xmin>0</xmin>
<ymin>213</ymin>
<xmax>359</xmax>
<ymax>374</ymax>
</bndbox>
</object>
<object>
<name>Car</name>
<bndbox>
<xmin>811</xmin>
<ymin>187</ymin>
<xmax>1184</xmax>
<ymax>374</ymax>
</bndbox>
</object>
<object>
<name>Car</name>
<bndbox>
<xmin>653</xmin>
<ymin>184</ymin>
<xmax>715</xmax>
<ymax>227</ymax>
</bndbox>
</object>
<object>
<name>Car</name>
<bndbox>
<xmin>589</xmin>
<ymin>186</ymin>
<xmax>632</xmax>
<ymax>211</ymax>
</bndbox>
</object>
<object>
<name>Car</name>
<bndbox>
<xmin>795</xmin>
<ymin>179</ymin>
<xmax>934</xmax>
<ymax>236</ymax>
</bndbox>
</object>
<object>
<name>Car</name>
<bndbox>
<xmin>967</xmin>
<ymin>181</ymin>
<xmax>1146</xmax>
<ymax>240</ymax>
</bndbox>
</object>
<object>
<name>Car</name>
<bndbox>
<xmin>548</xmin>
<ymin>183</ymin>
<xmax>595</xmax>
<ymax>204</ymax>
</bndbox>
</object>
<object>
<name>Cyclist</name>
<bndbox>
<xmin>479</xmin>
<ymin>185</ymin>
<xmax>491</xmax>
<ymax>214</ymax>
</bndbox>
</object>
</annotation>
