<?xml version="1.0" ?>
<annotation>
<folder>KITTI</folder>
<filename>001805.png</filename>
<source>
<database>The KITTI Database</database>
<annotation>KITTI</annotation>
</source>
<size>
<width>1242</width>
<height>375</height>
<depth>3</depth>
</size>
<object>
<name>Car</name>
<bndbox>
<xmin>283</xmin>
<ymin>197</ymin>
<xmax>430</xmax>
<ymax>306</ymax>
</bndbox>
</object>
<object>
<name>Car</name>
<bndbox>
<xmin>543</xmin>
<ymin>182</ymin>
<xmax>569</xmax>
<ymax>203</ymax>
</bndbox>
</object>
</annotation>
