<?xml version="1.0" ?>
<annotation>
<folder>KITTI</folder>
<filename>001800.png</filename>
<source>
<database>The KITTI Database</database>
<annotation>KITTI</annotation>
</source>
<size>
<width>1242</width>
<height>375</height>
<depth>3</depth>
</size>
<object>
<name>Car</name>
<bndbox>
<xmin>977</xmin>
<ymin>200</ymin>
<xmax>1241</xmax>
<ymax>374</ymax>
</bndbox>
</object>
<object>
<name>Car</name>
<bndbox>
<xmin>887</xmin>
<ymin>190</ymin>
<xmax>943</xmax>
<ymax>231</ymax>
</bndbox>
</object>
</annotation>
