<?xml version="1.0" ?>
<annotation>
<folder>KITTI</folder>
<filename>001872.png</filename>
<source>
<database>The KITTI Database</database>
<annotation>KITTI</annotation>
</source>
<size>
<width>1242</width>
<height>375</height>
<depth>3</depth>
</size>
<object>
<name>Car</name>
<bndbox>
<xmin>221</xmin>
<ymin>183</ymin>
<xmax>458</xmax>
<ymax>350</ymax>
</bndbox>
</object>
<object>
<name>Car</name>
<bndbox>
<xmin>865</xmin>
<ymin>173</ymin>
<xmax>1241</xmax>
<ymax>374</ymax>
</bndbox>
</object>
<object>
<name>Car</name>
<bndbox>
<xmin>735</xmin>
<ymin>176</ymin>
<xmax>939</xmax>
<ymax>311</ymax>
</bndbox>
</object>
<object>
<name>Car</name>
<bndbox>
<xmin>416</xmin>
<ymin>125</ymin>
<xmax>531</xmax>
<ymax>240</ymax>
</bndbox>
</object>
<object>
<name>Car</name>
<bndbox>
<xmin>666</xmin>
<ymin>172</ymin>
<xmax>728</xmax>
<ymax>221</ymax>
</bndbox>
</object>
<object>
<name>Car</name>
<bndbox>
<xmin>623</xmin>
<ymin>165</ymin>
<xmax>655</xmax>
<ymax>196</ymax>
</bndbox>
</object>
<object>
<name>Car</name>
<bndbox>
<xmin>556</xmin>
<ymin>172</ymin>
<xmax>575</xmax>
<ymax>188</ymax>
</bndbox>
</object>
</annotation>
