<?xml version="1.0" ?>
<annotation>
<folder>KITTI</folder>
<filename>001863.png</filename>
<source>
<database>The KITTI Database</database>
<annotation>KITTI</annotation>
</source>
<size>
<width>1242</width>
<height>375</height>
<depth>3</depth>
</size>
<object>
<name>Car</name>
<bndbox>
<xmin>585</xmin>
<ymin>177</ymin>
<xmax>611</xmax>
<ymax>203</ymax>
</bndbox>
</object>
<object>
<name>Cyclist</name>
<bndbox>
<xmin>1119</xmin>
<ymin>96</ymin>
<xmax>1241</xmax>
<ymax>374</ymax>
</bndbox>
</object>
<object>
<name>Car</name>
<bndbox>
<xmin>451</xmin>
<ymin>181</ymin>
<xmax>487</xmax>
<ymax>207</ymax>
</bndbox>
</object>
<object>
<name>Car</name>
<bndbox>
<xmin>426</xmin>
<ymin>177</ymin>
<xmax>460</xmax>
<ymax>205</ymax>
</bndbox>
</object>
</annotation>
