<?xml version="1.0" ?>
<annotation>
<folder>KITTI</folder>
<filename>001963.png</filename>
<source>
<database>The KITTI Database</database>
<annotation>KITTI</annotation>
</source>
<size>
<width>1242</width>
<height>375</height>
<depth>3</depth>
</size>
<object>
<name>Car</name>
<bndbox>
<xmin>555</xmin>
<ymin>184</ymin>
<xmax>611</xmax>
<ymax>231</ymax>
</bndbox>
</object>
<object>
<name>Car</name>
<bndbox>
<xmin>197</xmin>
<ymin>173</ymin>
<xmax>415</xmax>
<ymax>265</ymax>
</bndbox>
</object>
<object>
<name>Car</name>
<bndbox>
<xmin>376</xmin>
<ymin>182</ymin>
<xmax>489</xmax>
<ymax>226</ymax>
</bndbox>
</object>
<object>
<name>Car</name>
<bndbox>
<xmin>410</xmin>
<ymin>184</ymin>
<xmax>504</xmax>
<ymax>221</ymax>
</bndbox>
</object>
<object>
<name>Car</name>
<bndbox>
<xmin>519</xmin>
<ymin>184</ymin>
<xmax>562</xmax>
<ymax>213</ymax>
</bndbox>
</object>
<object>
<name>Car</name>
<bndbox>
<xmin>1040</xmin>
<ymin>211</ymin>
<xmax>1241</xmax>
<ymax>374</ymax>
</bndbox>
</object>
<object>
<name>Car</name>
<bndbox>
<xmin>645</xmin>
<ymin>148</ymin>
<xmax>743</xmax>
<ymax>236</ymax>
</bndbox>
</object>
<object>
<name>Car</name>
<bndbox>
<xmin>330</xmin>
<ymin>166</ymin>
<xmax>415</xmax>
<ymax>220</ymax>
</bndbox>
</object>
<object>
<name>Car</name>
<bndbox>
<xmin>576</xmin>
<ymin>181</ymin>
<xmax>616</xmax>
<ymax>217</ymax>
</bndbox>
</object>
<object>
<name>Cyclist</name>
<bndbox>
<xmin>212</xmin>
<ymin>181</ymin>
<xmax>241</xmax>
<ymax>212</ymax>
</bndbox>
</object>
</annotation>
