<?xml version="1.0" ?>
<annotation>
<folder>KITTI</folder>
<filename>001932.png</filename>
<source>
<database>The KITTI Database</database>
<annotation>KITTI</annotation>
</source>
<size>
<width>1242</width>
<height>375</height>
<depth>3</depth>
</size>
<object>
<name>Car</name>
<bndbox>
<xmin>0</xmin>
<ymin>174</ymin>
<xmax>344</xmax>
<ymax>374</ymax>
</bndbox>
</object>
<object>
<name>Car</name>
<bndbox>
<xmin>466</xmin>
<ymin>183</ymin>
<xmax>530</xmax>
<ymax>230</ymax>
</bndbox>
</object>
<object>
<name>Car</name>
<bndbox>
<xmin>493</xmin>
<ymin>167</ymin>
<xmax>547</xmax>
<ymax>215</ymax>
</bndbox>
</object>
<object>
<name>Car</name>
<bndbox>
<xmin>548</xmin>
<ymin>173</ymin>
<xmax>577</xmax>
<ymax>196</ymax>
</bndbox>
</object>
</annotation>
