<?xml version="1.0" ?>
<annotation>
<folder>KITTI</folder>
<filename>002034.png</filename>
<source>
<database>The KITTI Database</database>
<annotation>KITTI</annotation>
</source>
<size>
<width>1242</width>
<height>375</height>
<depth>3</depth>
</size>
<object>
<name>Car</name>
<bndbox>
<xmin>383</xmin>
<ymin>192</ymin>
<xmax>517</xmax>
<ymax>287</ymax>
</bndbox>
</object>
<object>
<name>Car</name>
<bndbox>
<xmin>598</xmin>
<ymin>203</ymin>
<xmax>626</xmax>
<ymax>234</ymax>
</bndbox>
</object>
</annotation>
