<?xml version="1.0" ?>
<annotation>
<folder>KITTI</folder>
<filename>002004.png</filename>
<source>
<database>The KITTI Database</database>
<annotation>KITTI</annotation>
</source>
<size>
<width>1242</width>
<height>375</height>
<depth>3</depth>
</size>
<object>
<name>Car</name>
<bndbox>
<xmin>588</xmin>
<ymin>146</ymin>
<xmax>667</xmax>
<ymax>228</ymax>
</bndbox>
</object>
<object>
<name>Car</name>
<bndbox>
<xmin>738</xmin>
<ymin>187</ymin>
<xmax>895</xmax>
<ymax>248</ymax>
</bndbox>
</object>
<object>
<name>Car</name>
<bndbox>
<xmin>492</xmin>
<ymin>140</ymin>
<xmax>522</xmax>
<ymax>177</ymax>
</bndbox>
</object>
</annotation>
