<?xml version="1.0" ?>
<annotation>
<folder>KITTI</folder>
<filename>002081.png</filename>
<source>
<database>The KITTI Database</database>
<annotation>KITTI</annotation>
</source>
<size>
<width>1242</width>
<height>375</height>
<depth>3</depth>
</size>
<object>
<name>Car</name>
<bndbox>
<xmin>950</xmin>
<ymin>0</ymin>
<xmax>1103</xmax>
<ymax>374</ymax>
</bndbox>
</object>
<object>
<name>Car</name>
<bndbox>
<xmin>823</xmin>
<ymin>153</ymin>
<xmax>1191</xmax>
<ymax>374</ymax>
</bndbox>
</object>
<object>
<name>Car</name>
<bndbox>
<xmin>848</xmin>
<ymin>166</ymin>
<xmax>979</xmax>
<ymax>248</ymax>
</bndbox>
</object>
<object>
<name>Car</name>
<bndbox>
<xmin>867</xmin>
<ymin>153</ymin>
<xmax>946</xmax>
<ymax>194</ymax>
</bndbox>
</object>
<object>
<name>Car</name>
<bndbox>
<xmin>993</xmin>
<ymin>149</ymin>
<xmax>1077</xmax>
<ymax>205</ymax>
</bndbox>
</object>
<object>
<name>Car</name>
<bndbox>
<xmin>915</xmin>
<ymin>151</ymin>
<xmax>993</xmax>
<ymax>187</ymax>
</bndbox>
</object>
</annotation>
