<?xml version="1.0" ?>
<annotation>
<folder>KITTI</folder>
<filename>002073.png</filename>
<source>
<database>The KITTI Database</database>
<annotation>KITTI</annotation>
</source>
<size>
<width>1238</width>
<height>374</height>
<depth>3</depth>
</size>
<object>
<name>Pedestrian</name>
<bndbox>
<xmin>0</xmin>
<ymin>164</ymin>
<xmax>206</xmax>
<ymax>373</ymax>
</bndbox>
</object>
<object>
<name>Pedestrian</name>
<bndbox>
<xmin>951</xmin>
<ymin>152</ymin>
<xmax>996</xmax>
<ymax>271</ymax>
</bndbox>
</object>
<object>
<name>Car</name>
<bndbox>
<xmin>683</xmin>
<ymin>166</ymin>
<xmax>758</xmax>
<ymax>231</ymax>
</bndbox>
</object>
<object>
<name>Pedestrian</name>
<bndbox>
<xmin>941</xmin>
<ymin>149</ymin>
<xmax>1081</xmax>
<ymax>373</ymax>
</bndbox>
</object>
</annotation>
