<?xml version="1.0" ?>
<annotation>
<folder>KITTI</folder>
<filename>002083.png</filename>
<source>
<database>The KITTI Database</database>
<annotation>KITTI</annotation>
</source>
<size>
<width>1242</width>
<height>375</height>
<depth>3</depth>
</size>
<object>
<name>Car</name>
<bndbox>
<xmin>233</xmin>
<ymin>177</ymin>
<xmax>290</xmax>
<ymax>201</ymax>
</bndbox>
</object>
<object>
<name>Car</name>
<bndbox>
<xmin>144</xmin>
<ymin>159</ymin>
<xmax>215</xmax>
<ymax>199</ymax>
</bndbox>
</object>
<object>
<name>Car</name>
<bndbox>
<xmin>266</xmin>
<ymin>172</ymin>
<xmax>315</xmax>
<ymax>197</ymax>
</bndbox>
</object>
<object>
<name>Car</name>
<bndbox>
<xmin>572</xmin>
<ymin>171</ymin>
<xmax>620</xmax>
<ymax>219</ymax>
</bndbox>
</object>
</annotation>
