<?xml version="1.0" ?>
<annotation>
<folder>KITTI</folder>
<filename>002095.png</filename>
<source>
<database>The KITTI Database</database>
<annotation>KITTI</annotation>
</source>
<size>
<width>1224</width>
<height>370</height>
<depth>3</depth>
</size>
<object>
<name>Car</name>
<bndbox>
<xmin>1093</xmin>
<ymin>183</ymin>
<xmax>1223</xmax>
<ymax>234</ymax>
</bndbox>
</object>
<object>
<name>Car</name>
<bndbox>
<xmin>1032</xmin>
<ymin>183</ymin>
<xmax>1156</xmax>
<ymax>232</ymax>
</bndbox>
</object>
<object>
<name>Car</name>
<bndbox>
<xmin>952</xmin>
<ymin>181</ymin>
<xmax>1068</xmax>
<ymax>234</ymax>
</bndbox>
</object>
<object>
<name>Car</name>
<bndbox>
<xmin>602</xmin>
<ymin>172</ymin>
<xmax>636</xmax>
<ymax>203</ymax>
</bndbox>
</object>
<object>
<name>Cyclist</name>
<bndbox>
<xmin>715</xmin>
<ymin>161</ymin>
<xmax>874</xmax>
<ymax>316</ymax>
</bndbox>
</object>
<object>
<name>Cyclist</name>
<bndbox>
<xmin>881</xmin>
<ymin>142</ymin>
<xmax>1069</xmax>
<ymax>304</ymax>
</bndbox>
</object>
<object>
<name>Cyclist</name>
<bndbox>
<xmin>326</xmin>
<ymin>165</ymin>
<xmax>389</xmax>
<ymax>256</ymax>
</bndbox>
</object>
<object>
<name>Pedestrian</name>
<bndbox>
<xmin>182</xmin>
<ymin>149</ymin>
<xmax>203</xmax>
<ymax>196</ymax>
</bndbox>
</object>
<object>
<name>Pedestrian</name>
<bndbox>
<xmin>183</xmin>
<ymin>152</ymin>
<xmax>210</xmax>
<ymax>218</ymax>
</bndbox>
</object>
<object>
<name>Pedestrian</name>
<bndbox>
<xmin>152</xmin>
<ymin>148</ymin>
<xmax>179</xmax>
<ymax>216</ymax>
</bndbox>
</object>
<object>
<name>Pedestrian</name>
<bndbox>
<xmin>910</xmin>
<ymin>150</ymin>
<xmax>986</xmax>
<ymax>356</ymax>
</bndbox>
</object>
<object>
<name>Pedestrian</name>
<bndbox>
<xmin>933</xmin>
<ymin>145</ymin>
<xmax>1005</xmax>
<ymax>336</ymax>
</bndbox>
</object>
<object>
<name>Pedestrian</name>
<bndbox>
<xmin>1056</xmin>
<ymin>135</ymin>
<xmax>1139</xmax>
<ymax>360</ymax>
</bndbox>
</object>
<object>
<name>Pedestrian</name>
<bndbox>
<xmin>1096</xmin>
<ymin>139</ymin>
<xmax>1223</xmax>
<ymax>369</ymax>
</bndbox>
</object>
</annotation>
