<?xml version="1.0" ?>
<annotation>
<folder>KITTI</folder>
<filename>002080.png</filename>
<source>
<database>The KITTI Database</database>
<annotation>KITTI</annotation>
</source>
<size>
<width>1242</width>
<height>375</height>
<depth>3</depth>
</size>
<object>
<name>Car</name>
<bndbox>
<xmin>0</xmin>
<ymin>200</ymin>
<xmax>369</xmax>
<ymax>359</ymax>
</bndbox>
</object>
<object>
<name>Car</name>
<bndbox>
<xmin>1091</xmin>
<ymin>176</ymin>
<xmax>1241</xmax>
<ymax>374</ymax>
</bndbox>
</object>
<object>
<name>Car</name>
<bndbox>
<xmin>874</xmin>
<ymin>144</ymin>
<xmax>1241</xmax>
<ymax>374</ymax>
</bndbox>
</object>
<object>
<name>Car</name>
<bndbox>
<xmin>300</xmin>
<ymin>180</ymin>
<xmax>491</xmax>
<ymax>242</ymax>
</bndbox>
</object>
<object>
<name>Car</name>
<bndbox>
<xmin>380</xmin>
<ymin>179</ymin>
<xmax>525</xmax>
<ymax>225</ymax>
</bndbox>
</object>
<object>
<name>Car</name>
<bndbox>
<xmin>807</xmin>
<ymin>167</ymin>
<xmax>1017</xmax>
<ymax>258</ymax>
</bndbox>
</object>
<object>
<name>Car</name>
<bndbox>
<xmin>827</xmin>
<ymin>167</ymin>
<xmax>1153</xmax>
<ymax>278</ymax>
</bndbox>
</object>
<object>
<name>Pedestrian</name>
<bndbox>
<xmin>529</xmin>
<ymin>165</ymin>
<xmax>545</xmax>
<ymax>209</ymax>
</bndbox>
</object>
</annotation>
