<?xml version="1.0" ?>
<annotation>
<folder>KITTI</folder>
<filename>002002.png</filename>
<source>
<database>The KITTI Database</database>
<annotation>KITTI</annotation>
</source>
<size>
<width>1242</width>
<height>375</height>
<depth>3</depth>
</size>
<object>
<name>Car</name>
<bndbox>
<xmin>0</xmin>
<ymin>198</ymin>
<xmax>258</xmax>
<ymax>374</ymax>
</bndbox>
</object>
<object>
<name>Car</name>
<bndbox>
<xmin>897</xmin>
<ymin>177</ymin>
<xmax>1241</xmax>
<ymax>374</ymax>
</bndbox>
</object>
<object>
<name>Car</name>
<bndbox>
<xmin>291</xmin>
<ymin>108</ymin>
<xmax>504</xmax>
<ymax>305</ymax>
</bndbox>
</object>
<object>
<name>Car</name>
<bndbox>
<xmin>691</xmin>
<ymin>180</ymin>
<xmax>785</xmax>
<ymax>251</ymax>
</bndbox>
</object>
<object>
<name>Car</name>
<bndbox>
<xmin>630</xmin>
<ymin>170</ymin>
<xmax>667</xmax>
<ymax>206</ymax>
</bndbox>
</object>
<object>
<name>Car</name>
<bndbox>
<xmin>554</xmin>
<ymin>179</ymin>
<xmax>576</xmax>
<ymax>197</ymax>
</bndbox>
</object>
</annotation>
