<?xml version="1.0" ?>
<annotation>
<folder>KITTI</folder>
<filename>002133.png</filename>
<source>
<database>The KITTI Database</database>
<annotation>KITTI</annotation>
</source>
<size>
<width>1242</width>
<height>375</height>
<depth>3</depth>
</size>
<object>
<name>Pedestrian</name>
<bndbox>
<xmin>198</xmin>
<ymin>179</ymin>
<xmax>235</xmax>
<ymax>278</ymax>
</bndbox>
</object>
<object>
<name>Pedestrian</name>
<bndbox>
<xmin>71</xmin>
<ymin>170</ymin>
<xmax>117</xmax>
<ymax>253</ymax>
</bndbox>
</object>
<object>
<name>Pedestrian</name>
<bndbox>
<xmin>417</xmin>
<ymin>166</ymin>
<xmax>436</xmax>
<ymax>227</ymax>
</bndbox>
</object>
</annotation>
