<?xml version="1.0" ?>
<annotation>
<folder>KITTI</folder>
<filename>002109.png</filename>
<source>
<database>The KITTI Database</database>
<annotation>KITTI</annotation>
</source>
<size>
<width>1242</width>
<height>375</height>
<depth>3</depth>
</size>
<object>
<name>Car</name>
<bndbox>
<xmin>15</xmin>
<ymin>205</ymin>
<xmax>465</xmax>
<ymax>374</ymax>
</bndbox>
</object>
<object>
<name>Car</name>
<bndbox>
<xmin>271</xmin>
<ymin>194</ymin>
<xmax>433</xmax>
<ymax>324</ymax>
</bndbox>
</object>
<object>
<name>Car</name>
<bndbox>
<xmin>491</xmin>
<ymin>187</ymin>
<xmax>515</xmax>
<ymax>210</ymax>
</bndbox>
</object>
</annotation>
