<?xml version="1.0" ?>
<annotation>
<folder>KITTI</folder>
<filename>002166.png</filename>
<source>
<database>The KITTI Database</database>
<annotation>KITTI</annotation>
</source>
<size>
<width>1242</width>
<height>375</height>
<depth>3</depth>
</size>
<object>
<name>Car</name>
<bndbox>
<xmin>50</xmin>
<ymin>108</ymin>
<xmax>298</xmax>
<ymax>266</ymax>
</bndbox>
</object>
<object>
<name>Car</name>
<bndbox>
<xmin>466</xmin>
<ymin>171</ymin>
<xmax>496</xmax>
<ymax>203</ymax>
</bndbox>
</object>
<object>
<name>Car</name>
<bndbox>
<xmin>549</xmin>
<ymin>181</ymin>
<xmax>567</xmax>
<ymax>195</ymax>
</bndbox>
</object>
</annotation>
