<?xml version="1.0" ?>
<annotation>
<folder>KITTI</folder>
<filename>002151.png</filename>
<source>
<database>The KITTI Database</database>
<annotation>KITTI</annotation>
</source>
<size>
<width>1241</width>
<height>376</height>
<depth>3</depth>
</size>
<object>
<name>Car</name>
<bndbox>
<xmin>574</xmin>
<ymin>176</ymin>
<xmax>613</xmax>
<ymax>211</ymax>
</bndbox>
</object>
<object>
<name>Car</name>
<bndbox>
<xmin>30</xmin>
<ymin>114</ymin>
<xmax>327</xmax>
<ymax>293</ymax>
</bndbox>
</object>
<object>
<name>Car</name>
<bndbox>
<xmin>280</xmin>
<ymin>182</ymin>
<xmax>383</xmax>
<ymax>238</ymax>
</bndbox>
</object>
<object>
<name>Car</name>
<bndbox>
<xmin>526</xmin>
<ymin>142</ymin>
<xmax>566</xmax>
<ymax>199</ymax>
</bndbox>
</object>
</annotation>
