<?xml version="1.0" ?>
<annotation>
<folder>KITTI</folder>
<filename>002104.png</filename>
<source>
<database>The KITTI Database</database>
<annotation>KITTI</annotation>
</source>
<size>
<width>1242</width>
<height>375</height>
<depth>3</depth>
</size>
<object>
<name>Car</name>
<bndbox>
<xmin>0</xmin>
<ymin>202</ymin>
<xmax>89</xmax>
<ymax>254</ymax>
</bndbox>
</object>
<object>
<name>Car</name>
<bndbox>
<xmin>597</xmin>
<ymin>185</ymin>
<xmax>651</xmax>
<ymax>219</ymax>
</bndbox>
</object>
</annotation>
