<?xml version="1.0" ?>
<annotation>
<folder>KITTI</folder>
<filename>002136.png</filename>
<source>
<database>The KITTI Database</database>
<annotation>KITTI</annotation>
</source>
<size>
<width>1242</width>
<height>375</height>
<depth>3</depth>
</size>
<object>
<name>Car</name>
<bndbox>
<xmin>1117</xmin>
<ymin>106</ymin>
<xmax>1241</xmax>
<ymax>257</ymax>
</bndbox>
</object>
<object>
<name>Car</name>
<bndbox>
<xmin>0</xmin>
<ymin>210</ymin>
<xmax>77</xmax>
<ymax>329</ymax>
</bndbox>
</object>
<object>
<name>Car</name>
<bndbox>
<xmin>111</xmin>
<ymin>214</ymin>
<xmax>152</xmax>
<ymax>249</ymax>
</bndbox>
</object>
<object>
<name>Car</name>
<bndbox>
<xmin>24</xmin>
<ymin>215</ymin>
<xmax>131</xmax>
<ymax>294</ymax>
</bndbox>
</object>
<object>
<name>Car</name>
<bndbox>
<xmin>927</xmin>
<ymin>121</ymin>
<xmax>969</xmax>
<ymax>169</ymax>
</bndbox>
</object>
</annotation>
