<?xml version="1.0" ?>
<annotation>
<folder>KITTI</folder>
<filename>002161.png</filename>
<source>
<database>The KITTI Database</database>
<annotation>KITTI</annotation>
</source>
<size>
<width>1242</width>
<height>375</height>
<depth>3</depth>
</size>
<object>
<name>Car</name>
<bndbox>
<xmin>1136</xmin>
<ymin>174</ymin>
<xmax>1241</xmax>
<ymax>374</ymax>
</bndbox>
</object>
<object>
<name>Car</name>
<bndbox>
<xmin>0</xmin>
<ymin>206</ymin>
<xmax>248</xmax>
<ymax>374</ymax>
</bndbox>
</object>
<object>
<name>Car</name>
<bndbox>
<xmin>793</xmin>
<ymin>174</ymin>
<xmax>1163</xmax>
<ymax>371</ymax>
</bndbox>
</object>
<object>
<name>Car</name>
<bndbox>
<xmin>378</xmin>
<ymin>178</ymin>
<xmax>464</xmax>
<ymax>234</ymax>
</bndbox>
</object>
<object>
<name>Car</name>
<bndbox>
<xmin>699</xmin>
<ymin>171</ymin>
<xmax>813</xmax>
<ymax>248</ymax>
</bndbox>
</object>
<object>
<name>Car</name>
<bndbox>
<xmin>680</xmin>
<ymin>169</ymin>
<xmax>759</xmax>
<ymax>226</ymax>
</bndbox>
</object>
<object>
<name>Car</name>
<bndbox>
<xmin>431</xmin>
<ymin>177</ymin>
<xmax>488</xmax>
<ymax>219</ymax>
</bndbox>
</object>
<object>
<name>Pedestrian</name>
<bndbox>
<xmin>728</xmin>
<ymin>154</ymin>
<xmax>744</xmax>
<ymax>203</ymax>
</bndbox>
</object>
<object>
<name>Pedestrian</name>
<bndbox>
<xmin>745</xmin>
<ymin>155</ymin>
<xmax>759</xmax>
<ymax>203</ymax>
</bndbox>
</object>
</annotation>
