<?xml version="1.0" ?>
<annotation>
<folder>KITTI</folder>
<filename>002139.png</filename>
<source>
<database>The KITTI Database</database>
<annotation>KITTI</annotation>
</source>
<size>
<width>1241</width>
<height>376</height>
<depth>3</depth>
</size>
<object>
<name>Car</name>
<bndbox>
<xmin>577</xmin>
<ymin>173</ymin>
<xmax>648</xmax>
<ymax>238</ymax>
</bndbox>
</object>
<object>
<name>Car</name>
<bndbox>
<xmin>0</xmin>
<ymin>191</ymin>
<xmax>108</xmax>
<ymax>318</ymax>
</bndbox>
</object>
<object>
<name>Car</name>
<bndbox>
<xmin>131</xmin>
<ymin>186</ymin>
<xmax>298</xmax>
<ymax>268</ymax>
</bndbox>
</object>
<object>
<name>Car</name>
<bndbox>
<xmin>283</xmin>
<ymin>177</ymin>
<xmax>458</xmax>
<ymax>292</ymax>
</bndbox>
</object>
<object>
<name>Car</name>
<bndbox>
<xmin>309</xmin>
<ymin>183</ymin>
<xmax>397</xmax>
<ymax>229</ymax>
</bndbox>
</object>
<object>
<name>Car</name>
<bndbox>
<xmin>433</xmin>
<ymin>178</ymin>
<xmax>506</xmax>
<ymax>229</ymax>
</bndbox>
</object>
<object>
<name>Car</name>
<bndbox>
<xmin>482</xmin>
<ymin>180</ymin>
<xmax>525</xmax>
<ymax>210</ymax>
</bndbox>
</object>
<object>
<name>Car</name>
<bndbox>
<xmin>510</xmin>
<ymin>179</ymin>
<xmax>545</xmax>
<ymax>205</ymax>
</bndbox>
</object>
<object>
<name>Car</name>
<bndbox>
<xmin>276</xmin>
<ymin>184</ymin>
<xmax>356</xmax>
<ymax>221</ymax>
</bndbox>
</object>
</annotation>
