<?xml version="1.0" ?>
<annotation>
<folder>KITTI</folder>
<filename>002205.png</filename>
<source>
<database>The KITTI Database</database>
<annotation>KITTI</annotation>
</source>
<size>
<width>1242</width>
<height>375</height>
<depth>3</depth>
</size>
<object>
<name>Car</name>
<bndbox>
<xmin>591</xmin>
<ymin>174</ymin>
<xmax>638</xmax>
<ymax>219</ymax>
</bndbox>
</object>
<object>
<name>Car</name>
<bndbox>
<xmin>1144</xmin>
<ymin>176</ymin>
<xmax>1241</xmax>
<ymax>374</ymax>
</bndbox>
</object>
<object>
<name>Car</name>
<bndbox>
<xmin>873</xmin>
<ymin>178</ymin>
<xmax>1172</xmax>
<ymax>350</ymax>
</bndbox>
</object>
<object>
<name>Car</name>
<bndbox>
<xmin>442</xmin>
<ymin>183</ymin>
<xmax>490</xmax>
<ymax>212</ymax>
</bndbox>
</object>
<object>
<name>Car</name>
<bndbox>
<xmin>0</xmin>
<ymin>210</ymin>
<xmax>70</xmax>
<ymax>365</ymax>
</bndbox>
</object>
<object>
<name>Car</name>
<bndbox>
<xmin>708</xmin>
<ymin>170</ymin>
<xmax>854</xmax>
<ymax>234</ymax>
</bndbox>
</object>
<object>
<name>Car</name>
<bndbox>
<xmin>670</xmin>
<ymin>174</ymin>
<xmax>777</xmax>
<ymax>217</ymax>
</bndbox>
</object>
<object>
<name>Car</name>
<bndbox>
<xmin>645</xmin>
<ymin>166</ymin>
<xmax>722</xmax>
<ymax>202</ymax>
</bndbox>
</object>
<object>
<name>Car</name>
<bndbox>
<xmin>410</xmin>
<ymin>177</ymin>
<xmax>455</xmax>
<ymax>204</ymax>
</bndbox>
</object>
<object>
<name>Car</name>
<bndbox>
<xmin>437</xmin>
<ymin>175</ymin>
<xmax>473</xmax>
<ymax>198</ymax>
</bndbox>
</object>
<object>
<name>Car</name>
<bndbox>
<xmin>494</xmin>
<ymin>177</ymin>
<xmax>519</xmax>
<ymax>192</ymax>
</bndbox>
</object>
<object>
<name>Car</name>
<bndbox>
<xmin>389</xmin>
<ymin>177</ymin>
<xmax>418</xmax>
<ymax>198</ymax>
</bndbox>
</object>
<object>
<name>Car</name>
<bndbox>
<xmin>170</xmin>
<ymin>180</ymin>
<xmax>208</xmax>
<ymax>203</ymax>
</bndbox>
</object>
</annotation>
