<?xml version="1.0" ?>
<annotation>
<folder>KITTI</folder>
<filename>002224.png</filename>
<source>
<database>The KITTI Database</database>
<annotation>KITTI</annotation>
</source>
<size>
<width>1242</width>
<height>375</height>
<depth>3</depth>
</size>
<object>
<name>Car</name>
<bndbox>
<xmin>580</xmin>
<ymin>178</ymin>
<xmax>597</xmax>
<ymax>191</ymax>
</bndbox>
</object>
<object>
<name>Car</name>
<bndbox>
<xmin>301</xmin>
<ymin>184</ymin>
<xmax>401</xmax>
<ymax>238</ymax>
</bndbox>
</object>
<object>
<name>Car</name>
<bndbox>
<xmin>456</xmin>
<ymin>179</ymin>
<xmax>494</xmax>
<ymax>204</ymax>
</bndbox>
</object>
</annotation>
