<?xml version="1.0" ?>
<annotation>
<folder>KITTI</folder>
<filename>002281.png</filename>
<source>
<database>The KITTI Database</database>
<annotation>KITTI</annotation>
</source>
<size>
<width>1242</width>
<height>375</height>
<depth>3</depth>
</size>
<object>
<name>Car</name>
<bndbox>
<xmin>585</xmin>
<ymin>179</ymin>
<xmax>642</xmax>
<ymax>225</ymax>
</bndbox>
</object>
<object>
<name>Car</name>
<bndbox>
<xmin>0</xmin>
<ymin>121</ymin>
<xmax>131</xmax>
<ymax>374</ymax>
</bndbox>
</object>
<object>
<name>Car</name>
<bndbox>
<xmin>224</xmin>
<ymin>182</ymin>
<xmax>421</xmax>
<ymax>283</ymax>
</bndbox>
</object>
<object>
<name>Car</name>
<bndbox>
<xmin>316</xmin>
<ymin>164</ymin>
<xmax>483</xmax>
<ymax>259</ymax>
</bndbox>
</object>
<object>
<name>Car</name>
<bndbox>
<xmin>398</xmin>
<ymin>181</ymin>
<xmax>523</xmax>
<ymax>231</ymax>
</bndbox>
</object>
<object>
<name>Car</name>
<bndbox>
<xmin>416</xmin>
<ymin>178</ymin>
<xmax>526</xmax>
<ymax>223</ymax>
</bndbox>
</object>
<object>
<name>Car</name>
<bndbox>
<xmin>460</xmin>
<ymin>178</ymin>
<xmax>538</xmax>
<ymax>210</ymax>
</bndbox>
</object>
<object>
<name>Car</name>
<bndbox>
<xmin>485</xmin>
<ymin>175</ymin>
<xmax>553</xmax>
<ymax>203</ymax>
</bndbox>
</object>
<object>
<name>Car</name>
<bndbox>
<xmin>691</xmin>
<ymin>141</ymin>
<xmax>821</xmax>
<ymax>250</ymax>
</bndbox>
</object>
<object>
<name>Car</name>
<bndbox>
<xmin>655</xmin>
<ymin>178</ymin>
<xmax>687</xmax>
<ymax>203</ymax>
</bndbox>
</object>
<object>
<name>Car</name>
<bndbox>
<xmin>588</xmin>
<ymin>174</ymin>
<xmax>624</xmax>
<ymax>206</ymax>
</bndbox>
</object>
<object>
<name>Car</name>
<bndbox>
<xmin>0</xmin>
<ymin>186</ymin>
<xmax>201</xmax>
<ymax>287</ymax>
</bndbox>
</object>
<object>
<name>Car</name>
<bndbox>
<xmin>55</xmin>
<ymin>179</ymin>
<xmax>212</xmax>
<ymax>233</ymax>
</bndbox>
</object>
<object>
<name>Car</name>
<bndbox>
<xmin>270</xmin>
<ymin>152</ymin>
<xmax>378</xmax>
<ymax>227</ymax>
</bndbox>
</object>
<object>
<name>Car</name>
<bndbox>
<xmin>195</xmin>
<ymin>172</ymin>
<xmax>285</xmax>
<ymax>217</ymax>
</bndbox>
</object>
</annotation>
