<?xml version="1.0" ?>
<annotation>
<folder>KITTI</folder>
<filename>002228.png</filename>
<source>
<database>The KITTI Database</database>
<annotation>KITTI</annotation>
</source>
<size>
<width>1242</width>
<height>375</height>
<depth>3</depth>
</size>
<object>
<name>Car</name>
<bndbox>
<xmin>568</xmin>
<ymin>183</ymin>
<xmax>621</xmax>
<ymax>225</ymax>
</bndbox>
</object>
<object>
<name>Car</name>
<bndbox>
<xmin>506</xmin>
<ymin>180</ymin>
<xmax>554</xmax>
<ymax>212</ymax>
</bndbox>
</object>
<object>
<name>Car</name>
<bndbox>
<xmin>393</xmin>
<ymin>174</ymin>
<xmax>426</xmax>
<ymax>197</ymax>
</bndbox>
</object>
<object>
<name>Car</name>
<bndbox>
<xmin>429</xmin>
<ymin>176</ymin>
<xmax>450</xmax>
<ymax>191</ymax>
</bndbox>
</object>
<object>
<name>Car</name>
<bndbox>
<xmin>80</xmin>
<ymin>192</ymin>
<xmax>219</xmax>
<ymax>246</ymax>
</bndbox>
</object>
<object>
<name>Car</name>
<bndbox>
<xmin>589</xmin>
<ymin>161</ymin>
<xmax>614</xmax>
<ymax>195</ymax>
</bndbox>
</object>
</annotation>
