<?xml version="1.0" ?>
<annotation>
<folder>KITTI</folder>
<filename>002272.png</filename>
<source>
<database>The KITTI Database</database>
<annotation>KITTI</annotation>
</source>
<size>
<width>1242</width>
<height>375</height>
<depth>3</depth>
</size>
<object>
<name>Car</name>
<bndbox>
<xmin>0</xmin>
<ymin>200</ymin>
<xmax>269</xmax>
<ymax>374</ymax>
</bndbox>
</object>
<object>
<name>Car</name>
<bndbox>
<xmin>778</xmin>
<ymin>205</ymin>
<xmax>1104</xmax>
<ymax>374</ymax>
</bndbox>
</object>
<object>
<name>Car</name>
<bndbox>
<xmin>279</xmin>
<ymin>190</ymin>
<xmax>480</xmax>
<ymax>314</ymax>
</bndbox>
</object>
<object>
<name>Car</name>
<bndbox>
<xmin>670</xmin>
<ymin>184</ymin>
<xmax>722</xmax>
<ymax>226</ymax>
</bndbox>
</object>
<object>
<name>Car</name>
<bndbox>
<xmin>660</xmin>
<ymin>182</ymin>
<xmax>706</xmax>
<ymax>219</ymax>
</bndbox>
</object>
<object>
<name>Car</name>
<bndbox>
<xmin>648</xmin>
<ymin>165</ymin>
<xmax>693</xmax>
<ymax>211</ymax>
</bndbox>
</object>
<object>
<name>Car</name>
<bndbox>
<xmin>550</xmin>
<ymin>178</ymin>
<xmax>575</xmax>
<ymax>203</ymax>
</bndbox>
</object>
</annotation>
