<?xml version="1.0" ?>
<annotation>
<folder>KITTI</folder>
<filename>002337.png</filename>
<source>
<database>The KITTI Database</database>
<annotation>KITTI</annotation>
</source>
<size>
<width>1242</width>
<height>375</height>
<depth>3</depth>
</size>
<object>
<name>Car</name>
<bndbox>
<xmin>596</xmin>
<ymin>161</ymin>
<xmax>625</xmax>
<ymax>193</ymax>
</bndbox>
</object>
<object>
<name>Car</name>
<bndbox>
<xmin>13</xmin>
<ymin>198</ymin>
<xmax>175</xmax>
<ymax>258</ymax>
</bndbox>
</object>
</annotation>
