<?xml version="1.0" ?>
<annotation>
<folder>KITTI</folder>
<filename>002357.png</filename>
<source>
<database>The KITTI Database</database>
<annotation>KITTI</annotation>
</source>
<size>
<width>1242</width>
<height>375</height>
<depth>3</depth>
</size>
<object>
<name>Car</name>
<bndbox>
<xmin>0</xmin>
<ymin>177</ymin>
<xmax>182</xmax>
<ymax>352</ymax>
</bndbox>
</object>
<object>
<name>Car</name>
<bndbox>
<xmin>0</xmin>
<ymin>145</ymin>
<xmax>285</xmax>
<ymax>310</ymax>
</bndbox>
</object>
<object>
<name>Cyclist</name>
<bndbox>
<xmin>453</xmin>
<ymin>179</ymin>
<xmax>488</xmax>
<ymax>249</ymax>
</bndbox>
</object>
<object>
<name>Car</name>
<bndbox>
<xmin>1071</xmin>
<ymin>188</ymin>
<xmax>1241</xmax>
<ymax>374</ymax>
</bndbox>
</object>
<object>
<name>Car</name>
<bndbox>
<xmin>896</xmin>
<ymin>183</ymin>
<xmax>1241</xmax>
<ymax>333</ymax>
</bndbox>
</object>
<object>
<name>Car</name>
<bndbox>
<xmin>805</xmin>
<ymin>186</ymin>
<xmax>1117</xmax>
<ymax>288</ymax>
</bndbox>
</object>
<object>
<name>Car</name>
<bndbox>
<xmin>791</xmin>
<ymin>168</ymin>
<xmax>1024</xmax>
<ymax>267</ymax>
</bndbox>
</object>
<object>
<name>Car</name>
<bndbox>
<xmin>276</xmin>
<ymin>182</ymin>
<xmax>445</xmax>
<ymax>237</ymax>
</bndbox>
</object>
<object>
<name>Car</name>
<bndbox>
<xmin>327</xmin>
<ymin>181</ymin>
<xmax>466</xmax>
<ymax>229</ymax>
</bndbox>
</object>
<object>
<name>Car</name>
<bndbox>
<xmin>631</xmin>
<ymin>180</ymin>
<xmax>687</xmax>
<ymax>222</ymax>
</bndbox>
</object>
<object>
<name>Car</name>
<bndbox>
<xmin>617</xmin>
<ymin>177</ymin>
<xmax>647</xmax>
<ymax>203</ymax>
</bndbox>
</object>
<object>
<name>Car</name>
<bndbox>
<xmin>601</xmin>
<ymin>167</ymin>
<xmax>618</xmax>
<ymax>187</ymax>
</bndbox>
</object>
</annotation>
