<?xml version="1.0" ?>
<annotation>
<folder>KITTI</folder>
<filename>002390.png</filename>
<source>
<database>The KITTI Database</database>
<annotation>KITTI</annotation>
</source>
<size>
<width>1242</width>
<height>375</height>
<depth>3</depth>
</size>
<object>
<name>Car</name>
<bndbox>
<xmin>270</xmin>
<ymin>191</ymin>
<xmax>432</xmax>
<ymax>245</ymax>
</bndbox>
</object>
<object>
<name>Car</name>
<bndbox>
<xmin>490</xmin>
<ymin>180</ymin>
<xmax>537</xmax>
<ymax>199</ymax>
</bndbox>
</object>
</annotation>
