<?xml version="1.0" ?>
<annotation>
<folder>KITTI</folder>
<filename>002374.png</filename>
<source>
<database>The KITTI Database</database>
<annotation>KITTI</annotation>
</source>
<size>
<width>1242</width>
<height>375</height>
<depth>3</depth>
</size>
<object>
<name>Car</name>
<bndbox>
<xmin>534</xmin>
<ymin>186</ymin>
<xmax>567</xmax>
<ymax>220</ymax>
</bndbox>
</object>
<object>
<name>Car</name>
<bndbox>
<xmin>504</xmin>
<ymin>187</ymin>
<xmax>530</xmax>
<ymax>205</ymax>
</bndbox>
</object>
</annotation>
