<?xml version="1.0" ?>
<annotation>
<folder>KITTI</folder>
<filename>002489.png</filename>
<source>
<database>The KITTI Database</database>
<annotation>KITTI</annotation>
</source>
<size>
<width>1242</width>
<height>375</height>
<depth>3</depth>
</size>
<object>
<name>Car</name>
<bndbox>
<xmin>692</xmin>
<ymin>189</ymin>
<xmax>834</xmax>
<ymax>288</ymax>
</bndbox>
</object>
<object>
<name>Car</name>
<bndbox>
<xmin>486</xmin>
<ymin>188</ymin>
<xmax>532</xmax>
<ymax>219</ymax>
</bndbox>
</object>
<object>
<name>Car</name>
<bndbox>
<xmin>322</xmin>
<ymin>196</ymin>
<xmax>445</xmax>
<ymax>273</ymax>
</bndbox>
</object>
<object>
<name>Car</name>
<bndbox>
<xmin>391</xmin>
<ymin>193</ymin>
<xmax>481</xmax>
<ymax>249</ymax>
</bndbox>
</object>
<object>
<name>Car</name>
<bndbox>
<xmin>0</xmin>
<ymin>215</ymin>
<xmax>304</xmax>
<ymax>374</ymax>
</bndbox>
</object>
</annotation>
