<?xml version="1.0" ?>
<annotation>
<folder>KITTI</folder>
<filename>002433.png</filename>
<source>
<database>The KITTI Database</database>
<annotation>KITTI</annotation>
</source>
<size>
<width>1242</width>
<height>375</height>
<depth>3</depth>
</size>
<object>
<name>Car</name>
<bndbox>
<xmin>0</xmin>
<ymin>195</ymin>
<xmax>183</xmax>
<ymax>374</ymax>
</bndbox>
</object>
<object>
<name>Car</name>
<bndbox>
<xmin>83</xmin>
<ymin>184</ymin>
<xmax>382</xmax>
<ymax>347</ymax>
</bndbox>
</object>
<object>
<name>Car</name>
<bndbox>
<xmin>718</xmin>
<ymin>168</ymin>
<xmax>797</xmax>
<ymax>231</ymax>
</bndbox>
</object>
<object>
<name>Car</name>
<bndbox>
<xmin>308</xmin>
<ymin>191</ymin>
<xmax>452</xmax>
<ymax>276</ymax>
</bndbox>
</object>
<object>
<name>Car</name>
<bndbox>
<xmin>394</xmin>
<ymin>183</ymin>
<xmax>497</xmax>
<ymax>247</ymax>
</bndbox>
</object>
<object>
<name>Car</name>
<bndbox>
<xmin>557</xmin>
<ymin>176</ymin>
<xmax>593</xmax>
<ymax>200</ymax>
</bndbox>
</object>
<object>
<name>Car</name>
<bndbox>
<xmin>609</xmin>
<ymin>174</ymin>
<xmax>629</xmax>
<ymax>189</ymax>
</bndbox>
</object>
</annotation>
