<?xml version="1.0" ?>
<annotation>
<folder>KITTI</folder>
<filename>002471.png</filename>
<source>
<database>The KITTI Database</database>
<annotation>KITTI</annotation>
</source>
<size>
<width>1242</width>
<height>375</height>
<depth>3</depth>
</size>
<object>
<name>Car</name>
<bndbox>
<xmin>587</xmin>
<ymin>184</ymin>
<xmax>640</xmax>
<ymax>227</ymax>
</bndbox>
</object>
<object>
<name>Car</name>
<bndbox>
<xmin>0</xmin>
<ymin>184</ymin>
<xmax>263</xmax>
<ymax>374</ymax>
</bndbox>
</object>
<object>
<name>Car</name>
<bndbox>
<xmin>269</xmin>
<ymin>186</ymin>
<xmax>441</xmax>
<ymax>272</ymax>
</bndbox>
</object>
<object>
<name>Car</name>
<bndbox>
<xmin>331</xmin>
<ymin>136</ymin>
<xmax>514</xmax>
<ymax>249</ymax>
</bndbox>
</object>
<object>
<name>Car</name>
<bndbox>
<xmin>402</xmin>
<ymin>187</ymin>
<xmax>524</xmax>
<ymax>233</ymax>
</bndbox>
</object>
<object>
<name>Car</name>
<bndbox>
<xmin>514</xmin>
<ymin>172</ymin>
<xmax>571</xmax>
<ymax>200</ymax>
</bndbox>
</object>
<object>
<name>Pedestrian</name>
<bndbox>
<xmin>1056</xmin>
<ymin>159</ymin>
<xmax>1165</xmax>
<ymax>374</ymax>
</bndbox>
</object>
<object>
<name>Car</name>
<bndbox>
<xmin>641</xmin>
<ymin>166</ymin>
<xmax>679</xmax>
<ymax>202</ymax>
</bndbox>
</object>
<object>
<name>Car</name>
<bndbox>
<xmin>592</xmin>
<ymin>177</ymin>
<xmax>626</xmax>
<ymax>208</ymax>
</bndbox>
</object>
<object>
<name>Car</name>
<bndbox>
<xmin>428</xmin>
<ymin>170</ymin>
<xmax>547</xmax>
<ymax>224</ymax>
</bndbox>
</object>
<object>
<name>Car</name>
<bndbox>
<xmin>0</xmin>
<ymin>183</ymin>
<xmax>132</xmax>
<ymax>237</ymax>
</bndbox>
</object>
<object>
<name>Car</name>
<bndbox>
<xmin>22</xmin>
<ymin>183</ymin>
<xmax>259</xmax>
<ymax>280</ymax>
</bndbox>
</object>
<object>
<name>Car</name>
<bndbox>
<xmin>224</xmin>
<ymin>173</ymin>
<xmax>343</xmax>
<ymax>236</ymax>
</bndbox>
</object>
<object>
<name>Pedestrian</name>
<bndbox>
<xmin>109</xmin>
<ymin>164</ymin>
<xmax>133</xmax>
<ymax>224</ymax>
</bndbox>
</object>
<object>
<name>Pedestrian</name>
<bndbox>
<xmin>220</xmin>
<ymin>173</ymin>
<xmax>239</xmax>
<ymax>209</ymax>
</bndbox>
</object>
<object>
<name>Car</name>
<bndbox>
<xmin>305</xmin>
<ymin>143</ymin>
<xmax>396</xmax>
<ymax>200</ymax>
</bndbox>
</object>
</annotation>
