<?xml version="1.0" ?>
<annotation>
<folder>KITTI</folder>
<filename>002491.png</filename>
<source>
<database>The KITTI Database</database>
<annotation>KITTI</annotation>
</source>
<size>
<width>1242</width>
<height>375</height>
<depth>3</depth>
</size>
<object>
<name>Car</name>
<bndbox>
<xmin>456</xmin>
<ymin>185</ymin>
<xmax>534</xmax>
<ymax>239</ymax>
</bndbox>
</object>
<object>
<name>Car</name>
<bndbox>
<xmin>538</xmin>
<ymin>181</ymin>
<xmax>569</xmax>
<ymax>204</ymax>
</bndbox>
</object>
</annotation>
