<?xml version="1.0" ?>
<annotation>
<folder>KITTI</folder>
<filename>002479.png</filename>
<source>
<database>The KITTI Database</database>
<annotation>KITTI</annotation>
</source>
<size>
<width>1242</width>
<height>375</height>
<depth>3</depth>
</size>
<object>
<name>Car</name>
<bndbox>
<xmin>741</xmin>
<ymin>96</ymin>
<xmax>1126</xmax>
<ymax>374</ymax>
</bndbox>
</object>
<object>
<name>Car</name>
<bndbox>
<xmin>378</xmin>
<ymin>174</ymin>
<xmax>494</xmax>
<ymax>270</ymax>
</bndbox>
</object>
<object>
<name>Car</name>
<bndbox>
<xmin>683</xmin>
<ymin>179</ymin>
<xmax>763</xmax>
<ymax>238</ymax>
</bndbox>
</object>
<object>
<name>Car</name>
<bndbox>
<xmin>484</xmin>
<ymin>176</ymin>
<xmax>539</xmax>
<ymax>215</ymax>
</bndbox>
</object>
<object>
<name>Car</name>
<bndbox>
<xmin>521</xmin>
<ymin>171</ymin>
<xmax>559</xmax>
<ymax>205</ymax>
</bndbox>
</object>
<object>
<name>Car</name>
<bndbox>
<xmin>650</xmin>
<ymin>174</ymin>
<xmax>694</xmax>
<ymax>207</ymax>
</bndbox>
</object>
</annotation>
