<?xml version="1.0" ?>
<annotation>
<folder>KITTI</folder>
<filename>002418.png</filename>
<source>
<database>The KITTI Database</database>
<annotation>KITTI</annotation>
</source>
<size>
<width>1242</width>
<height>375</height>
<depth>3</depth>
</size>
<object>
<name>Cyclist</name>
<bndbox>
<xmin>288</xmin>
<ymin>173</ymin>
<xmax>393</xmax>
<ymax>324</ymax>
</bndbox>
</object>
<object>
<name>Cyclist</name>
<bndbox>
<xmin>361</xmin>
<ymin>178</ymin>
<xmax>443</xmax>
<ymax>313</ymax>
</bndbox>
</object>
<object>
<name>Car</name>
<bndbox>
<xmin>336</xmin>
<ymin>189</ymin>
<xmax>453</xmax>
<ymax>255</ymax>
</bndbox>
</object>
<object>
<name>Cyclist</name>
<bndbox>
<xmin>487</xmin>
<ymin>177</ymin>
<xmax>516</xmax>
<ymax>233</ymax>
</bndbox>
</object>
<object>
<name>Car</name>
<bndbox>
<xmin>482</xmin>
<ymin>185</ymin>
<xmax>533</xmax>
<ymax>214</ymax>
</bndbox>
</object>
<object>
<name>Car</name>
<bndbox>
<xmin>639</xmin>
<ymin>178</ymin>
<xmax>674</xmax>
<ymax>207</ymax>
</bndbox>
</object>
</annotation>
