<?xml version="1.0" ?>
<annotation>
<folder>KITTI</folder>
<filename>002454.png</filename>
<source>
<database>The KITTI Database</database>
<annotation>KITTI</annotation>
</source>
<size>
<width>1242</width>
<height>375</height>
<depth>3</depth>
</size>
<object>
<name>Car</name>
<bndbox>
<xmin>0</xmin>
<ymin>170</ymin>
<xmax>319</xmax>
<ymax>312</ymax>
</bndbox>
</object>
<object>
<name>Car</name>
<bndbox>
<xmin>17</xmin>
<ymin>178</ymin>
<xmax>284</xmax>
<ymax>281</ymax>
</bndbox>
</object>
<object>
<name>Car</name>
<bndbox>
<xmin>109</xmin>
<ymin>172</ymin>
<xmax>374</xmax>
<ymax>261</ymax>
</bndbox>
</object>
<object>
<name>Car</name>
<bndbox>
<xmin>230</xmin>
<ymin>168</ymin>
<xmax>364</xmax>
<ymax>247</ymax>
</bndbox>
</object>
<object>
<name>Car</name>
<bndbox>
<xmin>275</xmin>
<ymin>176</ymin>
<xmax>471</xmax>
<ymax>240</ymax>
</bndbox>
</object>
<object>
<name>Car</name>
<bndbox>
<xmin>270</xmin>
<ymin>124</ymin>
<xmax>493</xmax>
<ymax>231</ymax>
</bndbox>
</object>
<object>
<name>Car</name>
<bndbox>
<xmin>681</xmin>
<ymin>183</ymin>
<xmax>783</xmax>
<ymax>255</ymax>
</bndbox>
</object>
<object>
<name>Car</name>
<bndbox>
<xmin>763</xmin>
<ymin>181</ymin>
<xmax>884</xmax>
<ymax>230</ymax>
</bndbox>
</object>
<object>
<name>Car</name>
<bndbox>
<xmin>630</xmin>
<ymin>178</ymin>
<xmax>652</xmax>
<ymax>195</ymax>
</bndbox>
</object>
</annotation>
