<?xml version="1.0" ?>
<annotation>
<folder>KITTI</folder>
<filename>002410.png</filename>
<source>
<database>The KITTI Database</database>
<annotation>KITTI</annotation>
</source>
<size>
<width>1224</width>
<height>370</height>
<depth>3</depth>
</size>
<object>
<name>Pedestrian</name>
<bndbox>
<xmin>592</xmin>
<ymin>148</ymin>
<xmax>668</xmax>
<ymax>328</ymax>
</bndbox>
</object>
<object>
<name>Pedestrian</name>
<bndbox>
<xmin>918</xmin>
<ymin>148</ymin>
<xmax>984</xmax>
<ymax>369</ymax>
</bndbox>
</object>
<object>
<name>Pedestrian</name>
<bndbox>
<xmin>1081</xmin>
<ymin>117</ymin>
<xmax>1149</xmax>
<ymax>369</ymax>
</bndbox>
</object>
<object>
<name>Pedestrian</name>
<bndbox>
<xmin>1004</xmin>
<ymin>145</ymin>
<xmax>1092</xmax>
<ymax>369</ymax>
</bndbox>
</object>
</annotation>
