<?xml version="1.0" ?>
<annotation>
<folder>KITTI</folder>
<filename>002523.png</filename>
<source>
<database>The KITTI Database</database>
<annotation>KITTI</annotation>
</source>
<size>
<width>1242</width>
<height>375</height>
<depth>3</depth>
</size>
<object>
<name>Car</name>
<bndbox>
<xmin>564</xmin>
<ymin>115</ymin>
<xmax>648</xmax>
<ymax>217</ymax>
</bndbox>
</object>
<object>
<name>Car</name>
<bndbox>
<xmin>0</xmin>
<ymin>190</ymin>
<xmax>98</xmax>
<ymax>234</ymax>
</bndbox>
</object>
<object>
<name>Car</name>
<bndbox>
<xmin>87</xmin>
<ymin>192</ymin>
<xmax>176</xmax>
<ymax>224</ymax>
</bndbox>
</object>
<object>
<name>Car</name>
<bndbox>
<xmin>147</xmin>
<ymin>187</ymin>
<xmax>215</xmax>
<ymax>216</ymax>
</bndbox>
</object>
</annotation>
