<?xml version="1.0" ?>
<annotation>
<folder>KITTI</folder>
<filename>002542.png</filename>
<source>
<database>The KITTI Database</database>
<annotation>KITTI</annotation>
</source>
<size>
<width>1242</width>
<height>375</height>
<depth>3</depth>
</size>
<object>
<name>Car</name>
<bndbox>
<xmin>692</xmin>
<ymin>170</ymin>
<xmax>722</xmax>
<ymax>194</ymax>
</bndbox>
</object>
<object>
<name>Car</name>
<bndbox>
<xmin>0</xmin>
<ymin>152</ymin>
<xmax>285</xmax>
<ymax>327</ymax>
</bndbox>
</object>
<object>
<name>Car</name>
<bndbox>
<xmin>734</xmin>
<ymin>172</ymin>
<xmax>870</xmax>
<ymax>267</ymax>
</bndbox>
</object>
<object>
<name>Car</name>
<bndbox>
<xmin>603</xmin>
<ymin>170</ymin>
<xmax>649</xmax>
<ymax>201</ymax>
</bndbox>
</object>
<object>
<name>Car</name>
<bndbox>
<xmin>730</xmin>
<ymin>151</ymin>
<xmax>810</xmax>
<ymax>240</ymax>
</bndbox>
</object>
</annotation>
