<?xml version="1.0" ?>
<annotation>
<folder>KITTI</folder>
<filename>002686.png</filename>
<source>
<database>The KITTI Database</database>
<annotation>KITTI</annotation>
</source>
<size>
<width>1242</width>
<height>375</height>
<depth>3</depth>
</size>
<object>
<name>Cyclist</name>
<bndbox>
<xmin>606</xmin>
<ymin>140</ymin>
<xmax>688</xmax>
<ymax>273</ymax>
</bndbox>
</object>
<object>
<name>Car</name>
<bndbox>
<xmin>876</xmin>
<ymin>111</ymin>
<xmax>917</xmax>
<ymax>140</ymax>
</bndbox>
</object>
</annotation>
