<?xml version="1.0" ?>
<annotation>
<folder>KITTI</folder>
<filename>002640.png</filename>
<source>
<database>The KITTI Database</database>
<annotation>KITTI</annotation>
</source>
<size>
<width>1238</width>
<height>374</height>
<depth>3</depth>
</size>
<object>
<name>Pedestrian</name>
<bndbox>
<xmin>818</xmin>
<ymin>161</ymin>
<xmax>879</xmax>
<ymax>355</ymax>
</bndbox>
</object>
<object>
<name>Pedestrian</name>
<bndbox>
<xmin>244</xmin>
<ymin>161</ymin>
<xmax>339</xmax>
<ymax>362</ymax>
</bndbox>
</object>
<object>
<name>Pedestrian</name>
<bndbox>
<xmin>115</xmin>
<ymin>163</ymin>
<xmax>183</xmax>
<ymax>349</ymax>
</bndbox>
</object>
<object>
<name>Pedestrian</name>
<bndbox>
<xmin>1134</xmin>
<ymin>152</ymin>
<xmax>1237</xmax>
<ymax>373</ymax>
</bndbox>
</object>
<object>
<name>Pedestrian</name>
<bndbox>
<xmin>1096</xmin>
<ymin>143</ymin>
<xmax>1194</xmax>
<ymax>373</ymax>
</bndbox>
</object>
<object>
<name>Pedestrian</name>
<bndbox>
<xmin>623</xmin>
<ymin>159</ymin>
<xmax>652</xmax>
<ymax>242</ymax>
</bndbox>
</object>
<object>
<name>Pedestrian</name>
<bndbox>
<xmin>782</xmin>
<ymin>168</ymin>
<xmax>855</xmax>
<ymax>324</ymax>
</bndbox>
</object>
<object>
<name>Pedestrian</name>
<bndbox>
<xmin>738</xmin>
<ymin>167</ymin>
<xmax>777</xmax>
<ymax>299</ymax>
</bndbox>
</object>
<object>
<name>Pedestrian</name>
<bndbox>
<xmin>712</xmin>
<ymin>167</ymin>
<xmax>748</xmax>
<ymax>281</ymax>
</bndbox>
</object>
<object>
<name>Pedestrian</name>
<bndbox>
<xmin>773</xmin>
<ymin>158</ymin>
<xmax>838</xmax>
<ymax>268</ymax>
</bndbox>
</object>
<object>
<name>Pedestrian</name>
<bndbox>
<xmin>741</xmin>
<ymin>172</ymin>
<xmax>780</xmax>
<ymax>283</ymax>
</bndbox>
</object>
<object>
<name>Pedestrian</name>
<bndbox>
<xmin>794</xmin>
<ymin>155</ymin>
<xmax>844</xmax>
<ymax>244</ymax>
</bndbox>
</object>
<object>
<name>Car</name>
<bndbox>
<xmin>540</xmin>
<ymin>168</ymin>
<xmax>595</xmax>
<ymax>211</ymax>
</bndbox>
</object>
</annotation>
