<?xml version="1.0" ?>
<annotation>
<folder>KITTI</folder>
<filename>002654.png</filename>
<source>
<database>The KITTI Database</database>
<annotation>KITTI</annotation>
</source>
<size>
<width>1242</width>
<height>375</height>
<depth>3</depth>
</size>
<object>
<name>Car</name>
<bndbox>
<xmin>113</xmin>
<ymin>190</ymin>
<xmax>363</xmax>
<ymax>314</ymax>
</bndbox>
</object>
<object>
<name>Cyclist</name>
<bndbox>
<xmin>752</xmin>
<ymin>157</ymin>
<xmax>775</xmax>
<ymax>198</ymax>
</bndbox>
</object>
</annotation>
