<?xml version="1.0" ?>
<annotation>
<folder>KITTI</folder>
<filename>002661.png</filename>
<source>
<database>The KITTI Database</database>
<annotation>KITTI</annotation>
</source>
<size>
<width>1242</width>
<height>375</height>
<depth>3</depth>
</size>
<object>
<name>Car</name>
<bndbox>
<xmin>586</xmin>
<ymin>175</ymin>
<xmax>612</xmax>
<ymax>201</ymax>
</bndbox>
</object>
<object>
<name>Car</name>
<bndbox>
<xmin>391</xmin>
<ymin>178</ymin>
<xmax>447</xmax>
<ymax>216</ymax>
</bndbox>
</object>
<object>
<name>Car</name>
<bndbox>
<xmin>379</xmin>
<ymin>172</ymin>
<xmax>427</xmax>
<ymax>209</ymax>
</bndbox>
</object>
<object>
<name>Car</name>
<bndbox>
<xmin>483</xmin>
<ymin>170</ymin>
<xmax>509</xmax>
<ymax>197</ymax>
</bndbox>
</object>
</annotation>
