<?xml version="1.0" ?>
<annotation>
<folder>KITTI</folder>
<filename>002653.png</filename>
<source>
<database>The KITTI Database</database>
<annotation>KITTI</annotation>
</source>
<size>
<width>1242</width>
<height>375</height>
<depth>3</depth>
</size>
<object>
<name>Car</name>
<bndbox>
<xmin>413</xmin>
<ymin>163</ymin>
<xmax>474</xmax>
<ymax>223</ymax>
</bndbox>
</object>
<object>
<name>Car</name>
<bndbox>
<xmin>575</xmin>
<ymin>184</ymin>
<xmax>592</xmax>
<ymax>197</ymax>
</bndbox>
</object>
</annotation>
