<?xml version="1.0" ?>
<annotation>
<folder>KITTI</folder>
<filename>002750.png</filename>
<source>
<database>The KITTI Database</database>
<annotation>KITTI</annotation>
</source>
<size>
<width>1242</width>
<height>375</height>
<depth>3</depth>
</size>
<object>
<name>Car</name>
<bndbox>
<xmin>802</xmin>
<ymin>178</ymin>
<xmax>928</xmax>
<ymax>246</ymax>
</bndbox>
</object>
<object>
<name>Car</name>
<bndbox>
<xmin>1109</xmin>
<ymin>174</ymin>
<xmax>1157</xmax>
<ymax>203</ymax>
</bndbox>
</object>
<object>
<name>Car</name>
<bndbox>
<xmin>884</xmin>
<ymin>181</ymin>
<xmax>985</xmax>
<ymax>233</ymax>
</bndbox>
</object>
<object>
<name>Car</name>
<bndbox>
<xmin>968</xmin>
<ymin>179</ymin>
<xmax>1032</xmax>
<ymax>217</ymax>
</bndbox>
</object>
<object>
<name>Car</name>
<bndbox>
<xmin>1067</xmin>
<ymin>156</ymin>
<xmax>1114</xmax>
<ymax>199</ymax>
</bndbox>
</object>
<object>
<name>Car</name>
<bndbox>
<xmin>1044</xmin>
<ymin>176</ymin>
<xmax>1086</xmax>
<ymax>205</ymax>
</bndbox>
</object>
</annotation>
