<?xml version="1.0" ?>
<annotation>
<folder>KITTI</folder>
<filename>002788.png</filename>
<source>
<database>The KITTI Database</database>
<annotation>KITTI</annotation>
</source>
<size>
<width>1242</width>
<height>375</height>
<depth>3</depth>
</size>
<object>
<name>Car</name>
<bndbox>
<xmin>667</xmin>
<ymin>147</ymin>
<xmax>722</xmax>
<ymax>185</ymax>
</bndbox>
</object>
<object>
<name>Car</name>
<bndbox>
<xmin>0</xmin>
<ymin>187</ymin>
<xmax>211</xmax>
<ymax>311</ymax>
</bndbox>
</object>
<object>
<name>Car</name>
<bndbox>
<xmin>269</xmin>
<ymin>186</ymin>
<xmax>375</xmax>
<ymax>242</ymax>
</bndbox>
</object>
<object>
<name>Car</name>
<bndbox>
<xmin>343</xmin>
<ymin>185</ymin>
<xmax>420</xmax>
<ymax>228</ymax>
</bndbox>
</object>
<object>
<name>Car</name>
<bndbox>
<xmin>464</xmin>
<ymin>178</ymin>
<xmax>504</xmax>
<ymax>204</ymax>
</bndbox>
</object>
<object>
<name>Cyclist</name>
<bndbox>
<xmin>842</xmin>
<ymin>157</ymin>
<xmax>863</xmax>
<ymax>194</ymax>
</bndbox>
</object>
</annotation>
