<?xml version="1.0" ?>
<annotation>
<folder>KITTI</folder>
<filename>002732.png</filename>
<source>
<database>The KITTI Database</database>
<annotation>KITTI</annotation>
</source>
<size>
<width>1242</width>
<height>375</height>
<depth>3</depth>
</size>
<object>
<name>Car</name>
<bndbox>
<xmin>79</xmin>
<ymin>199</ymin>
<xmax>182</xmax>
<ymax>240</ymax>
</bndbox>
</object>
<object>
<name>Car</name>
<bndbox>
<xmin>2</xmin>
<ymin>198</ymin>
<xmax>119</xmax>
<ymax>242</ymax>
</bndbox>
</object>
</annotation>
