<?xml version="1.0" ?>
<annotation>
<folder>KITTI</folder>
<filename>002779.png</filename>
<source>
<database>The KITTI Database</database>
<annotation>KITTI</annotation>
</source>
<size>
<width>1242</width>
<height>375</height>
<depth>3</depth>
</size>
<object>
<name>Car</name>
<bndbox>
<xmin>198</xmin>
<ymin>188</ymin>
<xmax>281</xmax>
<ymax>246</ymax>
</bndbox>
</object>
<object>
<name>Car</name>
<bndbox>
<xmin>156</xmin>
<ymin>177</ymin>
<xmax>233</xmax>
<ymax>228</ymax>
</bndbox>
</object>
<object>
<name>Car</name>
<bndbox>
<xmin>246</xmin>
<ymin>196</ymin>
<xmax>308</xmax>
<ymax>234</ymax>
</bndbox>
</object>
<object>
<name>Car</name>
<bndbox>
<xmin>730</xmin>
<ymin>179</ymin>
<xmax>777</xmax>
<ymax>207</ymax>
</bndbox>
</object>
</annotation>
