<?xml version="1.0" ?>
<annotation>
<folder>KITTI</folder>
<filename>002860.png</filename>
<source>
<database>The KITTI Database</database>
<annotation>KITTI</annotation>
</source>
<size>
<width>1224</width>
<height>370</height>
<depth>3</depth>
</size>
<object>
<name>Pedestrian</name>
<bndbox>
<xmin>933</xmin>
<ymin>129</ymin>
<xmax>1003</xmax>
<ymax>328</ymax>
</bndbox>
</object>
<object>
<name>Pedestrian</name>
<bndbox>
<xmin>1096</xmin>
<ymin>151</ymin>
<xmax>1150</xmax>
<ymax>288</ymax>
</bndbox>
</object>
</annotation>
