<?xml version="1.0" ?>
<annotation>
<folder>KITTI</folder>
<filename>002890.png</filename>
<source>
<database>The KITTI Database</database>
<annotation>KITTI</annotation>
</source>
<size>
<width>1242</width>
<height>375</height>
<depth>3</depth>
</size>
<object>
<name>Car</name>
<bndbox>
<xmin>815</xmin>
<ymin>183</ymin>
<xmax>1029</xmax>
<ymax>366</ymax>
</bndbox>
</object>
<object>
<name>Car</name>
<bndbox>
<xmin>582</xmin>
<ymin>182</ymin>
<xmax>638</xmax>
<ymax>223</ymax>
</bndbox>
</object>
<object>
<name>Car</name>
<bndbox>
<xmin>739</xmin>
<ymin>180</ymin>
<xmax>774</xmax>
<ymax>213</ymax>
</bndbox>
</object>
<object>
<name>Car</name>
<bndbox>
<xmin>634</xmin>
<ymin>181</ymin>
<xmax>669</xmax>
<ymax>206</ymax>
</bndbox>
</object>
</annotation>
