<?xml version="1.0" ?>
<annotation>
<folder>KITTI</folder>
<filename>002814.png</filename>
<source>
<database>The KITTI Database</database>
<annotation>KITTI</annotation>
</source>
<size>
<width>1242</width>
<height>375</height>
<depth>3</depth>
</size>
<object>
<name>Car</name>
<bndbox>
<xmin>590</xmin>
<ymin>181</ymin>
<xmax>623</xmax>
<ymax>213</ymax>
</bndbox>
</object>
<object>
<name>Car</name>
<bndbox>
<xmin>100</xmin>
<ymin>200</ymin>
<xmax>304</xmax>
<ymax>286</ymax>
</bndbox>
</object>
<object>
<name>Car</name>
<bndbox>
<xmin>452</xmin>
<ymin>171</ymin>
<xmax>480</xmax>
<ymax>193</ymax>
</bndbox>
</object>
</annotation>
