<?xml version="1.0" ?>
<annotation>
<folder>KITTI</folder>
<filename>002854.png</filename>
<source>
<database>The KITTI Database</database>
<annotation>KITTI</annotation>
</source>
<size>
<width>1242</width>
<height>375</height>
<depth>3</depth>
</size>
<object>
<name>Car</name>
<bndbox>
<xmin>198</xmin>
<ymin>152</ymin>
<xmax>463</xmax>
<ymax>344</ymax>
</bndbox>
</object>
<object>
<name>Car</name>
<bndbox>
<xmin>408</xmin>
<ymin>184</ymin>
<xmax>508</xmax>
<ymax>253</ymax>
</bndbox>
</object>
<object>
<name>Car</name>
<bndbox>
<xmin>510</xmin>
<ymin>174</ymin>
<xmax>553</xmax>
<ymax>213</ymax>
</bndbox>
</object>
<object>
<name>Car</name>
<bndbox>
<xmin>539</xmin>
<ymin>176</ymin>
<xmax>567</xmax>
<ymax>202</ymax>
</bndbox>
</object>
<object>
<name>Car</name>
<bndbox>
<xmin>563</xmin>
<ymin>172</ymin>
<xmax>594</xmax>
<ymax>192</ymax>
</bndbox>
</object>
</annotation>
