<?xml version="1.0" ?>
<annotation>
<folder>KITTI</folder>
<filename>002808.png</filename>
<source>
<database>The KITTI Database</database>
<annotation>KITTI</annotation>
</source>
<size>
<width>1242</width>
<height>375</height>
<depth>3</depth>
</size>
<object>
<name>Car</name>
<bndbox>
<xmin>127</xmin>
<ymin>199</ymin>
<xmax>415</xmax>
<ymax>374</ymax>
</bndbox>
</object>
<object>
<name>Car</name>
<bndbox>
<xmin>584</xmin>
<ymin>179</ymin>
<xmax>612</xmax>
<ymax>202</ymax>
</bndbox>
</object>
</annotation>
