<?xml version="1.0" ?>
<annotation>
<folder>KITTI</folder>
<filename>002858.png</filename>
<source>
<database>The KITTI Database</database>
<annotation>KITTI</annotation>
</source>
<size>
<width>1242</width>
<height>375</height>
<depth>3</depth>
</size>
<object>
<name>Car</name>
<bndbox>
<xmin>834</xmin>
<ymin>176</ymin>
<xmax>1150</xmax>
<ymax>371</ymax>
</bndbox>
</object>
<object>
<name>Car</name>
<bndbox>
<xmin>744</xmin>
<ymin>175</ymin>
<xmax>877</xmax>
<ymax>267</ymax>
</bndbox>
</object>
<object>
<name>Car</name>
<bndbox>
<xmin>560</xmin>
<ymin>168</ymin>
<xmax>614</xmax>
<ymax>205</ymax>
</bndbox>
</object>
<object>
<name>Car</name>
<bndbox>
<xmin>601</xmin>
<ymin>173</ymin>
<xmax>644</xmax>
<ymax>199</ymax>
</bndbox>
</object>
<object>
<name>Car</name>
<bndbox>
<xmin>665</xmin>
<ymin>172</ymin>
<xmax>693</xmax>
<ymax>189</ymax>
</bndbox>
</object>
<object>
<name>Cyclist</name>
<bndbox>
<xmin>708</xmin>
<ymin>167</ymin>
<xmax>725</xmax>
<ymax>209</ymax>
</bndbox>
</object>
</annotation>
