<?xml version="1.0" ?>
<annotation>
<folder>KITTI</folder>
<filename>002816.png</filename>
<source>
<database>The KITTI Database</database>
<annotation>KITTI</annotation>
</source>
<size>
<width>1242</width>
<height>375</height>
<depth>3</depth>
</size>
<object>
<name>Car</name>
<bndbox>
<xmin>485</xmin>
<ymin>181</ymin>
<xmax>530</xmax>
<ymax>218</ymax>
</bndbox>
</object>
<object>
<name>Car</name>
<bndbox>
<xmin>122</xmin>
<ymin>176</ymin>
<xmax>208</xmax>
<ymax>214</ymax>
</bndbox>
</object>
<object>
<name>Car</name>
<bndbox>
<xmin>202</xmin>
<ymin>177</ymin>
<xmax>268</xmax>
<ymax>206</ymax>
</bndbox>
</object>
<object>
<name>Car</name>
<bndbox>
<xmin>1130</xmin>
<ymin>197</ymin>
<xmax>1241</xmax>
<ymax>242</ymax>
</bndbox>
</object>
<object>
<name>Car</name>
<bndbox>
<xmin>262</xmin>
<ymin>180</ymin>
<xmax>314</xmax>
<ymax>205</ymax>
</bndbox>
</object>
<object>
<name>Car</name>
<bndbox>
<xmin>538</xmin>
<ymin>178</ymin>
<xmax>564</xmax>
<ymax>198</ymax>
</bndbox>
</object>
<object>
<name>Car</name>
<bndbox>
<xmin>573</xmin>
<ymin>175</ymin>
<xmax>623</xmax>
<ymax>225</ymax>
</bndbox>
</object>
<object>
<name>Car</name>
<bndbox>
<xmin>3</xmin>
<ymin>178</ymin>
<xmax>122</xmax>
<ymax>219</ymax>
</bndbox>
</object>
<object>
<name>Cyclist</name>
<bndbox>
<xmin>926</xmin>
<ymin>188</ymin>
<xmax>960</xmax>
<ymax>239</ymax>
</bndbox>
</object>
</annotation>
