<?xml version="1.0" ?>
<annotation>
<folder>KITTI</folder>
<filename>002838.png</filename>
<source>
<database>The KITTI Database</database>
<annotation>KITTI</annotation>
</source>
<size>
<width>1242</width>
<height>375</height>
<depth>3</depth>
</size>
<object>
<name>Car</name>
<bndbox>
<xmin>447</xmin>
<ymin>140</ymin>
<xmax>529</xmax>
<ymax>225</ymax>
</bndbox>
</object>
<object>
<name>Car</name>
<bndbox>
<xmin>889</xmin>
<ymin>186</ymin>
<xmax>959</xmax>
<ymax>212</ymax>
</bndbox>
</object>
<object>
<name>Car</name>
<bndbox>
<xmin>556</xmin>
<ymin>175</ymin>
<xmax>613</xmax>
<ymax>233</ymax>
</bndbox>
</object>
<object>
<name>Car</name>
<bndbox>
<xmin>248</xmin>
<ymin>179</ymin>
<xmax>299</xmax>
<ymax>202</ymax>
</bndbox>
</object>
<object>
<name>Cyclist</name>
<bndbox>
<xmin>828</xmin>
<ymin>180</ymin>
<xmax>848</xmax>
<ymax>216</ymax>
</bndbox>
</object>
</annotation>
