<?xml version="1.0" ?>
<annotation>
<folder>KITTI</folder>
<filename>002895.png</filename>
<source>
<database>The KITTI Database</database>
<annotation>KITTI</annotation>
</source>
<size>
<width>1242</width>
<height>375</height>
<depth>3</depth>
</size>
<object>
<name>Car</name>
<bndbox>
<xmin>688</xmin>
<ymin>155</ymin>
<xmax>830</xmax>
<ymax>216</ymax>
</bndbox>
</object>
<object>
<name>Car</name>
<bndbox>
<xmin>796</xmin>
<ymin>158</ymin>
<xmax>1173</xmax>
<ymax>292</ymax>
</bndbox>
</object>
<object>
<name>Car</name>
<bndbox>
<xmin>0</xmin>
<ymin>131</ymin>
<xmax>233</xmax>
<ymax>261</ymax>
</bndbox>
</object>
<object>
<name>Car</name>
<bndbox>
<xmin>14</xmin>
<ymin>159</ymin>
<xmax>302</xmax>
<ymax>249</ymax>
</bndbox>
</object>
<object>
<name>Car</name>
<bndbox>
<xmin>116</xmin>
<ymin>151</ymin>
<xmax>349</xmax>
<ymax>228</ymax>
</bndbox>
</object>
<object>
<name>Car</name>
<bndbox>
<xmin>243</xmin>
<ymin>149</ymin>
<xmax>404</xmax>
<ymax>206</ymax>
</bndbox>
</object>
<object>
<name>Car</name>
<bndbox>
<xmin>668</xmin>
<ymin>158</ymin>
<xmax>792</xmax>
<ymax>209</ymax>
</bndbox>
</object>
<object>
<name>Car</name>
<bndbox>
<xmin>459</xmin>
<ymin>151</ymin>
<xmax>494</xmax>
<ymax>173</ymax>
</bndbox>
</object>
</annotation>
