<?xml version="1.0" ?>
<annotation>
<folder>KITTI</folder>
<filename>002937.png</filename>
<source>
<database>The KITTI Database</database>
<annotation>KITTI</annotation>
</source>
<size>
<width>1242</width>
<height>375</height>
<depth>3</depth>
</size>
<object>
<name>Car</name>
<bndbox>
<xmin>717</xmin>
<ymin>172</ymin>
<xmax>904</xmax>
<ymax>298</ymax>
</bndbox>
</object>
<object>
<name>Pedestrian</name>
<bndbox>
<xmin>166</xmin>
<ymin>189</ymin>
<xmax>271</xmax>
<ymax>358</ymax>
</bndbox>
</object>
<object>
<name>Car</name>
<bndbox>
<xmin>273</xmin>
<ymin>168</ymin>
<xmax>446</xmax>
<ymax>246</ymax>
</bndbox>
</object>
<object>
<name>Car</name>
<bndbox>
<xmin>662</xmin>
<ymin>152</ymin>
<xmax>730</xmax>
<ymax>218</ymax>
</bndbox>
</object>
<object>
<name>Car</name>
<bndbox>
<xmin>546</xmin>
<ymin>173</ymin>
<xmax>572</xmax>
<ymax>194</ymax>
</bndbox>
</object>
</annotation>
