<?xml version="1.0" ?>
<annotation>
<folder>KITTI</folder>
<filename>002966.png</filename>
<source>
<database>The KITTI Database</database>
<annotation>KITTI</annotation>
</source>
<size>
<width>1238</width>
<height>374</height>
<depth>3</depth>
</size>
<object>
<name>Pedestrian</name>
<bndbox>
<xmin>579</xmin>
<ymin>166</ymin>
<xmax>597</xmax>
<ymax>220</ymax>
</bndbox>
</object>
<object>
<name>Pedestrian</name>
<bndbox>
<xmin>602</xmin>
<ymin>163</ymin>
<xmax>620</xmax>
<ymax>219</ymax>
</bndbox>
</object>
<object>
<name>Pedestrian</name>
<bndbox>
<xmin>360</xmin>
<ymin>158</ymin>
<xmax>420</xmax>
<ymax>324</ymax>
</bndbox>
</object>
<object>
<name>Pedestrian</name>
<bndbox>
<xmin>1164</xmin>
<ymin>136</ymin>
<xmax>1230</xmax>
<ymax>314</ymax>
</bndbox>
</object>
<object>
<name>Pedestrian</name>
<bndbox>
<xmin>390</xmin>
<ymin>169</ymin>
<xmax>430</xmax>
<ymax>249</ymax>
</bndbox>
</object>
<object>
<name>Pedestrian</name>
<bndbox>
<xmin>362</xmin>
<ymin>176</ymin>
<xmax>422</xmax>
<ymax>289</ymax>
</bndbox>
</object>
<object>
<name>Car</name>
<bndbox>
<xmin>0</xmin>
<ymin>117</ymin>
<xmax>391</xmax>
<ymax>373</ymax>
</bndbox>
</object>
<object>
<name>Pedestrian</name>
<bndbox>
<xmin>803</xmin>
<ymin>145</ymin>
<xmax>859</xmax>
<ymax>276</ymax>
</bndbox>
</object>
<object>
<name>Pedestrian</name>
<bndbox>
<xmin>1054</xmin>
<ymin>132</ymin>
<xmax>1131</xmax>
<ymax>292</ymax>
</bndbox>
</object>
<object>
<name>Pedestrian</name>
<bndbox>
<xmin>494</xmin>
<ymin>165</ymin>
<xmax>509</xmax>
<ymax>213</ymax>
</bndbox>
</object>
<object>
<name>Car</name>
<bndbox>
<xmin>369</xmin>
<ymin>155</ymin>
<xmax>471</xmax>
<ymax>237</ymax>
</bndbox>
</object>
<object>
<name>Car</name>
<bndbox>
<xmin>431</xmin>
<ymin>158</ymin>
<xmax>493</xmax>
<ymax>218</ymax>
</bndbox>
</object>
</annotation>
