<?xml version="1.0" ?>
<annotation>
<folder>KITTI</folder>
<filename>002925.png</filename>
<source>
<database>The KITTI Database</database>
<annotation>KITTI</annotation>
</source>
<size>
<width>1242</width>
<height>375</height>
<depth>3</depth>
</size>
<object>
<name>Car</name>
<bndbox>
<xmin>568</xmin>
<ymin>180</ymin>
<xmax>612</xmax>
<ymax>224</ymax>
</bndbox>
</object>
<object>
<name>Car</name>
<bndbox>
<xmin>0</xmin>
<ymin>199</ymin>
<xmax>144</xmax>
<ymax>319</ymax>
</bndbox>
</object>
<object>
<name>Car</name>
<bndbox>
<xmin>250</xmin>
<ymin>187</ymin>
<xmax>366</xmax>
<ymax>248</ymax>
</bndbox>
</object>
<object>
<name>Car</name>
<bndbox>
<xmin>359</xmin>
<ymin>186</ymin>
<xmax>427</xmax>
<ymax>228</ymax>
</bndbox>
</object>
<object>
<name>Car</name>
<bndbox>
<xmin>422</xmin>
<ymin>183</ymin>
<xmax>462</xmax>
<ymax>214</ymax>
</bndbox>
</object>
<object>
<name>Car</name>
<bndbox>
<xmin>452</xmin>
<ymin>186</ymin>
<xmax>488</xmax>
<ymax>208</ymax>
</bndbox>
</object>
</annotation>
