<?xml version="1.0" ?>
<annotation>
<folder>KITTI</folder>
<filename>002976.png</filename>
<source>
<database>The KITTI Database</database>
<annotation>KITTI</annotation>
</source>
<size>
<width>1242</width>
<height>375</height>
<depth>3</depth>
</size>
<object>
<name>Car</name>
<bndbox>
<xmin>695</xmin>
<ymin>187</ymin>
<xmax>820</xmax>
<ymax>268</ymax>
</bndbox>
</object>
<object>
<name>Car</name>
<bndbox>
<xmin>0</xmin>
<ymin>191</ymin>
<xmax>332</xmax>
<ymax>303</ymax>
</bndbox>
</object>
<object>
<name>Car</name>
<bndbox>
<xmin>126</xmin>
<ymin>187</ymin>
<xmax>370</xmax>
<ymax>280</ymax>
</bndbox>
</object>
<object>
<name>Car</name>
<bndbox>
<xmin>178</xmin>
<ymin>189</ymin>
<xmax>392</xmax>
<ymax>263</ymax>
</bndbox>
</object>
<object>
<name>Car</name>
<bndbox>
<xmin>250</xmin>
<ymin>186</ymin>
<xmax>426</xmax>
<ymax>253</ymax>
</bndbox>
</object>
<object>
<name>Car</name>
<bndbox>
<xmin>648</xmin>
<ymin>183</ymin>
<xmax>717</xmax>
<ymax>230</ymax>
</bndbox>
</object>
<object>
<name>Car</name>
<bndbox>
<xmin>392</xmin>
<ymin>184</ymin>
<xmax>509</xmax>
<ymax>224</ymax>
</bndbox>
</object>
<object>
<name>Car</name>
<bndbox>
<xmin>641</xmin>
<ymin>182</ymin>
<xmax>684</xmax>
<ymax>212</ymax>
</bndbox>
</object>
<object>
<name>Car</name>
<bndbox>
<xmin>418</xmin>
<ymin>174</ymin>
<xmax>496</xmax>
<ymax>213</ymax>
</bndbox>
</object>
<object>
<name>Car</name>
<bndbox>
<xmin>628</xmin>
<ymin>175</ymin>
<xmax>654</xmax>
<ymax>199</ymax>
</bndbox>
</object>
</annotation>
