<?xml version="1.0" ?>
<annotation>
<folder>KITTI</folder>
<filename>003083.png</filename>
<source>
<database>The KITTI Database</database>
<annotation>KITTI</annotation>
</source>
<size>
<width>1242</width>
<height>375</height>
<depth>3</depth>
</size>
<object>
<name>Car</name>
<bndbox>
<xmin>243</xmin>
<ymin>184</ymin>
<xmax>415</xmax>
<ymax>287</ymax>
</bndbox>
</object>
<object>
<name>Car</name>
<bndbox>
<xmin>337</xmin>
<ymin>170</ymin>
<xmax>465</xmax>
<ymax>260</ymax>
</bndbox>
</object>
<object>
<name>Car</name>
<bndbox>
<xmin>429</xmin>
<ymin>182</ymin>
<xmax>494</xmax>
<ymax>228</ymax>
</bndbox>
</object>
<object>
<name>Car</name>
<bndbox>
<xmin>460</xmin>
<ymin>175</ymin>
<xmax>509</xmax>
<ymax>213</ymax>
</bndbox>
</object>
</annotation>
