<?xml version="1.0" ?>
<annotation>
<folder>KITTI</folder>
<filename>003014.png</filename>
<source>
<database>The KITTI Database</database>
<annotation>KITTI</annotation>
</source>
<size>
<width>1242</width>
<height>375</height>
<depth>3</depth>
</size>
<object>
<name>Car</name>
<bndbox>
<xmin>0</xmin>
<ymin>195</ymin>
<xmax>221</xmax>
<ymax>302</ymax>
</bndbox>
</object>
<object>
<name>Car</name>
<bndbox>
<xmin>57</xmin>
<ymin>191</ymin>
<xmax>312</xmax>
<ymax>279</ymax>
</bndbox>
</object>
<object>
<name>Car</name>
<bndbox>
<xmin>311</xmin>
<ymin>174</ymin>
<xmax>448</xmax>
<ymax>230</ymax>
</bndbox>
</object>
<object>
<name>Car</name>
<bndbox>
<xmin>453</xmin>
<ymin>181</ymin>
<xmax>518</xmax>
<ymax>207</ymax>
</bndbox>
</object>
<object>
<name>Cyclist</name>
<bndbox>
<xmin>839</xmin>
<ymin>162</ymin>
<xmax>871</xmax>
<ymax>215</ymax>
</bndbox>
</object>
<object>
<name>Cyclist</name>
<bndbox>
<xmin>803</xmin>
<ymin>169</ymin>
<xmax>826</xmax>
<ymax>209</ymax>
</bndbox>
</object>
<object>
<name>Cyclist</name>
<bndbox>
<xmin>783</xmin>
<ymin>170</ymin>
<xmax>801</xmax>
<ymax>204</ymax>
</bndbox>
</object>
</annotation>
