<?xml version="1.0" ?>
<annotation>
<folder>KITTI</folder>
<filename>003097.png</filename>
<source>
<database>The KITTI Database</database>
<annotation>KITTI</annotation>
</source>
<size>
<width>1242</width>
<height>375</height>
<depth>3</depth>
</size>
<object>
<name>Car</name>
<bndbox>
<xmin>579</xmin>
<ymin>180</ymin>
<xmax>635</xmax>
<ymax>226</ymax>
</bndbox>
</object>
<object>
<name>Car</name>
<bndbox>
<xmin>0</xmin>
<ymin>182</ymin>
<xmax>197</xmax>
<ymax>374</ymax>
</bndbox>
</object>
<object>
<name>Car</name>
<bndbox>
<xmin>106</xmin>
<ymin>155</ymin>
<xmax>381</xmax>
<ymax>341</ymax>
</bndbox>
</object>
<object>
<name>Car</name>
<bndbox>
<xmin>311</xmin>
<ymin>182</ymin>
<xmax>480</xmax>
<ymax>257</ymax>
</bndbox>
</object>
<object>
<name>Car</name>
<bndbox>
<xmin>347</xmin>
<ymin>176</ymin>
<xmax>492</xmax>
<ymax>239</ymax>
</bndbox>
</object>
<object>
<name>Car</name>
<bndbox>
<xmin>420</xmin>
<ymin>177</ymin>
<xmax>516</xmax>
<ymax>217</ymax>
</bndbox>
</object>
<object>
<name>Car</name>
<bndbox>
<xmin>460</xmin>
<ymin>175</ymin>
<xmax>541</xmax>
<ymax>210</ymax>
</bndbox>
</object>
<object>
<name>Car</name>
<bndbox>
<xmin>724</xmin>
<ymin>115</ymin>
<xmax>972</xmax>
<ymax>303</ymax>
</bndbox>
</object>
<object>
<name>Car</name>
<bndbox>
<xmin>708</xmin>
<ymin>183</ymin>
<xmax>810</xmax>
<ymax>249</ymax>
</bndbox>
</object>
<object>
<name>Car</name>
<bndbox>
<xmin>660</xmin>
<ymin>180</ymin>
<xmax>701</xmax>
<ymax>209</ymax>
</bndbox>
</object>
<object>
<name>Car</name>
<bndbox>
<xmin>638</xmin>
<ymin>164</ymin>
<xmax>669</xmax>
<ymax>197</ymax>
</bndbox>
</object>
<object>
<name>Car</name>
<bndbox>
<xmin>589</xmin>
<ymin>173</ymin>
<xmax>625</xmax>
<ymax>205</ymax>
</bndbox>
</object>
<object>
<name>Car</name>
<bndbox>
<xmin>0</xmin>
<ymin>176</ymin>
<xmax>52</xmax>
<ymax>241</ymax>
</bndbox>
</object>
<object>
<name>Car</name>
<bndbox>
<xmin>112</xmin>
<ymin>143</ymin>
<xmax>296</xmax>
<ymax>254</ymax>
</bndbox>
</object>
<object>
<name>Car</name>
<bndbox>
<xmin>46</xmin>
<ymin>167</ymin>
<xmax>183</xmax>
<ymax>227</ymax>
</bndbox>
</object>
</annotation>
