<?xml version="1.0" ?>
<annotation>
<folder>KITTI</folder>
<filename>003089.png</filename>
<source>
<database>The KITTI Database</database>
<annotation>KITTI</annotation>
</source>
<size>
<width>1242</width>
<height>375</height>
<depth>3</depth>
</size>
<object>
<name>Car</name>
<bndbox>
<xmin>473</xmin>
<ymin>182</ymin>
<xmax>541</xmax>
<ymax>232</ymax>
</bndbox>
</object>
<object>
<name>Car</name>
<bndbox>
<xmin>518</xmin>
<ymin>179</ymin>
<xmax>565</xmax>
<ymax>216</ymax>
</bndbox>
</object>
</annotation>
