<?xml version="1.0" ?>
<annotation>
<folder>KITTI</folder>
<filename>003009.png</filename>
<source>
<database>The KITTI Database</database>
<annotation>KITTI</annotation>
</source>
<size>
<width>1242</width>
<height>375</height>
<depth>3</depth>
</size>
<object>
<name>Pedestrian</name>
<bndbox>
<xmin>898</xmin>
<ymin>135</ymin>
<xmax>976</xmax>
<ymax>353</ymax>
</bndbox>
</object>
<object>
<name>Pedestrian</name>
<bndbox>
<xmin>0</xmin>
<ymin>169</ymin>
<xmax>86</xmax>
<ymax>300</ymax>
</bndbox>
</object>
<object>
<name>Pedestrian</name>
<bndbox>
<xmin>69</xmin>
<ymin>161</ymin>
<xmax>134</xmax>
<ymax>312</ymax>
</bndbox>
</object>
<object>
<name>Pedestrian</name>
<bndbox>
<xmin>907</xmin>
<ymin>192</ymin>
<xmax>1013</xmax>
<ymax>295</ymax>
</bndbox>
</object>
<object>
<name>Cyclist</name>
<bndbox>
<xmin>401</xmin>
<ymin>163</ymin>
<xmax>444</xmax>
<ymax>240</ymax>
</bndbox>
</object>
<object>
<name>Car</name>
<bndbox>
<xmin>503</xmin>
<ymin>151</ymin>
<xmax>581</xmax>
<ymax>212</ymax>
</bndbox>
</object>
<object>
<name>Pedestrian</name>
<bndbox>
<xmin>144</xmin>
<ymin>186</ymin>
<xmax>196</xmax>
<ymax>245</ymax>
</bndbox>
</object>
<object>
<name>Pedestrian</name>
<bndbox>
<xmin>171</xmin>
<ymin>185</ymin>
<xmax>231</xmax>
<ymax>240</ymax>
</bndbox>
</object>
<object>
<name>Pedestrian</name>
<bndbox>
<xmin>191</xmin>
<ymin>172</ymin>
<xmax>214</xmax>
<ymax>245</ymax>
</bndbox>
</object>
<object>
<name>Pedestrian</name>
<bndbox>
<xmin>904</xmin>
<ymin>147</ymin>
<xmax>971</xmax>
<ymax>315</ymax>
</bndbox>
</object>
<object>
<name>Pedestrian</name>
<bndbox>
<xmin>842</xmin>
<ymin>198</ymin>
<xmax>884</xmax>
<ymax>291</ymax>
</bndbox>
</object>
<object>
<name>Pedestrian</name>
<bndbox>
<xmin>862</xmin>
<ymin>197</ymin>
<xmax>908</xmax>
<ymax>291</ymax>
</bndbox>
</object>
<object>
<name>Cyclist</name>
<bndbox>
<xmin>601</xmin>
<ymin>169</ymin>
<xmax>643</xmax>
<ymax>213</ymax>
</bndbox>
</object>
<object>
<name>Car</name>
<bndbox>
<xmin>430</xmin>
<ymin>176</ymin>
<xmax>500</xmax>
<ymax>200</ymax>
</bndbox>
</object>
</annotation>
