<?xml version="1.0" ?>
<annotation>
<folder>KITTI</folder>
<filename>003015.png</filename>
<source>
<database>The KITTI Database</database>
<annotation>KITTI</annotation>
</source>
<size>
<width>1242</width>
<height>375</height>
<depth>3</depth>
</size>
<object>
<name>Car</name>
<bndbox>
<xmin>418</xmin>
<ymin>172</ymin>
<xmax>456</xmax>
<ymax>212</ymax>
</bndbox>
</object>
<object>
<name>Cyclist</name>
<bndbox>
<xmin>515</xmin>
<ymin>177</ymin>
<xmax>575</xmax>
<ymax>277</ymax>
</bndbox>
</object>
<object>
<name>Car</name>
<bndbox>
<xmin>733</xmin>
<ymin>181</ymin>
<xmax>901</xmax>
<ymax>326</ymax>
</bndbox>
</object>
<object>
<name>Car</name>
<bndbox>
<xmin>596</xmin>
<ymin>186</ymin>
<xmax>744</xmax>
<ymax>278</ymax>
</bndbox>
</object>
<object>
<name>Car</name>
<bndbox>
<xmin>153</xmin>
<ymin>199</ymin>
<xmax>301</xmax>
<ymax>290</ymax>
</bndbox>
</object>
<object>
<name>Car</name>
<bndbox>
<xmin>232</xmin>
<ymin>188</ymin>
<xmax>327</xmax>
<ymax>262</ymax>
</bndbox>
</object>
<object>
<name>Car</name>
<bndbox>
<xmin>538</xmin>
<ymin>182</ymin>
<xmax>624</xmax>
<ymax>245</ymax>
</bndbox>
</object>
<object>
<name>Car</name>
<bndbox>
<xmin>514</xmin>
<ymin>182</ymin>
<xmax>586</xmax>
<ymax>230</ymax>
</bndbox>
</object>
<object>
<name>Car</name>
<bndbox>
<xmin>278</xmin>
<ymin>190</ymin>
<xmax>340</xmax>
<ymax>238</ymax>
</bndbox>
</object>
<object>
<name>Car</name>
<bndbox>
<xmin>491</xmin>
<ymin>188</ymin>
<xmax>540</xmax>
<ymax>223</ymax>
</bndbox>
</object>
</annotation>
