<?xml version="1.0" ?>
<annotation>
<folder>KITTI</folder>
<filename>003007.png</filename>
<source>
<database>The KITTI Database</database>
<annotation>KITTI</annotation>
</source>
<size>
<width>1242</width>
<height>375</height>
<depth>3</depth>
</size>
<object>
<name>Car</name>
<bndbox>
<xmin>589</xmin>
<ymin>162</ymin>
<xmax>633</xmax>
<ymax>203</ymax>
</bndbox>
</object>
<object>
<name>Car</name>
<bndbox>
<xmin>226</xmin>
<ymin>190</ymin>
<xmax>323</xmax>
<ymax>230</ymax>
</bndbox>
</object>
<object>
<name>Car</name>
<bndbox>
<xmin>436</xmin>
<ymin>182</ymin>
<xmax>470</xmax>
<ymax>204</ymax>
</bndbox>
</object>
</annotation>
