<?xml version="1.0" ?>
<annotation>
<folder>KITTI</folder>
<filename>003027.png</filename>
<source>
<database>The KITTI Database</database>
<annotation>KITTI</annotation>
</source>
<size>
<width>1242</width>
<height>375</height>
<depth>3</depth>
</size>
<object>
<name>Car</name>
<bndbox>
<xmin>574</xmin>
<ymin>175</ymin>
<xmax>615</xmax>
<ymax>214</ymax>
</bndbox>
</object>
<object>
<name>Cyclist</name>
<bndbox>
<xmin>1048</xmin>
<ymin>134</ymin>
<xmax>1241</xmax>
<ymax>334</ymax>
</bndbox>
</object>
<object>
<name>Car</name>
<bndbox>
<xmin>493</xmin>
<ymin>147</ymin>
<xmax>550</xmax>
<ymax>206</ymax>
</bndbox>
</object>
<object>
<name>Car</name>
<bndbox>
<xmin>304</xmin>
<ymin>191</ymin>
<xmax>371</xmax>
<ymax>225</ymax>
</bndbox>
</object>
<object>
<name>Car</name>
<bndbox>
<xmin>401</xmin>
<ymin>184</ymin>
<xmax>439</xmax>
<ymax>206</ymax>
</bndbox>
</object>
</annotation>
