<?xml version="1.0" ?>
<annotation>
<folder>KITTI</folder>
<filename>003062.png</filename>
<source>
<database>The KITTI Database</database>
<annotation>KITTI</annotation>
</source>
<size>
<width>1242</width>
<height>375</height>
<depth>3</depth>
</size>
<object>
<name>Car</name>
<bndbox>
<xmin>0</xmin>
<ymin>167</ymin>
<xmax>146</xmax>
<ymax>374</ymax>
</bndbox>
</object>
<object>
<name>Car</name>
<bndbox>
<xmin>434</xmin>
<ymin>188</ymin>
<xmax>531</xmax>
<ymax>258</ymax>
</bndbox>
</object>
<object>
<name>Car</name>
<bndbox>
<xmin>596</xmin>
<ymin>204</ymin>
<xmax>622</xmax>
<ymax>234</ymax>
</bndbox>
</object>
</annotation>
