<?xml version="1.0" ?>
<annotation>
<folder>KITTI</folder>
<filename>003199.png</filename>
<source>
<database>The KITTI Database</database>
<annotation>KITTI</annotation>
</source>
<size>
<width>1224</width>
<height>370</height>
<depth>3</depth>
</size>
<object>
<name>Pedestrian</name>
<bndbox>
<xmin>686</xmin>
<ymin>148</ymin>
<xmax>710</xmax>
<ymax>205</ymax>
</bndbox>
</object>
<object>
<name>Pedestrian</name>
<bndbox>
<xmin>275</xmin>
<ymin>133</ymin>
<xmax>311</xmax>
<ymax>253</ymax>
</bndbox>
</object>
<object>
<name>Pedestrian</name>
<bndbox>
<xmin>1063</xmin>
<ymin>128</ymin>
<xmax>1223</xmax>
<ymax>369</ymax>
</bndbox>
</object>
<object>
<name>Pedestrian</name>
<bndbox>
<xmin>619</xmin>
<ymin>144</ymin>
<xmax>664</xmax>
<ymax>268</ymax>
</bndbox>
</object>
<object>
<name>Pedestrian</name>
<bndbox>
<xmin>674</xmin>
<ymin>132</ymin>
<xmax>721</xmax>
<ymax>262</ymax>
</bndbox>
</object>
<object>
<name>Pedestrian</name>
<bndbox>
<xmin>588</xmin>
<ymin>138</ymin>
<xmax>623</xmax>
<ymax>236</ymax>
</bndbox>
</object>
<object>
<name>Pedestrian</name>
<bndbox>
<xmin>558</xmin>
<ymin>139</ymin>
<xmax>595</xmax>
<ymax>239</ymax>
</bndbox>
</object>
<object>
<name>Pedestrian</name>
<bndbox>
<xmin>628</xmin>
<ymin>141</ymin>
<xmax>663</xmax>
<ymax>230</ymax>
</bndbox>
</object>
<object>
<name>Pedestrian</name>
<bndbox>
<xmin>677</xmin>
<ymin>146</ymin>
<xmax>705</xmax>
<ymax>229</ymax>
</bndbox>
</object>
<object>
<name>Pedestrian</name>
<bndbox>
<xmin>453</xmin>
<ymin>140</ymin>
<xmax>485</xmax>
<ymax>242</ymax>
</bndbox>
</object>
<object>
<name>Pedestrian</name>
<bndbox>
<xmin>483</xmin>
<ymin>149</ymin>
<xmax>510</xmax>
<ymax>234</ymax>
</bndbox>
</object>
<object>
<name>Pedestrian</name>
<bndbox>
<xmin>509</xmin>
<ymin>137</ymin>
<xmax>539</xmax>
<ymax>231</ymax>
</bndbox>
</object>
<object>
<name>Pedestrian</name>
<bndbox>
<xmin>542</xmin>
<ymin>154</ymin>
<xmax>566</xmax>
<ymax>232</ymax>
</bndbox>
</object>
<object>
<name>Pedestrian</name>
<bndbox>
<xmin>488</xmin>
<ymin>142</ymin>
<xmax>541</xmax>
<ymax>227</ymax>
</bndbox>
</object>
<object>
<name>Car</name>
<bndbox>
<xmin>0</xmin>
<ymin>0</ymin>
<xmax>267</xmax>
<ymax>369</ymax>
</bndbox>
</object>
</annotation>
