<?xml version="1.0" ?>
<annotation>
<folder>KITTI</folder>
<filename>003160.png</filename>
<source>
<database>The KITTI Database</database>
<annotation>KITTI</annotation>
</source>
<size>
<width>1242</width>
<height>375</height>
<depth>3</depth>
</size>
<object>
<name>Car</name>
<bndbox>
<xmin>517</xmin>
<ymin>162</ymin>
<xmax>739</xmax>
<ymax>372</ymax>
</bndbox>
</object>
<object>
<name>Car</name>
<bndbox>
<xmin>377</xmin>
<ymin>185</ymin>
<xmax>417</xmax>
<ymax>205</ymax>
</bndbox>
</object>
<object>
<name>Car</name>
<bndbox>
<xmin>334</xmin>
<ymin>187</ymin>
<xmax>373</xmax>
<ymax>208</ymax>
</bndbox>
</object>
<object>
<name>Car</name>
<bndbox>
<xmin>424</xmin>
<ymin>181</ymin>
<xmax>463</xmax>
<ymax>201</ymax>
</bndbox>
</object>
<object>
<name>Car</name>
<bndbox>
<xmin>947</xmin>
<ymin>174</ymin>
<xmax>1085</xmax>
<ymax>218</ymax>
</bndbox>
</object>
<object>
<name>Car</name>
<bndbox>
<xmin>740</xmin>
<ymin>169</ymin>
<xmax>828</xmax>
<ymax>206</ymax>
</bndbox>
</object>
<object>
<name>Car</name>
<bndbox>
<xmin>1034</xmin>
<ymin>157</ymin>
<xmax>1208</xmax>
<ymax>223</ymax>
</bndbox>
</object>
<object>
<name>Car</name>
<bndbox>
<xmin>871</xmin>
<ymin>160</ymin>
<xmax>1067</xmax>
<ymax>236</ymax>
</bndbox>
</object>
</annotation>
