<?xml version="1.0" ?>
<annotation>
<folder>KITTI</folder>
<filename>003150.png</filename>
<source>
<database>The KITTI Database</database>
<annotation>KITTI</annotation>
</source>
<size>
<width>1242</width>
<height>375</height>
<depth>3</depth>
</size>
<object>
<name>Car</name>
<bndbox>
<xmin>444</xmin>
<ymin>165</ymin>
<xmax>527</xmax>
<ymax>198</ymax>
</bndbox>
</object>
<object>
<name>Car</name>
<bndbox>
<xmin>215</xmin>
<ymin>180</ymin>
<xmax>409</xmax>
<ymax>244</ymax>
</bndbox>
</object>
<object>
<name>Car</name>
<bndbox>
<xmin>654</xmin>
<ymin>170</ymin>
<xmax>778</xmax>
<ymax>262</ymax>
</bndbox>
</object>
<object>
<name>Car</name>
<bndbox>
<xmin>333</xmin>
<ymin>189</ymin>
<xmax>486</xmax>
<ymax>296</ymax>
</bndbox>
</object>
<object>
<name>Car</name>
<bndbox>
<xmin>598</xmin>
<ymin>166</ymin>
<xmax>629</xmax>
<ymax>194</ymax>
</bndbox>
</object>
</annotation>
