<?xml version="1.0" ?>
<annotation>
<folder>KITTI</folder>
<filename>003144.png</filename>
<source>
<database>The KITTI Database</database>
<annotation>KITTI</annotation>
</source>
<size>
<width>1242</width>
<height>375</height>
<depth>3</depth>
</size>
<object>
<name>Car</name>
<bndbox>
<xmin>770</xmin>
<ymin>163</ymin>
<xmax>1048</xmax>
<ymax>273</ymax>
</bndbox>
</object>
<object>
<name>Car</name>
<bndbox>
<xmin>0</xmin>
<ymin>178</ymin>
<xmax>120</xmax>
<ymax>252</ymax>
</bndbox>
</object>
</annotation>
