<?xml version="1.0" ?>
<annotation>
<folder>KITTI</folder>
<filename>003272.png</filename>
<source>
<database>The KITTI Database</database>
<annotation>KITTI</annotation>
</source>
<size>
<width>1242</width>
<height>375</height>
<depth>3</depth>
</size>
<object>
<name>Car</name>
<bndbox>
<xmin>581</xmin>
<ymin>178</ymin>
<xmax>598</xmax>
<ymax>191</ymax>
</bndbox>
</object>
<object>
<name>Car</name>
<bndbox>
<xmin>381</xmin>
<ymin>182</ymin>
<xmax>447</xmax>
<ymax>222</ymax>
</bndbox>
</object>
<object>
<name>Car</name>
<bndbox>
<xmin>477</xmin>
<ymin>177</ymin>
<xmax>508</xmax>
<ymax>199</ymax>
</bndbox>
</object>
</annotation>
