<?xml version="1.0" ?>
<annotation>
<folder>KITTI</folder>
<filename>003253.png</filename>
<source>
<database>The KITTI Database</database>
<annotation>KITTI</annotation>
</source>
<size>
<width>1242</width>
<height>375</height>
<depth>3</depth>
</size>
<object>
<name>Car</name>
<bndbox>
<xmin>70</xmin>
<ymin>168</ymin>
<xmax>164</xmax>
<ymax>211</ymax>
</bndbox>
</object>
<object>
<name>Car</name>
<bndbox>
<xmin>218</xmin>
<ymin>175</ymin>
<xmax>276</xmax>
<ymax>203</ymax>
</bndbox>
</object>
<object>
<name>Car</name>
<bndbox>
<xmin>574</xmin>
<ymin>174</ymin>
<xmax>612</xmax>
<ymax>212</ymax>
</bndbox>
</object>
</annotation>
