<?xml version="1.0" ?>
<annotation>
<folder>KITTI</folder>
<filename>003278.png</filename>
<source>
<database>The KITTI Database</database>
<annotation>KITTI</annotation>
</source>
<size>
<width>1242</width>
<height>375</height>
<depth>3</depth>
</size>
<object>
<name>Car</name>
<bndbox>
<xmin>0</xmin>
<ymin>204</ymin>
<xmax>250</xmax>
<ymax>374</ymax>
</bndbox>
</object>
<object>
<name>Car</name>
<bndbox>
<xmin>202</xmin>
<ymin>178</ymin>
<xmax>265</xmax>
<ymax>209</ymax>
</bndbox>
</object>
<object>
<name>Car</name>
<bndbox>
<xmin>254</xmin>
<ymin>177</ymin>
<xmax>315</xmax>
<ymax>204</ymax>
</bndbox>
</object>
<object>
<name>Car</name>
<bndbox>
<xmin>531</xmin>
<ymin>178</ymin>
<xmax>563</xmax>
<ymax>203</ymax>
</bndbox>
</object>
<object>
<name>Car</name>
<bndbox>
<xmin>443</xmin>
<ymin>170</ymin>
<xmax>521</xmax>
<ymax>233</ymax>
</bndbox>
</object>
<object>
<name>Car</name>
<bndbox>
<xmin>588</xmin>
<ymin>174</ymin>
<xmax>626</xmax>
<ymax>212</ymax>
</bndbox>
</object>
</annotation>
