<?xml version="1.0" ?>
<annotation>
<folder>KITTI</folder>
<filename>003201.png</filename>
<source>
<database>The KITTI Database</database>
<annotation>KITTI</annotation>
</source>
<size>
<width>1242</width>
<height>375</height>
<depth>3</depth>
</size>
<object>
<name>Car</name>
<bndbox>
<xmin>670</xmin>
<ymin>166</ymin>
<xmax>703</xmax>
<ymax>195</ymax>
</bndbox>
</object>
<object>
<name>Car</name>
<bndbox>
<xmin>766</xmin>
<ymin>174</ymin>
<xmax>827</xmax>
<ymax>200</ymax>
</bndbox>
</object>
</annotation>
