<?xml version="1.0" ?>
<annotation>
<folder>KITTI</folder>
<filename>003237.png</filename>
<source>
<database>The KITTI Database</database>
<annotation>KITTI</annotation>
</source>
<size>
<width>1242</width>
<height>375</height>
<depth>3</depth>
</size>
<object>
<name>Car</name>
<bndbox>
<xmin>587</xmin>
<ymin>195</ymin>
<xmax>665</xmax>
<ymax>262</ymax>
</bndbox>
</object>
<object>
<name>Car</name>
<bndbox>
<xmin>118</xmin>
<ymin>193</ymin>
<xmax>262</xmax>
<ymax>260</ymax>
</bndbox>
</object>
<object>
<name>Cyclist</name>
<bndbox>
<xmin>954</xmin>
<ymin>181</ymin>
<xmax>1128</xmax>
<ymax>300</ymax>
</bndbox>
</object>
<object>
<name>Car</name>
<bndbox>
<xmin>692</xmin>
<ymin>164</ymin>
<xmax>790</xmax>
<ymax>256</ymax>
</bndbox>
</object>
<object>
<name>Pedestrian</name>
<bndbox>
<xmin>409</xmin>
<ymin>176</ymin>
<xmax>444</xmax>
<ymax>287</ymax>
</bndbox>
</object>
<object>
<name>Car</name>
<bndbox>
<xmin>283</xmin>
<ymin>183</ymin>
<xmax>365</xmax>
<ymax>230</ymax>
</bndbox>
</object>
<object>
<name>Car</name>
<bndbox>
<xmin>384</xmin>
<ymin>188</ymin>
<xmax>504</xmax>
<ymax>248</ymax>
</bndbox>
</object>
<object>
<name>Car</name>
<bndbox>
<xmin>433</xmin>
<ymin>193</ymin>
<xmax>538</xmax>
<ymax>233</ymax>
</bndbox>
</object>
<object>
<name>Car</name>
<bndbox>
<xmin>480</xmin>
<ymin>189</ymin>
<xmax>554</xmax>
<ymax>222</ymax>
</bndbox>
</object>
<object>
<name>Car</name>
<bndbox>
<xmin>516</xmin>
<ymin>189</ymin>
<xmax>571</xmax>
<ymax>211</ymax>
</bndbox>
</object>
<object>
<name>Car</name>
<bndbox>
<xmin>673</xmin>
<ymin>191</ymin>
<xmax>725</xmax>
<ymax>228</ymax>
</bndbox>
</object>
<object>
<name>Car</name>
<bndbox>
<xmin>581</xmin>
<ymin>188</ymin>
<xmax>624</xmax>
<ymax>228</ymax>
</bndbox>
</object>
<object>
<name>Car</name>
<bndbox>
<xmin>310</xmin>
<ymin>188</ymin>
<xmax>374</xmax>
<ymax>217</ymax>
</bndbox>
</object>
</annotation>
