<?xml version="1.0" ?>
<annotation>
<folder>KITTI</folder>
<filename>003225.png</filename>
<source>
<database>The KITTI Database</database>
<annotation>KITTI</annotation>
</source>
<size>
<width>1242</width>
<height>375</height>
<depth>3</depth>
</size>
<object>
<name>Car</name>
<bndbox>
<xmin>684</xmin>
<ymin>179</ymin>
<xmax>865</xmax>
<ymax>297</ymax>
</bndbox>
</object>
<object>
<name>Car</name>
<bndbox>
<xmin>585</xmin>
<ymin>169</ymin>
<xmax>693</xmax>
<ymax>216</ymax>
</bndbox>
</object>
<object>
<name>Car</name>
<bndbox>
<xmin>771</xmin>
<ymin>164</ymin>
<xmax>899</xmax>
<ymax>220</ymax>
</bndbox>
</object>
<object>
<name>Car</name>
<bndbox>
<xmin>865</xmin>
<ymin>163</ymin>
<xmax>972</xmax>
<ymax>211</ymax>
</bndbox>
</object>
<object>
<name>Car</name>
<bndbox>
<xmin>954</xmin>
<ymin>165</ymin>
<xmax>1034</xmax>
<ymax>204</ymax>
</bndbox>
</object>
<object>
<name>Car</name>
<bndbox>
<xmin>1002</xmin>
<ymin>156</ymin>
<xmax>1093</xmax>
<ymax>200</ymax>
</bndbox>
</object>
</annotation>
