<?xml version="1.0" ?>
<annotation>
<folder>KITTI</folder>
<filename>003336.png</filename>
<source>
<database>The KITTI Database</database>
<annotation>KITTI</annotation>
</source>
<size>
<width>1242</width>
<height>375</height>
<depth>3</depth>
</size>
<object>
<name>Pedestrian</name>
<bndbox>
<xmin>300</xmin>
<ymin>172</ymin>
<xmax>334</xmax>
<ymax>272</ymax>
</bndbox>
</object>
<object>
<name>Car</name>
<bndbox>
<xmin>417</xmin>
<ymin>132</ymin>
<xmax>718</xmax>
<ymax>219</ymax>
</bndbox>
</object>
<object>
<name>Car</name>
<bndbox>
<xmin>558</xmin>
<ymin>178</ymin>
<xmax>587</xmax>
<ymax>197</ymax>
</bndbox>
</object>
<object>
<name>Car</name>
<bndbox>
<xmin>511</xmin>
<ymin>178</ymin>
<xmax>545</xmax>
<ymax>198</ymax>
</bndbox>
</object>
<object>
<name>Car</name>
<bndbox>
<xmin>578</xmin>
<ymin>176</ymin>
<xmax>601</xmax>
<ymax>194</ymax>
</bndbox>
</object>
<object>
<name>Car</name>
<bndbox>
<xmin>534</xmin>
<ymin>179</ymin>
<xmax>562</xmax>
<ymax>196</ymax>
</bndbox>
</object>
</annotation>
