<?xml version="1.0" ?>
<annotation>
<folder>KITTI</folder>
<filename>003390.png</filename>
<source>
<database>The KITTI Database</database>
<annotation>KITTI</annotation>
</source>
<size>
<width>1242</width>
<height>375</height>
<depth>3</depth>
</size>
<object>
<name>Cyclist</name>
<bndbox>
<xmin>5</xmin>
<ymin>156</ymin>
<xmax>181</xmax>
<ymax>355</ymax>
</bndbox>
</object>
<object>
<name>Cyclist</name>
<bndbox>
<xmin>145</xmin>
<ymin>167</ymin>
<xmax>265</xmax>
<ymax>305</ymax>
</bndbox>
</object>
<object>
<name>Car</name>
<bndbox>
<xmin>434</xmin>
<ymin>146</ymin>
<xmax>548</xmax>
<ymax>229</ymax>
</bndbox>
</object>
<object>
<name>Cyclist</name>
<bndbox>
<xmin>632</xmin>
<ymin>172</ymin>
<xmax>676</xmax>
<ymax>225</ymax>
</bndbox>
</object>
<object>
<name>Pedestrian</name>
<bndbox>
<xmin>991</xmin>
<ymin>165</ymin>
<xmax>1025</xmax>
<ymax>241</ymax>
</bndbox>
</object>
<object>
<name>Pedestrian</name>
<bndbox>
<xmin>914</xmin>
<ymin>167</ymin>
<xmax>941</xmax>
<ymax>234</ymax>
</bndbox>
</object>
<object>
<name>Pedestrian</name>
<bndbox>
<xmin>826</xmin>
<ymin>179</ymin>
<xmax>875</xmax>
<ymax>227</ymax>
</bndbox>
</object>
<object>
<name>Pedestrian</name>
<bndbox>
<xmin>814</xmin>
<ymin>182</ymin>
<xmax>863</xmax>
<ymax>225</ymax>
</bndbox>
</object>
<object>
<name>Car</name>
<bndbox>
<xmin>362</xmin>
<ymin>180</ymin>
<xmax>449</xmax>
<ymax>210</ymax>
</bndbox>
</object>
</annotation>
