<?xml version="1.0" ?>
<annotation>
<folder>KITTI</folder>
<filename>003352.png</filename>
<source>
<database>The KITTI Database</database>
<annotation>KITTI</annotation>
</source>
<size>
<width>1242</width>
<height>375</height>
<depth>3</depth>
</size>
<object>
<name>Car</name>
<bndbox>
<xmin>744</xmin>
<ymin>130</ymin>
<xmax>963</xmax>
<ymax>305</ymax>
</bndbox>
</object>
<object>
<name>Car</name>
<bndbox>
<xmin>702</xmin>
<ymin>165</ymin>
<xmax>793</xmax>
<ymax>242</ymax>
</bndbox>
</object>
<object>
<name>Car</name>
<bndbox>
<xmin>669</xmin>
<ymin>173</ymin>
<xmax>713</xmax>
<ymax>211</ymax>
</bndbox>
</object>
<object>
<name>Car</name>
<bndbox>
<xmin>538</xmin>
<ymin>180</ymin>
<xmax>573</xmax>
<ymax>209</ymax>
</bndbox>
</object>
<object>
<name>Car</name>
<bndbox>
<xmin>583</xmin>
<ymin>175</ymin>
<xmax>616</xmax>
<ymax>199</ymax>
</bndbox>
</object>
</annotation>
