<?xml version="1.0" ?>
<annotation>
<folder>KITTI</folder>
<filename>003395.png</filename>
<source>
<database>The KITTI Database</database>
<annotation>KITTI</annotation>
</source>
<size>
<width>1242</width>
<height>375</height>
<depth>3</depth>
</size>
<object>
<name>Car</name>
<bndbox>
<xmin>762</xmin>
<ymin>171</ymin>
<xmax>947</xmax>
<ymax>278</ymax>
</bndbox>
</object>
<object>
<name>Car</name>
<bndbox>
<xmin>553</xmin>
<ymin>181</ymin>
<xmax>611</xmax>
<ymax>221</ymax>
</bndbox>
</object>
<object>
<name>Car</name>
<bndbox>
<xmin>712</xmin>
<ymin>126</ymin>
<xmax>807</xmax>
<ymax>227</ymax>
</bndbox>
</object>
<object>
<name>Car</name>
<bndbox>
<xmin>701</xmin>
<ymin>171</ymin>
<xmax>735</xmax>
<ymax>200</ymax>
</bndbox>
</object>
<object>
<name>Car</name>
<bndbox>
<xmin>586</xmin>
<ymin>177</ymin>
<xmax>625</xmax>
<ymax>208</ymax>
</bndbox>
</object>
</annotation>
