<?xml version="1.0" ?>
<annotation>
<folder>KITTI</folder>
<filename>003306.png</filename>
<source>
<database>The KITTI Database</database>
<annotation>KITTI</annotation>
</source>
<size>
<width>1238</width>
<height>374</height>
<depth>3</depth>
</size>
<object>
<name>Car</name>
<bndbox>
<xmin>0</xmin>
<ymin>61</ymin>
<xmax>241</xmax>
<ymax>373</ymax>
</bndbox>
</object>
<object>
<name>Pedestrian</name>
<bndbox>
<xmin>306</xmin>
<ymin>168</ymin>
<xmax>360</xmax>
<ymax>303</ymax>
</bndbox>
</object>
<object>
<name>Pedestrian</name>
<bndbox>
<xmin>811</xmin>
<ymin>155</ymin>
<xmax>840</xmax>
<ymax>232</ymax>
</bndbox>
</object>
<object>
<name>Car</name>
<bndbox>
<xmin>645</xmin>
<ymin>163</ymin>
<xmax>699</xmax>
<ymax>211</ymax>
</bndbox>
</object>
<object>
<name>Pedestrian</name>
<bndbox>
<xmin>724</xmin>
<ymin>159</ymin>
<xmax>769</xmax>
<ymax>246</ymax>
</bndbox>
</object>
</annotation>
