<?xml version="1.0" ?>
<annotation>
<folder>KITTI</folder>
<filename>003363.png</filename>
<source>
<database>The KITTI Database</database>
<annotation>KITTI</annotation>
</source>
<size>
<width>1242</width>
<height>375</height>
<depth>3</depth>
</size>
<object>
<name>Car</name>
<bndbox>
<xmin>582</xmin>
<ymin>176</ymin>
<xmax>644</xmax>
<ymax>236</ymax>
</bndbox>
</object>
<object>
<name>Car</name>
<bndbox>
<xmin>929</xmin>
<ymin>0</ymin>
<xmax>1241</xmax>
<ymax>334</ymax>
</bndbox>
</object>
<object>
<name>Car</name>
<bndbox>
<xmin>771</xmin>
<ymin>47</ymin>
<xmax>1065</xmax>
<ymax>258</ymax>
</bndbox>
</object>
<object>
<name>Car</name>
<bndbox>
<xmin>720</xmin>
<ymin>115</ymin>
<xmax>825</xmax>
<ymax>213</ymax>
</bndbox>
</object>
<object>
<name>Car</name>
<bndbox>
<xmin>711</xmin>
<ymin>137</ymin>
<xmax>763</xmax>
<ymax>199</ymax>
</bndbox>
</object>
<object>
<name>Car</name>
<bndbox>
<xmin>703</xmin>
<ymin>143</ymin>
<xmax>744</xmax>
<ymax>194</ymax>
</bndbox>
</object>
</annotation>
