<?xml version="1.0" ?>
<annotation>
<folder>KITTI</folder>
<filename>003398.png</filename>
<source>
<database>The KITTI Database</database>
<annotation>KITTI</annotation>
</source>
<size>
<width>1224</width>
<height>370</height>
<depth>3</depth>
</size>
<object>
<name>Car</name>
<bndbox>
<xmin>1094</xmin>
<ymin>183</ymin>
<xmax>1223</xmax>
<ymax>235</ymax>
</bndbox>
</object>
<object>
<name>Car</name>
<bndbox>
<xmin>1032</xmin>
<ymin>183</ymin>
<xmax>1156</xmax>
<ymax>232</ymax>
</bndbox>
</object>
<object>
<name>Car</name>
<bndbox>
<xmin>952</xmin>
<ymin>181</ymin>
<xmax>1068</xmax>
<ymax>234</ymax>
</bndbox>
</object>
<object>
<name>Car</name>
<bndbox>
<xmin>602</xmin>
<ymin>172</ymin>
<xmax>636</xmax>
<ymax>202</ymax>
</bndbox>
</object>
<object>
<name>Cyclist</name>
<bndbox>
<xmin>497</xmin>
<ymin>165</ymin>
<xmax>549</xmax>
<ymax>244</ymax>
</bndbox>
</object>
<object>
<name>Cyclist</name>
<bndbox>
<xmin>544</xmin>
<ymin>159</ymin>
<xmax>605</xmax>
<ymax>237</ymax>
</bndbox>
</object>
<object>
<name>Cyclist</name>
<bndbox>
<xmin>479</xmin>
<ymin>168</ymin>
<xmax>500</xmax>
<ymax>205</ymax>
</bndbox>
</object>
<object>
<name>Pedestrian</name>
<bndbox>
<xmin>182</xmin>
<ymin>148</ymin>
<xmax>198</xmax>
<ymax>196</ymax>
</bndbox>
</object>
<object>
<name>Pedestrian</name>
<bndbox>
<xmin>122</xmin>
<ymin>149</ymin>
<xmax>159</xmax>
<ymax>235</ymax>
</bndbox>
</object>
<object>
<name>Pedestrian</name>
<bndbox>
<xmin>249</xmin>
<ymin>155</ymin>
<xmax>270</xmax>
<ymax>210</ymax>
</bndbox>
</object>
<object>
<name>Pedestrian</name>
<bndbox>
<xmin>209</xmin>
<ymin>151</ymin>
<xmax>233</xmax>
<ymax>208</ymax>
</bndbox>
</object>
<object>
<name>Pedestrian</name>
<bndbox>
<xmin>617</xmin>
<ymin>153</ymin>
<xmax>664</xmax>
<ymax>296</ymax>
</bndbox>
</object>
<object>
<name>Pedestrian</name>
<bndbox>
<xmin>652</xmin>
<ymin>150</ymin>
<xmax>712</xmax>
<ymax>285</ymax>
</bndbox>
</object>
<object>
<name>Pedestrian</name>
<bndbox>
<xmin>711</xmin>
<ymin>145</ymin>
<xmax>782</xmax>
<ymax>302</ymax>
</bndbox>
</object>
<object>
<name>Pedestrian</name>
<bndbox>
<xmin>977</xmin>
<ymin>153</ymin>
<xmax>1092</xmax>
<ymax>369</ymax>
</bndbox>
</object>
<object>
<name>Pedestrian</name>
<bndbox>
<xmin>982</xmin>
<ymin>147</ymin>
<xmax>1104</xmax>
<ymax>369</ymax>
</bndbox>
</object>
<object>
<name>Pedestrian</name>
<bndbox>
<xmin>1023</xmin>
<ymin>160</ymin>
<xmax>1130</xmax>
<ymax>351</ymax>
</bndbox>
</object>
<object>
<name>Pedestrian</name>
<bndbox>
<xmin>709</xmin>
<ymin>149</ymin>
<xmax>768</xmax>
<ymax>320</ymax>
</bndbox>
</object>
</annotation>
