<?xml version="1.0" ?>
<annotation>
<folder>KITTI</folder>
<filename>003314.png</filename>
<source>
<database>The KITTI Database</database>
<annotation>KITTI</annotation>
</source>
<size>
<width>1242</width>
<height>375</height>
<depth>3</depth>
</size>
<object>
<name>Car</name>
<bndbox>
<xmin>0</xmin>
<ymin>180</ymin>
<xmax>78</xmax>
<ymax>222</ymax>
</bndbox>
</object>
<object>
<name>Car</name>
<bndbox>
<xmin>52</xmin>
<ymin>173</ymin>
<xmax>154</xmax>
<ymax>213</ymax>
</bndbox>
</object>
<object>
<name>Car</name>
<bndbox>
<xmin>340</xmin>
<ymin>170</ymin>
<xmax>372</xmax>
<ymax>189</ymax>
</bndbox>
</object>
<object>
<name>Car</name>
<bndbox>
<xmin>364</xmin>
<ymin>168</ymin>
<xmax>395</xmax>
<ymax>186</ymax>
</bndbox>
</object>
<object>
<name>Car</name>
<bndbox>
<xmin>113</xmin>
<ymin>165</ymin>
<xmax>183</xmax>
<ymax>198</ymax>
</bndbox>
</object>
<object>
<name>Car</name>
<bndbox>
<xmin>577</xmin>
<ymin>169</ymin>
<xmax>631</xmax>
<ymax>222</ymax>
</bndbox>
</object>
</annotation>
