<?xml version="1.0" ?>
<annotation>
<folder>KITTI</folder>
<filename>003370.png</filename>
<source>
<database>The KITTI Database</database>
<annotation>KITTI</annotation>
</source>
<size>
<width>1242</width>
<height>375</height>
<depth>3</depth>
</size>
<object>
<name>Car</name>
<bndbox>
<xmin>0</xmin>
<ymin>137</ymin>
<xmax>185</xmax>
<ymax>308</ymax>
</bndbox>
</object>
<object>
<name>Car</name>
<bndbox>
<xmin>54</xmin>
<ymin>155</ymin>
<xmax>283</xmax>
<ymax>248</ymax>
</bndbox>
</object>
<object>
<name>Car</name>
<bndbox>
<xmin>126</xmin>
<ymin>174</ymin>
<xmax>312</xmax>
<ymax>240</ymax>
</bndbox>
</object>
<object>
<name>Car</name>
<bndbox>
<xmin>181</xmin>
<ymin>173</ymin>
<xmax>333</xmax>
<ymax>227</ymax>
</bndbox>
</object>
<object>
<name>Car</name>
<bndbox>
<xmin>469</xmin>
<ymin>171</ymin>
<xmax>516</xmax>
<ymax>203</ymax>
</bndbox>
</object>
</annotation>
