<?xml version="1.0" ?>
<annotation>
<folder>KITTI</folder>
<filename>003427.png</filename>
<source>
<database>The KITTI Database</database>
<annotation>KITTI</annotation>
</source>
<size>
<width>1242</width>
<height>375</height>
<depth>3</depth>
</size>
<object>
<name>Car</name>
<bndbox>
<xmin>509</xmin>
<ymin>182</ymin>
<xmax>556</xmax>
<ymax>216</ymax>
</bndbox>
</object>
<object>
<name>Car</name>
<bndbox>
<xmin>562</xmin>
<ymin>180</ymin>
<xmax>585</xmax>
<ymax>196</ymax>
</bndbox>
</object>
</annotation>
