<?xml version="1.0" ?>
<annotation>
<folder>KITTI</folder>
<filename>003477.png</filename>
<source>
<database>The KITTI Database</database>
<annotation>KITTI</annotation>
</source>
<size>
<width>1242</width>
<height>375</height>
<depth>3</depth>
</size>
<object>
<name>Car</name>
<bndbox>
<xmin>243</xmin>
<ymin>177</ymin>
<xmax>298</xmax>
<ymax>199</ymax>
</bndbox>
</object>
<object>
<name>Car</name>
<bndbox>
<xmin>157</xmin>
<ymin>159</ymin>
<xmax>225</xmax>
<ymax>197</ymax>
</bndbox>
</object>
<object>
<name>Car</name>
<bndbox>
<xmin>275</xmin>
<ymin>171</ymin>
<xmax>323</xmax>
<ymax>195</ymax>
</bndbox>
</object>
<object>
<name>Car</name>
<bndbox>
<xmin>572</xmin>
<ymin>171</ymin>
<xmax>620</xmax>
<ymax>218</ymax>
</bndbox>
</object>
</annotation>
