<?xml version="1.0" ?>
<annotation>
<folder>KITTI</folder>
<filename>003419.png</filename>
<source>
<database>The KITTI Database</database>
<annotation>KITTI</annotation>
</source>
<size>
<width>1242</width>
<height>375</height>
<depth>3</depth>
</size>
<object>
<name>Car</name>
<bndbox>
<xmin>581</xmin>
<ymin>176</ymin>
<xmax>598</xmax>
<ymax>190</ymax>
</bndbox>
</object>
<object>
<name>Car</name>
<bndbox>
<xmin>422</xmin>
<ymin>180</ymin>
<xmax>475</xmax>
<ymax>214</ymax>
</bndbox>
</object>
</annotation>
