<?xml version="1.0" ?>
<annotation>
<folder>KITTI</folder>
<filename>003472.png</filename>
<source>
<database>The KITTI Database</database>
<annotation>KITTI</annotation>
</source>
<size>
<width>1224</width>
<height>370</height>
<depth>3</depth>
</size>
<object>
<name>Car</name>
<bndbox>
<xmin>1095</xmin>
<ymin>184</ymin>
<xmax>1223</xmax>
<ymax>236</ymax>
</bndbox>
</object>
<object>
<name>Car</name>
<bndbox>
<xmin>1032</xmin>
<ymin>183</ymin>
<xmax>1157</xmax>
<ymax>232</ymax>
</bndbox>
</object>
<object>
<name>Car</name>
<bndbox>
<xmin>952</xmin>
<ymin>181</ymin>
<xmax>1068</xmax>
<ymax>234</ymax>
</bndbox>
</object>
<object>
<name>Car</name>
<bndbox>
<xmin>602</xmin>
<ymin>172</ymin>
<xmax>636</xmax>
<ymax>202</ymax>
</bndbox>
</object>
<object>
<name>Pedestrian</name>
<bndbox>
<xmin>979</xmin>
<ymin>151</ymin>
<xmax>1081</xmax>
<ymax>345</ymax>
</bndbox>
</object>
<object>
<name>Pedestrian</name>
<bndbox>
<xmin>189</xmin>
<ymin>151</ymin>
<xmax>206</xmax>
<ymax>198</ymax>
</bndbox>
</object>
<object>
<name>Pedestrian</name>
<bndbox>
<xmin>272</xmin>
<ymin>154</ymin>
<xmax>289</xmax>
<ymax>196</ymax>
</bndbox>
</object>
<object>
<name>Pedestrian</name>
<bndbox>
<xmin>298</xmin>
<ymin>158</ymin>
<xmax>327</xmax>
<ymax>243</ymax>
</bndbox>
</object>
<object>
<name>Pedestrian</name>
<bndbox>
<xmin>339</xmin>
<ymin>158</ymin>
<xmax>366</xmax>
<ymax>240</ymax>
</bndbox>
</object>
<object>
<name>Pedestrian</name>
<bndbox>
<xmin>351</xmin>
<ymin>157</ymin>
<xmax>412</xmax>
<ymax>245</ymax>
</bndbox>
</object>
<object>
<name>Pedestrian</name>
<bndbox>
<xmin>460</xmin>
<ymin>155</ymin>
<xmax>506</xmax>
<ymax>267</ymax>
</bndbox>
</object>
<object>
<name>Pedestrian</name>
<bndbox>
<xmin>506</xmin>
<ymin>159</ymin>
<xmax>549</xmax>
<ymax>259</ymax>
</bndbox>
</object>
<object>
<name>Pedestrian</name>
<bndbox>
<xmin>320</xmin>
<ymin>158</ymin>
<xmax>360</xmax>
<ymax>262</ymax>
</bndbox>
</object>
<object>
<name>Pedestrian</name>
<bndbox>
<xmin>367</xmin>
<ymin>159</ymin>
<xmax>404</xmax>
<ymax>259</ymax>
</bndbox>
</object>
<object>
<name>Pedestrian</name>
<bndbox>
<xmin>399</xmin>
<ymin>164</ymin>
<xmax>436</xmax>
<ymax>253</ymax>
</bndbox>
</object>
<object>
<name>Pedestrian</name>
<bndbox>
<xmin>305</xmin>
<ymin>157</ymin>
<xmax>360</xmax>
<ymax>248</ymax>
</bndbox>
</object>
</annotation>
