<?xml version="1.0" ?>
<annotation>
<folder>KITTI</folder>
<filename>003439.png</filename>
<source>
<database>The KITTI Database</database>
<annotation>KITTI</annotation>
</source>
<size>
<width>1242</width>
<height>375</height>
<depth>3</depth>
</size>
<object>
<name>Car</name>
<bndbox>
<xmin>0</xmin>
<ymin>181</ymin>
<xmax>315</xmax>
<ymax>374</ymax>
</bndbox>
</object>
<object>
<name>Car</name>
<bndbox>
<xmin>353</xmin>
<ymin>187</ymin>
<xmax>388</xmax>
<ymax>214</ymax>
</bndbox>
</object>
<object>
<name>Car</name>
<bndbox>
<xmin>377</xmin>
<ymin>188</ymin>
<xmax>477</xmax>
<ymax>265</ymax>
</bndbox>
</object>
</annotation>
