<?xml version="1.0" ?>
<annotation>
<folder>KITTI</folder>
<filename>003422.png</filename>
<source>
<database>The KITTI Database</database>
<annotation>KITTI</annotation>
</source>
<size>
<width>1242</width>
<height>375</height>
<depth>3</depth>
</size>
<object>
<name>Car</name>
<bndbox>
<xmin>0</xmin>
<ymin>197</ymin>
<xmax>28</xmax>
<ymax>263</ymax>
</bndbox>
</object>
<object>
<name>Car</name>
<bndbox>
<xmin>319</xmin>
<ymin>189</ymin>
<xmax>370</xmax>
<ymax>212</ymax>
</bndbox>
</object>
<object>
<name>Car</name>
<bndbox>
<xmin>466</xmin>
<ymin>180</ymin>
<xmax>490</xmax>
<ymax>196</ymax>
</bndbox>
</object>
<object>
<name>Car</name>
<bndbox>
<xmin>502</xmin>
<ymin>163</ymin>
<xmax>546</xmax>
<ymax>194</ymax>
</bndbox>
</object>
<object>
<name>Cyclist</name>
<bndbox>
<xmin>699</xmin>
<ymin>169</ymin>
<xmax>711</xmax>
<ymax>197</ymax>
</bndbox>
</object>
</annotation>
