<?xml version="1.0" ?>
<annotation>
<folder>KITTI</folder>
<filename>003460.png</filename>
<source>
<database>The KITTI Database</database>
<annotation>KITTI</annotation>
</source>
<size>
<width>1242</width>
<height>375</height>
<depth>3</depth>
</size>
<object>
<name>Car</name>
<bndbox>
<xmin>562</xmin>
<ymin>181</ymin>
<xmax>602</xmax>
<ymax>215</ymax>
</bndbox>
</object>
<object>
<name>Car</name>
<bndbox>
<xmin>862</xmin>
<ymin>174</ymin>
<xmax>1241</xmax>
<ymax>324</ymax>
</bndbox>
</object>
<object>
<name>Car</name>
<bndbox>
<xmin>1237</xmin>
<ymin>163</ymin>
<xmax>1241</xmax>
<ymax>358</ymax>
</bndbox>
</object>
<object>
<name>Car</name>
<bndbox>
<xmin>493</xmin>
<ymin>177</ymin>
<xmax>532</xmax>
<ymax>204</ymax>
</bndbox>
</object>
</annotation>
