<?xml version="1.0" ?>
<annotation>
<folder>KITTI</folder>
<filename>003402.png</filename>
<source>
<database>The KITTI Database</database>
<annotation>KITTI</annotation>
</source>
<size>
<width>1242</width>
<height>375</height>
<depth>3</depth>
</size>
<object>
<name>Pedestrian</name>
<bndbox>
<xmin>744</xmin>
<ymin>173</ymin>
<xmax>762</xmax>
<ymax>216</ymax>
</bndbox>
</object>
<object>
<name>Car</name>
<bndbox>
<xmin>250</xmin>
<ymin>182</ymin>
<xmax>329</xmax>
<ymax>220</ymax>
</bndbox>
</object>
</annotation>
