<?xml version="1.0" ?>
<annotation>
<folder>KITTI</folder>
<filename>003490.png</filename>
<source>
<database>The KITTI Database</database>
<annotation>KITTI</annotation>
</source>
<size>
<width>1242</width>
<height>375</height>
<depth>3</depth>
</size>
<object>
<name>Car</name>
<bndbox>
<xmin>0</xmin>
<ymin>194</ymin>
<xmax>338</xmax>
<ymax>363</ymax>
</bndbox>
</object>
<object>
<name>Cyclist</name>
<bndbox>
<xmin>198</xmin>
<ymin>166</ymin>
<xmax>363</xmax>
<ymax>374</ymax>
</bndbox>
</object>
<object>
<name>Pedestrian</name>
<bndbox>
<xmin>782</xmin>
<ymin>150</ymin>
<xmax>813</xmax>
<ymax>233</ymax>
</bndbox>
</object>
<object>
<name>Car</name>
<bndbox>
<xmin>456</xmin>
<ymin>180</ymin>
<xmax>530</xmax>
<ymax>221</ymax>
</bndbox>
</object>
<object>
<name>Car</name>
<bndbox>
<xmin>670</xmin>
<ymin>173</ymin>
<xmax>721</xmax>
<ymax>213</ymax>
</bndbox>
</object>
<object>
<name>Car</name>
<bndbox>
<xmin>635</xmin>
<ymin>167</ymin>
<xmax>667</xmax>
<ymax>187</ymax>
</bndbox>
</object>
</annotation>
