<?xml version="1.0" ?>
<annotation>
<folder>KITTI</folder>
<filename>003567.png</filename>
<source>
<database>The KITTI Database</database>
<annotation>KITTI</annotation>
</source>
<size>
<width>1242</width>
<height>375</height>
<depth>3</depth>
</size>
<object>
<name>Car</name>
<bndbox>
<xmin>525</xmin>
<ymin>133</ymin>
<xmax>591</xmax>
<ymax>213</ymax>
</bndbox>
</object>
<object>
<name>Car</name>
<bndbox>
<xmin>0</xmin>
<ymin>191</ymin>
<xmax>27</xmax>
<ymax>226</ymax>
</bndbox>
</object>
<object>
<name>Car</name>
<bndbox>
<xmin>16</xmin>
<ymin>186</ymin>
<xmax>96</xmax>
<ymax>223</ymax>
</bndbox>
</object>
<object>
<name>Car</name>
<bndbox>
<xmin>84</xmin>
<ymin>189</ymin>
<xmax>149</xmax>
<ymax>218</ymax>
</bndbox>
</object>
<object>
<name>Car</name>
<bndbox>
<xmin>147</xmin>
<ymin>187</ymin>
<xmax>212</xmax>
<ymax>215</ymax>
</bndbox>
</object>
<object>
<name>Car</name>
<bndbox>
<xmin>198</xmin>
<ymin>186</ymin>
<xmax>246</xmax>
<ymax>209</ymax>
</bndbox>
</object>
</annotation>
