<?xml version="1.0" ?>
<annotation>
<folder>KITTI</folder>
<filename>003509.png</filename>
<source>
<database>The KITTI Database</database>
<annotation>KITTI</annotation>
</source>
<size>
<width>1242</width>
<height>375</height>
<depth>3</depth>
</size>
<object>
<name>Car</name>
<bndbox>
<xmin>610</xmin>
<ymin>173</ymin>
<xmax>664</xmax>
<ymax>225</ymax>
</bndbox>
</object>
<object>
<name>Car</name>
<bndbox>
<xmin>525</xmin>
<ymin>178</ymin>
<xmax>572</xmax>
<ymax>210</ymax>
</bndbox>
</object>
<object>
<name>Car</name>
<bndbox>
<xmin>483</xmin>
<ymin>180</ymin>
<xmax>529</xmax>
<ymax>207</ymax>
</bndbox>
</object>
</annotation>
