<?xml version="1.0" ?>
<annotation>
<folder>KITTI</folder>
<filename>003544.png</filename>
<source>
<database>The KITTI Database</database>
<annotation>KITTI</annotation>
</source>
<size>
<width>1242</width>
<height>375</height>
<depth>3</depth>
</size>
<object>
<name>Pedestrian</name>
<bndbox>
<xmin>310</xmin>
<ymin>161</ymin>
<xmax>331</xmax>
<ymax>205</ymax>
</bndbox>
</object>
<object>
<name>Car</name>
<bndbox>
<xmin>280</xmin>
<ymin>153</ymin>
<xmax>345</xmax>
<ymax>203</ymax>
</bndbox>
</object>
<object>
<name>Car</name>
<bndbox>
<xmin>328</xmin>
<ymin>164</ymin>
<xmax>393</xmax>
<ymax>200</ymax>
</bndbox>
</object>
<object>
<name>Car</name>
<bndbox>
<xmin>386</xmin>
<ymin>164</ymin>
<xmax>461</xmax>
<ymax>196</ymax>
</bndbox>
</object>
<object>
<name>Car</name>
<bndbox>
<xmin>556</xmin>
<ymin>155</ymin>
<xmax>626</xmax>
<ymax>193</ymax>
</bndbox>
</object>
<object>
<name>Car</name>
<bndbox>
<xmin>593</xmin>
<ymin>163</ymin>
<xmax>645</xmax>
<ymax>189</ymax>
</bndbox>
</object>
<object>
<name>Car</name>
<bndbox>
<xmin>635</xmin>
<ymin>161</ymin>
<xmax>690</xmax>
<ymax>187</ymax>
</bndbox>
</object>
<object>
<name>Car</name>
<bndbox>
<xmin>665</xmin>
<ymin>166</ymin>
<xmax>725</xmax>
<ymax>187</ymax>
</bndbox>
</object>
<object>
<name>Car</name>
<bndbox>
<xmin>703</xmin>
<ymin>166</ymin>
<xmax>747</xmax>
<ymax>187</ymax>
</bndbox>
</object>
<object>
<name>Car</name>
<bndbox>
<xmin>724</xmin>
<ymin>167</ymin>
<xmax>774</xmax>
<ymax>187</ymax>
</bndbox>
</object>
<object>
<name>Car</name>
<bndbox>
<xmin>745</xmin>
<ymin>165</ymin>
<xmax>803</xmax>
<ymax>185</ymax>
</bndbox>
</object>
<object>
<name>Car</name>
<bndbox>
<xmin>787</xmin>
<ymin>155</ymin>
<xmax>847</xmax>
<ymax>183</ymax>
</bndbox>
</object>
<object>
<name>Car</name>
<bndbox>
<xmin>814</xmin>
<ymin>164</ymin>
<xmax>867</xmax>
<ymax>183</ymax>
</bndbox>
</object>
<object>
<name>Car</name>
<bndbox>
<xmin>835</xmin>
<ymin>163</ymin>
<xmax>881</xmax>
<ymax>180</ymax>
</bndbox>
</object>
</annotation>
