<?xml version="1.0" ?>
<annotation>
<folder>KITTI</folder>
<filename>003589.png</filename>
<source>
<database>The KITTI Database</database>
<annotation>KITTI</annotation>
</source>
<size>
<width>1242</width>
<height>375</height>
<depth>3</depth>
</size>
<object>
<name>Pedestrian</name>
<bndbox>
<xmin>314</xmin>
<ymin>182</ymin>
<xmax>376</xmax>
<ymax>366</ymax>
</bndbox>
</object>
<object>
<name>Pedestrian</name>
<bndbox>
<xmin>254</xmin>
<ymin>171</ymin>
<xmax>326</xmax>
<ymax>368</ymax>
</bndbox>
</object>
<object>
<name>Pedestrian</name>
<bndbox>
<xmin>762</xmin>
<ymin>156</ymin>
<xmax>807</xmax>
<ymax>278</ymax>
</bndbox>
</object>
<object>
<name>Pedestrian</name>
<bndbox>
<xmin>818</xmin>
<ymin>150</ymin>
<xmax>863</xmax>
<ymax>275</ymax>
</bndbox>
</object>
<object>
<name>Cyclist</name>
<bndbox>
<xmin>912</xmin>
<ymin>179</ymin>
<xmax>951</xmax>
<ymax>255</ymax>
</bndbox>
</object>
<object>
<name>Cyclist</name>
<bndbox>
<xmin>947</xmin>
<ymin>171</ymin>
<xmax>985</xmax>
<ymax>248</ymax>
</bndbox>
</object>
<object>
<name>Pedestrian</name>
<bndbox>
<xmin>249</xmin>
<ymin>167</ymin>
<xmax>298</xmax>
<ymax>282</ymax>
</bndbox>
</object>
</annotation>
