<?xml version="1.0" ?>
<annotation>
<folder>KITTI</folder>
<filename>003548.png</filename>
<source>
<database>The KITTI Database</database>
<annotation>KITTI</annotation>
</source>
<size>
<width>1242</width>
<height>375</height>
<depth>3</depth>
</size>
<object>
<name>Car</name>
<bndbox>
<xmin>469</xmin>
<ymin>146</ymin>
<xmax>536</xmax>
<ymax>216</ymax>
</bndbox>
</object>
<object>
<name>Car</name>
<bndbox>
<xmin>876</xmin>
<ymin>184</ymin>
<xmax>944</xmax>
<ymax>209</ymax>
</bndbox>
</object>
<object>
<name>Car</name>
<bndbox>
<xmin>554</xmin>
<ymin>175</ymin>
<xmax>612</xmax>
<ymax>234</ymax>
</bndbox>
</object>
<object>
<name>Car</name>
<bndbox>
<xmin>256</xmin>
<ymin>179</ymin>
<xmax>305</xmax>
<ymax>201</ymax>
</bndbox>
</object>
<object>
<name>Cyclist</name>
<bndbox>
<xmin>823</xmin>
<ymin>179</ymin>
<xmax>842</xmax>
<ymax>215</ymax>
</bndbox>
</object>
</annotation>
