<?xml version="1.0" ?>
<annotation>
<folder>KITTI</folder>
<filename>003653.png</filename>
<source>
<database>The KITTI Database</database>
<annotation>KITTI</annotation>
</source>
<size>
<width>1242</width>
<height>375</height>
<depth>3</depth>
</size>
<object>
<name>Car</name>
<bndbox>
<xmin>0</xmin>
<ymin>204</ymin>
<xmax>378</xmax>
<ymax>374</ymax>
</bndbox>
</object>
<object>
<name>Car</name>
<bndbox>
<xmin>806</xmin>
<ymin>184</ymin>
<xmax>1241</xmax>
<ymax>374</ymax>
</bndbox>
</object>
<object>
<name>Car</name>
<bndbox>
<xmin>711</xmin>
<ymin>183</ymin>
<xmax>910</xmax>
<ymax>301</ymax>
</bndbox>
</object>
<object>
<name>Car</name>
<bndbox>
<xmin>288</xmin>
<ymin>198</ymin>
<xmax>473</xmax>
<ymax>309</ymax>
</bndbox>
</object>
<object>
<name>Car</name>
<bndbox>
<xmin>402</xmin>
<ymin>188</ymin>
<xmax>492</xmax>
<ymax>257</ymax>
</bndbox>
</object>
<object>
<name>Car</name>
<bndbox>
<xmin>451</xmin>
<ymin>188</ymin>
<xmax>523</xmax>
<ymax>240</ymax>
</bndbox>
</object>
<object>
<name>Car</name>
<bndbox>
<xmin>689</xmin>
<ymin>180</ymin>
<xmax>796</xmax>
<ymax>250</ymax>
</bndbox>
</object>
<object>
<name>Car</name>
<bndbox>
<xmin>678</xmin>
<ymin>178</ymin>
<xmax>746</xmax>
<ymax>230</ymax>
</bndbox>
</object>
<object>
<name>Car</name>
<bndbox>
<xmin>866</xmin>
<ymin>158</ymin>
<xmax>978</xmax>
<ymax>209</ymax>
</bndbox>
</object>
<object>
<name>Car</name>
<bndbox>
<xmin>637</xmin>
<ymin>179</ymin>
<xmax>674</xmax>
<ymax>205</ymax>
</bndbox>
</object>
<object>
<name>Car</name>
<bndbox>
<xmin>595</xmin>
<ymin>182</ymin>
<xmax>626</xmax>
<ymax>200</ymax>
</bndbox>
</object>
<object>
<name>Car</name>
<bndbox>
<xmin>561</xmin>
<ymin>180</ymin>
<xmax>598</xmax>
<ymax>195</ymax>
</bndbox>
</object>
<object>
<name>Cyclist</name>
<bndbox>
<xmin>530</xmin>
<ymin>178</ymin>
<xmax>545</xmax>
<ymax>196</ymax>
</bndbox>
</object>
</annotation>
