<?xml version="1.0" ?>
<annotation>
<folder>KITTI</folder>
<filename>003684.png</filename>
<source>
<database>The KITTI Database</database>
<annotation>KITTI</annotation>
</source>
<size>
<width>1242</width>
<height>375</height>
<depth>3</depth>
</size>
<object>
<name>Car</name>
<bndbox>
<xmin>820</xmin>
<ymin>156</ymin>
<xmax>1241</xmax>
<ymax>374</ymax>
</bndbox>
</object>
<object>
<name>Car</name>
<bndbox>
<xmin>0</xmin>
<ymin>220</ymin>
<xmax>108</xmax>
<ymax>374</ymax>
</bndbox>
</object>
<object>
<name>Car</name>
<bndbox>
<xmin>490</xmin>
<ymin>186</ymin>
<xmax>546</xmax>
<ymax>225</ymax>
</bndbox>
</object>
<object>
<name>Car</name>
<bndbox>
<xmin>760</xmin>
<ymin>190</ymin>
<xmax>896</xmax>
<ymax>276</ymax>
</bndbox>
</object>
<object>
<name>Car</name>
<bndbox>
<xmin>727</xmin>
<ymin>181</ymin>
<xmax>813</xmax>
<ymax>244</ymax>
</bndbox>
</object>
<object>
<name>Car</name>
<bndbox>
<xmin>711</xmin>
<ymin>184</ymin>
<xmax>772</xmax>
<ymax>231</ymax>
</bndbox>
</object>
<object>
<name>Car</name>
<bndbox>
<xmin>699</xmin>
<ymin>182</ymin>
<xmax>749</xmax>
<ymax>220</ymax>
</bndbox>
</object>
<object>
<name>Car</name>
<bndbox>
<xmin>575</xmin>
<ymin>183</ymin>
<xmax>601</xmax>
<ymax>202</ymax>
</bndbox>
</object>
</annotation>
