<?xml version="1.0" ?>
<annotation>
<folder>KITTI</folder>
<filename>003697.png</filename>
<source>
<database>The KITTI Database</database>
<annotation>KITTI</annotation>
</source>
<size>
<width>1242</width>
<height>375</height>
<depth>3</depth>
</size>
<object>
<name>Car</name>
<bndbox>
<xmin>635</xmin>
<ymin>175</ymin>
<xmax>660</xmax>
<ymax>197</ymax>
</bndbox>
</object>
<object>
<name>Car</name>
<bndbox>
<xmin>679</xmin>
<ymin>182</ymin>
<xmax>754</xmax>
<ymax>236</ymax>
</bndbox>
</object>
<object>
<name>Car</name>
<bndbox>
<xmin>809</xmin>
<ymin>184</ymin>
<xmax>1151</xmax>
<ymax>372</ymax>
</bndbox>
</object>
<object>
<name>Car</name>
<bndbox>
<xmin>697</xmin>
<ymin>174</ymin>
<xmax>731</xmax>
<ymax>199</ymax>
</bndbox>
</object>
<object>
<name>Car</name>
<bndbox>
<xmin>745</xmin>
<ymin>176</ymin>
<xmax>809</xmax>
<ymax>212</ymax>
</bndbox>
</object>
<object>
<name>Car</name>
<bndbox>
<xmin>902</xmin>
<ymin>0</ymin>
<xmax>1241</xmax>
<ymax>333</ymax>
</bndbox>
</object>
</annotation>
