<?xml version="1.0" ?>
<annotation>
<folder>KITTI</folder>
<filename>003698.png</filename>
<source>
<database>The KITTI Database</database>
<annotation>KITTI</annotation>
</source>
<size>
<width>1242</width>
<height>375</height>
<depth>3</depth>
</size>
<object>
<name>Car</name>
<bndbox>
<xmin>570</xmin>
<ymin>176</ymin>
<xmax>620</xmax>
<ymax>225</ymax>
</bndbox>
</object>
<object>
<name>Car</name>
<bndbox>
<xmin>134</xmin>
<ymin>193</ymin>
<xmax>408</xmax>
<ymax>350</ymax>
</bndbox>
</object>
<object>
<name>Car</name>
<bndbox>
<xmin>809</xmin>
<ymin>166</ymin>
<xmax>853</xmax>
<ymax>190</ymax>
</bndbox>
</object>
<object>
<name>Car</name>
<bndbox>
<xmin>846</xmin>
<ymin>156</ymin>
<xmax>911</xmax>
<ymax>191</ymax>
</bndbox>
</object>
</annotation>
