<?xml version="1.0" ?>
<annotation>
<folder>KITTI</folder>
<filename>003695.png</filename>
<source>
<database>The KITTI Database</database>
<annotation>KITTI</annotation>
</source>
<size>
<width>1242</width>
<height>375</height>
<depth>3</depth>
</size>
<object>
<name>Car</name>
<bndbox>
<xmin>571</xmin>
<ymin>174</ymin>
<xmax>765</xmax>
<ymax>356</ymax>
</bndbox>
</object>
<object>
<name>Car</name>
<bndbox>
<xmin>1114</xmin>
<ymin>169</ymin>
<xmax>1241</xmax>
<ymax>374</ymax>
</bndbox>
</object>
<object>
<name>Car</name>
<bndbox>
<xmin>716</xmin>
<ymin>168</ymin>
<xmax>838</xmax>
<ymax>224</ymax>
</bndbox>
</object>
<object>
<name>Car</name>
<bndbox>
<xmin>687</xmin>
<ymin>173</ymin>
<xmax>760</xmax>
<ymax>208</ymax>
</bndbox>
</object>
<object>
<name>Car</name>
<bndbox>
<xmin>667</xmin>
<ymin>174</ymin>
<xmax>733</xmax>
<ymax>201</ymax>
</bndbox>
</object>
<object>
<name>Car</name>
<bndbox>
<xmin>549</xmin>
<ymin>175</ymin>
<xmax>576</xmax>
<ymax>194</ymax>
</bndbox>
</object>
<object>
<name>Car</name>
<bndbox>
<xmin>54</xmin>
<ymin>193</ymin>
<xmax>238</xmax>
<ymax>265</ymax>
</bndbox>
</object>
<object>
<name>Car</name>
<bndbox>
<xmin>603</xmin>
<ymin>172</ymin>
<xmax>626</xmax>
<ymax>186</ymax>
</bndbox>
</object>
<object>
<name>Car</name>
<bndbox>
<xmin>354</xmin>
<ymin>181</ymin>
<xmax>427</xmax>
<ymax>216</ymax>
</bndbox>
</object>
<object>
<name>Car</name>
<bndbox>
<xmin>403</xmin>
<ymin>173</ymin>
<xmax>453</xmax>
<ymax>208</ymax>
</bndbox>
</object>
<object>
<name>Car</name>
<bndbox>
<xmin>457</xmin>
<ymin>175</ymin>
<xmax>501</xmax>
<ymax>199</ymax>
</bndbox>
</object>
<object>
<name>Car</name>
<bndbox>
<xmin>515</xmin>
<ymin>176</ymin>
<xmax>553</xmax>
<ymax>193</ymax>
</bndbox>
</object>
<object>
<name>Car</name>
<bndbox>
<xmin>238</xmin>
<ymin>178</ymin>
<xmax>315</xmax>
<ymax>214</ymax>
</bndbox>
</object>
<object>
<name>Car</name>
<bndbox>
<xmin>224</xmin>
<ymin>178</ymin>
<xmax>305</xmax>
<ymax>205</ymax>
</bndbox>
</object>
</annotation>
