<?xml version="1.0" ?>
<annotation>
<folder>KITTI</folder>
<filename>003645.png</filename>
<source>
<database>The KITTI Database</database>
<annotation>KITTI</annotation>
</source>
<size>
<width>1242</width>
<height>375</height>
<depth>3</depth>
</size>
<object>
<name>Car</name>
<bndbox>
<xmin>592</xmin>
<ymin>174</ymin>
<xmax>618</xmax>
<ymax>199</ymax>
</bndbox>
</object>
<object>
<name>Car</name>
<bndbox>
<xmin>623</xmin>
<ymin>161</ymin>
<xmax>656</xmax>
<ymax>191</ymax>
</bndbox>
</object>
<object>
<name>Car</name>
<bndbox>
<xmin>347</xmin>
<ymin>184</ymin>
<xmax>386</xmax>
<ymax>203</ymax>
</bndbox>
</object>
</annotation>
