<?xml version="1.0" ?>
<annotation>
<folder>KITTI</folder>
<filename>003610.png</filename>
<source>
<database>The KITTI Database</database>
<annotation>KITTI</annotation>
</source>
<size>
<width>1242</width>
<height>375</height>
<depth>3</depth>
</size>
<object>
<name>Car</name>
<bndbox>
<xmin>454</xmin>
<ymin>186</ymin>
<xmax>516</xmax>
<ymax>245</ymax>
</bndbox>
</object>
<object>
<name>Car</name>
<bndbox>
<xmin>476</xmin>
<ymin>188</ymin>
<xmax>525</xmax>
<ymax>230</ymax>
</bndbox>
</object>
</annotation>
