<?xml version="1.0" ?>
<annotation>
<folder>KITTI</folder>
<filename>003739.png</filename>
<source>
<database>The KITTI Database</database>
<annotation>KITTI</annotation>
</source>
<size>
<width>1238</width>
<height>374</height>
<depth>3</depth>
</size>
<object>
<name>Pedestrian</name>
<bndbox>
<xmin>1010</xmin>
<ymin>146</ymin>
<xmax>1094</xmax>
<ymax>325</ymax>
</bndbox>
</object>
<object>
<name>Car</name>
<bndbox>
<xmin>575</xmin>
<ymin>169</ymin>
<xmax>631</xmax>
<ymax>216</ymax>
</bndbox>
</object>
<object>
<name>Pedestrian</name>
<bndbox>
<xmin>800</xmin>
<ymin>157</ymin>
<xmax>831</xmax>
<ymax>239</ymax>
</bndbox>
</object>
<object>
<name>Car</name>
<bndbox>
<xmin>662</xmin>
<ymin>132</ymin>
<xmax>732</xmax>
<ymax>212</ymax>
</bndbox>
</object>
</annotation>
