<?xml version="1.0" ?>
<annotation>
<folder>KITTI</folder>
<filename>003720.png</filename>
<source>
<database>The KITTI Database</database>
<annotation>KITTI</annotation>
</source>
<size>
<width>1242</width>
<height>375</height>
<depth>3</depth>
</size>
<object>
<name>Car</name>
<bndbox>
<xmin>128</xmin>
<ymin>175</ymin>
<xmax>205</xmax>
<ymax>208</ymax>
</bndbox>
</object>
<object>
<name>Car</name>
<bndbox>
<xmin>343</xmin>
<ymin>170</ymin>
<xmax>377</xmax>
<ymax>186</ymax>
</bndbox>
</object>
<object>
<name>Car</name>
<bndbox>
<xmin>279</xmin>
<ymin>157</ymin>
<xmax>321</xmax>
<ymax>185</ymax>
</bndbox>
</object>
<object>
<name>Car</name>
<bndbox>
<xmin>571</xmin>
<ymin>169</ymin>
<xmax>615</xmax>
<ymax>213</ymax>
</bndbox>
</object>
</annotation>
