<?xml version="1.0" ?>
<annotation>
<folder>KITTI</folder>
<filename>003711.png</filename>
<source>
<database>The KITTI Database</database>
<annotation>KITTI</annotation>
</source>
<size>
<width>1242</width>
<height>375</height>
<depth>3</depth>
</size>
<object>
<name>Car</name>
<bndbox>
<xmin>942</xmin>
<ymin>176</ymin>
<xmax>1241</xmax>
<ymax>374</ymax>
</bndbox>
</object>
<object>
<name>Car</name>
<bndbox>
<xmin>690</xmin>
<ymin>177</ymin>
<xmax>768</xmax>
<ymax>234</ymax>
</bndbox>
</object>
<object>
<name>Car</name>
<bndbox>
<xmin>732</xmin>
<ymin>151</ymin>
<xmax>778</xmax>
<ymax>189</ymax>
</bndbox>
</object>
</annotation>
