<?xml version="1.0" ?>
<annotation>
<folder>KITTI</folder>
<filename>003712.png</filename>
<source>
<database>The KITTI Database</database>
<annotation>KITTI</annotation>
</source>
<size>
<width>1242</width>
<height>375</height>
<depth>3</depth>
</size>
<object>
<name>Car</name>
<bndbox>
<xmin>680</xmin>
<ymin>176</ymin>
<xmax>831</xmax>
<ymax>228</ymax>
</bndbox>
</object>
<object>
<name>Car</name>
<bndbox>
<xmin>645</xmin>
<ymin>176</ymin>
<xmax>713</xmax>
<ymax>201</ymax>
</bndbox>
</object>
</annotation>
