<?xml version="1.0" ?>
<annotation>
<folder>KITTI</folder>
<filename>003702.png</filename>
<source>
<database>The KITTI Database</database>
<annotation>KITTI</annotation>
</source>
<size>
<width>1242</width>
<height>375</height>
<depth>3</depth>
</size>
<object>
<name>Car</name>
<bndbox>
<xmin>585</xmin>
<ymin>176</ymin>
<xmax>601</xmax>
<ymax>189</ymax>
</bndbox>
</object>
<object>
<name>Car</name>
<bndbox>
<xmin>160</xmin>
<ymin>187</ymin>
<xmax>327</xmax>
<ymax>266</ymax>
</bndbox>
</object>
</annotation>
