<?xml version="1.0" ?>
<annotation>
<folder>KITTI</folder>
<filename>003779.png</filename>
<source>
<database>The KITTI Database</database>
<annotation>KITTI</annotation>
</source>
<size>
<width>1242</width>
<height>375</height>
<depth>3</depth>
</size>
<object>
<name>Cyclist</name>
<bndbox>
<xmin>311</xmin>
<ymin>185</ymin>
<xmax>400</xmax>
<ymax>325</ymax>
</bndbox>
</object>
<object>
<name>Car</name>
<bndbox>
<xmin>993</xmin>
<ymin>190</ymin>
<xmax>1241</xmax>
<ymax>374</ymax>
</bndbox>
</object>
<object>
<name>Car</name>
<bndbox>
<xmin>918</xmin>
<ymin>156</ymin>
<xmax>1241</xmax>
<ymax>335</ymax>
</bndbox>
</object>
<object>
<name>Car</name>
<bndbox>
<xmin>154</xmin>
<ymin>182</ymin>
<xmax>394</xmax>
<ymax>258</ymax>
</bndbox>
</object>
<object>
<name>Car</name>
<bndbox>
<xmin>245</xmin>
<ymin>183</ymin>
<xmax>432</xmax>
<ymax>246</ymax>
</bndbox>
</object>
<object>
<name>Car</name>
<bndbox>
<xmin>328</xmin>
<ymin>179</ymin>
<xmax>443</xmax>
<ymax>228</ymax>
</bndbox>
</object>
<object>
<name>Car</name>
<bndbox>
<xmin>641</xmin>
<ymin>178</ymin>
<xmax>715</xmax>
<ymax>232</ymax>
</bndbox>
</object>
<object>
<name>Car</name>
<bndbox>
<xmin>404</xmin>
<ymin>177</ymin>
<xmax>494</xmax>
<ymax>212</ymax>
</bndbox>
</object>
<object>
<name>Car</name>
<bndbox>
<xmin>622</xmin>
<ymin>172</ymin>
<xmax>657</xmax>
<ymax>202</ymax>
</bndbox>
</object>
<object>
<name>Car</name>
<bndbox>
<xmin>604</xmin>
<ymin>163</ymin>
<xmax>622</xmax>
<ymax>184</ymax>
</bndbox>
</object>
</annotation>
