<?xml version="1.0" ?>
<annotation>
<folder>KITTI</folder>
<filename>003729.png</filename>
<source>
<database>The KITTI Database</database>
<annotation>KITTI</annotation>
</source>
<size>
<width>1242</width>
<height>375</height>
<depth>3</depth>
</size>
<object>
<name>Car</name>
<bndbox>
<xmin>666</xmin>
<ymin>173</ymin>
<xmax>697</xmax>
<ymax>192</ymax>
</bndbox>
</object>
<object>
<name>Car</name>
<bndbox>
<xmin>917</xmin>
<ymin>194</ymin>
<xmax>1241</xmax>
<ymax>374</ymax>
</bndbox>
</object>
</annotation>
