<?xml version="1.0" ?>
<annotation>
<folder>KITTI</folder>
<filename>003732.png</filename>
<source>
<database>The KITTI Database</database>
<annotation>KITTI</annotation>
</source>
<size>
<width>1238</width>
<height>374</height>
<depth>3</depth>
</size>
<object>
<name>Car</name>
<bndbox>
<xmin>0</xmin>
<ymin>195</ymin>
<xmax>416</xmax>
<ymax>373</ymax>
</bndbox>
</object>
<object>
<name>Car</name>
<bndbox>
<xmin>414</xmin>
<ymin>184</ymin>
<xmax>523</xmax>
<ymax>263</ymax>
</bndbox>
</object>
<object>
<name>Car</name>
<bndbox>
<xmin>584</xmin>
<ymin>175</ymin>
<xmax>641</xmax>
<ymax>227</ymax>
</bndbox>
</object>
<object>
<name>Car</name>
<bndbox>
<xmin>532</xmin>
<ymin>173</ymin>
<xmax>581</xmax>
<ymax>215</ymax>
</bndbox>
</object>
<object>
<name>Car</name>
<bndbox>
<xmin>0</xmin>
<ymin>197</ymin>
<xmax>244</xmax>
<ymax>360</ymax>
</bndbox>
</object>
<object>
<name>Car</name>
<bndbox>
<xmin>466</xmin>
<ymin>171</ymin>
<xmax>515</xmax>
<ymax>206</ymax>
</bndbox>
</object>
</annotation>
