<?xml version="1.0" ?>
<annotation>
<folder>KITTI</folder>
<filename>003706.png</filename>
<source>
<database>The KITTI Database</database>
<annotation>KITTI</annotation>
</source>
<size>
<width>1242</width>
<height>375</height>
<depth>3</depth>
</size>
<object>
<name>Car</name>
<bndbox>
<xmin>62</xmin>
<ymin>203</ymin>
<xmax>216</xmax>
<ymax>277</ymax>
</bndbox>
</object>
<object>
<name>Car</name>
<bndbox>
<xmin>489</xmin>
<ymin>179</ymin>
<xmax>528</xmax>
<ymax>213</ymax>
</bndbox>
</object>
<object>
<name>Car</name>
<bndbox>
<xmin>421</xmin>
<ymin>170</ymin>
<xmax>469</xmax>
<ymax>208</ymax>
</bndbox>
</object>
<object>
<name>Car</name>
<bndbox>
<xmin>344</xmin>
<ymin>191</ymin>
<xmax>418</xmax>
<ymax>238</ymax>
</bndbox>
</object>
<object>
<name>Car</name>
<bndbox>
<xmin>262</xmin>
<ymin>196</ymin>
<xmax>345</xmax>
<ymax>240</ymax>
</bndbox>
</object>
<object>
<name>Cyclist</name>
<bndbox>
<xmin>194</xmin>
<ymin>184</ymin>
<xmax>257</xmax>
<ymax>268</ymax>
</bndbox>
</object>
<object>
<name>Pedestrian</name>
<bndbox>
<xmin>462</xmin>
<ymin>185</ymin>
<xmax>472</xmax>
<ymax>209</ymax>
</bndbox>
</object>
<object>
<name>Car</name>
<bndbox>
<xmin>1119</xmin>
<ymin>162</ymin>
<xmax>1241</xmax>
<ymax>278</ymax>
</bndbox>
</object>
<object>
<name>Car</name>
<bndbox>
<xmin>264</xmin>
<ymin>190</ymin>
<xmax>331</xmax>
<ymax>211</ymax>
</bndbox>
</object>
<object>
<name>Car</name>
<bndbox>
<xmin>950</xmin>
<ymin>170</ymin>
<xmax>988</xmax>
<ymax>190</ymax>
</bndbox>
</object>
</annotation>
