<?xml version="1.0" ?>
<annotation>
<folder>KITTI</folder>
<filename>003863.png</filename>
<source>
<database>The KITTI Database</database>
<annotation>KITTI</annotation>
</source>
<size>
<width>1242</width>
<height>375</height>
<depth>3</depth>
</size>
<object>
<name>Car</name>
<bndbox>
<xmin>576</xmin>
<ymin>175</ymin>
<xmax>633</xmax>
<ymax>221</ymax>
</bndbox>
</object>
<object>
<name>Car</name>
<bndbox>
<xmin>0</xmin>
<ymin>135</ymin>
<xmax>230</xmax>
<ymax>374</ymax>
</bndbox>
</object>
<object>
<name>Car</name>
<bndbox>
<xmin>239</xmin>
<ymin>177</ymin>
<xmax>446</xmax>
<ymax>276</ymax>
</bndbox>
</object>
<object>
<name>Car</name>
<bndbox>
<xmin>294</xmin>
<ymin>173</ymin>
<xmax>467</xmax>
<ymax>250</ymax>
</bndbox>
</object>
<object>
<name>Car</name>
<bndbox>
<xmin>395</xmin>
<ymin>175</ymin>
<xmax>503</xmax>
<ymax>221</ymax>
</bndbox>
</object>
<object>
<name>Car</name>
<bndbox>
<xmin>443</xmin>
<ymin>172</ymin>
<xmax>533</xmax>
<ymax>211</ymax>
</bndbox>
</object>
<object>
<name>Car</name>
<bndbox>
<xmin>758</xmin>
<ymin>83</ymin>
<xmax>1175</xmax>
<ymax>374</ymax>
</bndbox>
</object>
<object>
<name>Car</name>
<bndbox>
<xmin>728</xmin>
<ymin>179</ymin>
<xmax>861</xmax>
<ymax>260</ymax>
</bndbox>
</object>
<object>
<name>Car</name>
<bndbox>
<xmin>663</xmin>
<ymin>176</ymin>
<xmax>709</xmax>
<ymax>209</ymax>
</bndbox>
</object>
<object>
<name>Car</name>
<bndbox>
<xmin>639</xmin>
<ymin>158</ymin>
<xmax>671</xmax>
<ymax>193</ymax>
</bndbox>
</object>
<object>
<name>Car</name>
<bndbox>
<xmin>587</xmin>
<ymin>171</ymin>
<xmax>623</xmax>
<ymax>204</ymax>
</bndbox>
</object>
<object>
<name>Car</name>
<bndbox>
<xmin>0</xmin>
<ymin>128</ymin>
<xmax>233</xmax>
<ymax>272</ymax>
</bndbox>
</object>
<object>
<name>Car</name>
<bndbox>
<xmin>261</xmin>
<ymin>172</ymin>
<xmax>331</xmax>
<ymax>202</ymax>
</bndbox>
</object>
</annotation>
