<?xml version="1.0" ?>
<annotation>
<folder>KITTI</folder>
<filename>003816.png</filename>
<source>
<database>The KITTI Database</database>
<annotation>KITTI</annotation>
</source>
<size>
<width>1242</width>
<height>375</height>
<depth>3</depth>
</size>
<object>
<name>Car</name>
<bndbox>
<xmin>518</xmin>
<ymin>165</ymin>
<xmax>740</xmax>
<ymax>374</ymax>
</bndbox>
</object>
<object>
<name>Car</name>
<bndbox>
<xmin>165</xmin>
<ymin>195</ymin>
<xmax>267</xmax>
<ymax>227</ymax>
</bndbox>
</object>
<object>
<name>Car</name>
<bndbox>
<xmin>376</xmin>
<ymin>185</ymin>
<xmax>418</xmax>
<ymax>205</ymax>
</bndbox>
</object>
<object>
<name>Car</name>
<bndbox>
<xmin>25</xmin>
<ymin>203</ymin>
<xmax>106</xmax>
<ymax>234</ymax>
</bndbox>
</object>
<object>
<name>Car</name>
<bndbox>
<xmin>294</xmin>
<ymin>186</ymin>
<xmax>366</xmax>
<ymax>216</ymax>
</bndbox>
</object>
<object>
<name>Car</name>
<bndbox>
<xmin>335</xmin>
<ymin>187</ymin>
<xmax>374</xmax>
<ymax>208</ymax>
</bndbox>
</object>
<object>
<name>Car</name>
<bndbox>
<xmin>425</xmin>
<ymin>181</ymin>
<xmax>464</xmax>
<ymax>201</ymax>
</bndbox>
</object>
</annotation>
