<?xml version="1.0" ?>
<annotation>
<folder>KITTI</folder>
<filename>003804.png</filename>
<source>
<database>The KITTI Database</database>
<annotation>KITTI</annotation>
</source>
<size>
<width>1241</width>
<height>376</height>
<depth>3</depth>
</size>
<object>
<name>Car</name>
<bndbox>
<xmin>700</xmin>
<ymin>188</ymin>
<xmax>814</xmax>
<ymax>268</ymax>
</bndbox>
</object>
<object>
<name>Car</name>
<bndbox>
<xmin>0</xmin>
<ymin>180</ymin>
<xmax>219</xmax>
<ymax>296</ymax>
</bndbox>
</object>
<object>
<name>Car</name>
<bndbox>
<xmin>247</xmin>
<ymin>188</ymin>
<xmax>446</xmax>
<ymax>308</ymax>
</bndbox>
</object>
<object>
<name>Car</name>
<bndbox>
<xmin>436</xmin>
<ymin>180</ymin>
<xmax>514</xmax>
<ymax>237</ymax>
</bndbox>
</object>
<object>
<name>Car</name>
<bndbox>
<xmin>652</xmin>
<ymin>180</ymin>
<xmax>706</xmax>
<ymax>221</ymax>
</bndbox>
</object>
<object>
<name>Car</name>
<bndbox>
<xmin>481</xmin>
<ymin>182</ymin>
<xmax>534</xmax>
<ymax>221</ymax>
</bndbox>
</object>
<object>
<name>Car</name>
<bndbox>
<xmin>381</xmin>
<ymin>183</ymin>
<xmax>441</xmax>
<ymax>218</ymax>
</bndbox>
</object>
<object>
<name>Car</name>
<bndbox>
<xmin>437</xmin>
<ymin>183</ymin>
<xmax>478</xmax>
<ymax>210</ymax>
</bndbox>
</object>
<object>
<name>Car</name>
<bndbox>
<xmin>527</xmin>
<ymin>182</ymin>
<xmax>554</xmax>
<ymax>202</ymax>
</bndbox>
</object>
<object>
<name>Car</name>
<bndbox>
<xmin>586</xmin>
<ymin>179</ymin>
<xmax>610</xmax>
<ymax>202</ymax>
</bndbox>
</object>
<object>
<name>Car</name>
<bndbox>
<xmin>626</xmin>
<ymin>180</ymin>
<xmax>648</xmax>
<ymax>200</ymax>
</bndbox>
</object>
<object>
<name>Car</name>
<bndbox>
<xmin>617</xmin>
<ymin>180</ymin>
<xmax>635</xmax>
<ymax>197</ymax>
</bndbox>
</object>
<object>
<name>Car</name>
<bndbox>
<xmin>230</xmin>
<ymin>161</ymin>
<xmax>301</xmax>
<ymax>199</ymax>
</bndbox>
</object>
</annotation>
