<?xml version="1.0" ?>
<annotation>
<folder>KITTI</folder>
<filename>003876.png</filename>
<source>
<database>The KITTI Database</database>
<annotation>KITTI</annotation>
</source>
<size>
<width>1242</width>
<height>375</height>
<depth>3</depth>
</size>
<object>
<name>Car</name>
<bndbox>
<xmin>562</xmin>
<ymin>175</ymin>
<xmax>677</xmax>
<ymax>284</ymax>
</bndbox>
</object>
<object>
<name>Car</name>
<bndbox>
<xmin>1093</xmin>
<ymin>162</ymin>
<xmax>1241</xmax>
<ymax>374</ymax>
</bndbox>
</object>
<object>
<name>Car</name>
<bndbox>
<xmin>898</xmin>
<ymin>177</ymin>
<xmax>1181</xmax>
<ymax>352</ymax>
</bndbox>
</object>
<object>
<name>Car</name>
<bndbox>
<xmin>494</xmin>
<ymin>171</ymin>
<xmax>534</xmax>
<ymax>202</ymax>
</bndbox>
</object>
<object>
<name>Pedestrian</name>
<bndbox>
<xmin>796</xmin>
<ymin>165</ymin>
<xmax>822</xmax>
<ymax>223</ymax>
</bndbox>
</object>
<object>
<name>Pedestrian</name>
<bndbox>
<xmin>933</xmin>
<ymin>169</ymin>
<xmax>950</xmax>
<ymax>211</ymax>
</bndbox>
</object>
<object>
<name>Pedestrian</name>
<bndbox>
<xmin>1036</xmin>
<ymin>161</ymin>
<xmax>1051</xmax>
<ymax>215</ymax>
</bndbox>
</object>
<object>
<name>Pedestrian</name>
<bndbox>
<xmin>997</xmin>
<ymin>167</ymin>
<xmax>1006</xmax>
<ymax>204</ymax>
</bndbox>
</object>
<object>
<name>Car</name>
<bndbox>
<xmin>52</xmin>
<ymin>189</ymin>
<xmax>148</xmax>
<ymax>220</ymax>
</bndbox>
</object>
</annotation>
