<?xml version="1.0" ?>
<annotation>
<folder>KITTI</folder>
<filename>003873.png</filename>
<source>
<database>The KITTI Database</database>
<annotation>KITTI</annotation>
</source>
<size>
<width>1242</width>
<height>375</height>
<depth>3</depth>
</size>
<object>
<name>Car</name>
<bndbox>
<xmin>591</xmin>
<ymin>162</ymin>
<xmax>618</xmax>
<ymax>192</ymax>
</bndbox>
</object>
<object>
<name>Car</name>
<bndbox>
<xmin>880</xmin>
<ymin>178</ymin>
<xmax>963</xmax>
<ymax>210</ymax>
</bndbox>
</object>
<object>
<name>Car</name>
<bndbox>
<xmin>275</xmin>
<ymin>189</ymin>
<xmax>332</xmax>
<ymax>212</ymax>
</bndbox>
</object>
</annotation>
