<?xml version="1.0" ?>
<annotation>
<folder>KITTI</folder>
<filename>003808.png</filename>
<source>
<database>The KITTI Database</database>
<annotation>KITTI</annotation>
</source>
<size>
<width>1242</width>
<height>375</height>
<depth>3</depth>
</size>
<object>
<name>Car</name>
<bndbox>
<xmin>0</xmin>
<ymin>210</ymin>
<xmax>372</xmax>
<ymax>374</ymax>
</bndbox>
</object>
<object>
<name>Car</name>
<bndbox>
<xmin>969</xmin>
<ymin>0</ymin>
<xmax>975</xmax>
<ymax>374</ymax>
</bndbox>
</object>
<object>
<name>Car</name>
<bndbox>
<xmin>664</xmin>
<ymin>177</ymin>
<xmax>756</xmax>
<ymax>245</ymax>
</bndbox>
</object>
<object>
<name>Car</name>
<bndbox>
<xmin>361</xmin>
<ymin>187</ymin>
<xmax>495</xmax>
<ymax>283</ymax>
</bndbox>
</object>
<object>
<name>Car</name>
<bndbox>
<xmin>768</xmin>
<ymin>179</ymin>
<xmax>1241</xmax>
<ymax>374</ymax>
</bndbox>
</object>
<object>
<name>Car</name>
<bndbox>
<xmin>632</xmin>
<ymin>178</ymin>
<xmax>668</xmax>
<ymax>208</ymax>
</bndbox>
</object>
<object>
<name>Car</name>
<bndbox>
<xmin>673</xmin>
<ymin>162</ymin>
<xmax>712</xmax>
<ymax>190</ymax>
</bndbox>
</object>
</annotation>
