<?xml version="1.0" ?>
<annotation>
<folder>KITTI</folder>
<filename>003930.png</filename>
<source>
<database>The KITTI Database</database>
<annotation>KITTI</annotation>
</source>
<size>
<width>1242</width>
<height>375</height>
<depth>3</depth>
</size>
<object>
<name>Car</name>
<bndbox>
<xmin>570</xmin>
<ymin>182</ymin>
<xmax>628</xmax>
<ymax>228</ymax>
</bndbox>
</object>
<object>
<name>Car</name>
<bndbox>
<xmin>88</xmin>
<ymin>191</ymin>
<xmax>332</xmax>
<ymax>332</ymax>
</bndbox>
</object>
<object>
<name>Car</name>
<bndbox>
<xmin>291</xmin>
<ymin>179</ymin>
<xmax>461</xmax>
<ymax>261</ymax>
</bndbox>
</object>
<object>
<name>Car</name>
<bndbox>
<xmin>436</xmin>
<ymin>173</ymin>
<xmax>534</xmax>
<ymax>213</ymax>
</bndbox>
</object>
<object>
<name>Car</name>
<bndbox>
<xmin>704</xmin>
<ymin>182</ymin>
<xmax>801</xmax>
<ymax>245</ymax>
</bndbox>
</object>
<object>
<name>Car</name>
<bndbox>
<xmin>649</xmin>
<ymin>161</ymin>
<xmax>699</xmax>
<ymax>210</ymax>
</bndbox>
</object>
<object>
<name>Car</name>
<bndbox>
<xmin>80</xmin>
<ymin>177</ymin>
<xmax>255</xmax>
<ymax>249</ymax>
</bndbox>
</object>
<object>
<name>Car</name>
<bndbox>
<xmin>592</xmin>
<ymin>177</ymin>
<xmax>631</xmax>
<ymax>212</ymax>
</bndbox>
</object>
<object>
<name>Car</name>
<bndbox>
<xmin>0</xmin>
<ymin>182</ymin>
<xmax>149</xmax>
<ymax>235</ymax>
</bndbox>
</object>
</annotation>
