<?xml version="1.0" ?>
<annotation>
<folder>KITTI</folder>
<filename>003965.png</filename>
<source>
<database>The KITTI Database</database>
<annotation>KITTI</annotation>
</source>
<size>
<width>1242</width>
<height>375</height>
<depth>3</depth>
</size>
<object>
<name>Car</name>
<bndbox>
<xmin>0</xmin>
<ymin>193</ymin>
<xmax>130</xmax>
<ymax>374</ymax>
</bndbox>
</object>
<object>
<name>Car</name>
<bndbox>
<xmin>322</xmin>
<ymin>73</ymin>
<xmax>502</xmax>
<ymax>252</ymax>
</bndbox>
</object>
<object>
<name>Car</name>
<bndbox>
<xmin>615</xmin>
<ymin>165</ymin>
<xmax>686</xmax>
<ymax>230</ymax>
</bndbox>
</object>
<object>
<name>Pedestrian</name>
<bndbox>
<xmin>598</xmin>
<ymin>158</ymin>
<xmax>619</xmax>
<ymax>226</ymax>
</bndbox>
</object>
</annotation>
