<?xml version="1.0" ?>
<annotation>
<folder>KITTI</folder>
<filename>003988.png</filename>
<source>
<database>The KITTI Database</database>
<annotation>KITTI</annotation>
</source>
<size>
<width>1242</width>
<height>375</height>
<depth>3</depth>
</size>
<object>
<name>Car</name>
<bndbox>
<xmin>584</xmin>
<ymin>146</ymin>
<xmax>634</xmax>
<ymax>205</ymax>
</bndbox>
</object>
<object>
<name>Car</name>
<bndbox>
<xmin>311</xmin>
<ymin>192</ymin>
<xmax>364</xmax>
<ymax>218</ymax>
</bndbox>
</object>
</annotation>
