<?xml version="1.0" ?>
<annotation>
<folder>KITTI</folder>
<filename>003926.png</filename>
<source>
<database>The KITTI Database</database>
<annotation>KITTI</annotation>
</source>
<size>
<width>1242</width>
<height>375</height>
<depth>3</depth>
</size>
<object>
<name>Car</name>
<bndbox>
<xmin>884</xmin>
<ymin>175</ymin>
<xmax>1130</xmax>
<ymax>274</ymax>
</bndbox>
</object>
<object>
<name>Car</name>
<bndbox>
<xmin>0</xmin>
<ymin>181</ymin>
<xmax>88</xmax>
<ymax>252</ymax>
</bndbox>
</object>
</annotation>
