<?xml version="1.0" ?>
<annotation>
<folder>KITTI</folder>
<filename>003972.png</filename>
<source>
<database>The KITTI Database</database>
<annotation>KITTI</annotation>
</source>
<size>
<width>1242</width>
<height>375</height>
<depth>3</depth>
</size>
<object>
<name>Car</name>
<bndbox>
<xmin>553</xmin>
<ymin>173</ymin>
<xmax>573</xmax>
<ymax>191</ymax>
</bndbox>
</object>
<object>
<name>Car</name>
<bndbox>
<xmin>586</xmin>
<ymin>160</ymin>
<xmax>614</xmax>
<ymax>190</ymax>
</bndbox>
</object>
<object>
<name>Car</name>
<bndbox>
<xmin>338</xmin>
<ymin>138</ymin>
<xmax>478</xmax>
<ymax>215</ymax>
</bndbox>
</object>
</annotation>
