<?xml version="1.0" ?>
<annotation>
<folder>KITTI</folder>
<filename>004068.png</filename>
<source>
<database>The KITTI Database</database>
<annotation>KITTI</annotation>
</source>
<size>
<width>1242</width>
<height>375</height>
<depth>3</depth>
</size>
<object>
<name>Car</name>
<bndbox>
<xmin>592</xmin>
<ymin>165</ymin>
<xmax>620</xmax>
<ymax>195</ymax>
</bndbox>
</object>
<object>
<name>Car</name>
<bndbox>
<xmin>766</xmin>
<ymin>183</ymin>
<xmax>930</xmax>
<ymax>254</ymax>
</bndbox>
</object>
<object>
<name>Car</name>
<bndbox>
<xmin>186</xmin>
<ymin>193</ymin>
<xmax>266</xmax>
<ymax>231</ymax>
</bndbox>
</object>
<object>
<name>Car</name>
<bndbox>
<xmin>292</xmin>
<ymin>184</ymin>
<xmax>359</xmax>
<ymax>217</ymax>
</bndbox>
</object>
<object>
<name>Cyclist</name>
<bndbox>
<xmin>56</xmin>
<ymin>200</ymin>
<xmax>89</xmax>
<ymax>237</ymax>
</bndbox>
</object>
</annotation>
