<?xml version="1.0" ?>
<annotation>
<folder>KITTI</folder>
<filename>004003.png</filename>
<source>
<database>The KITTI Database</database>
<annotation>KITTI</annotation>
</source>
<size>
<width>1242</width>
<height>375</height>
<depth>3</depth>
</size>
<object>
<name>Car</name>
<bndbox>
<xmin>585</xmin>
<ymin>176</ymin>
<xmax>602</xmax>
<ymax>189</ymax>
</bndbox>
</object>
<object>
<name>Car</name>
<bndbox>
<xmin>484</xmin>
<ymin>177</ymin>
<xmax>516</xmax>
<ymax>200</ymax>
</bndbox>
</object>
</annotation>
