<?xml version="1.0" ?>
<annotation>
<folder>KITTI</folder>
<filename>004000.png</filename>
<source>
<database>The KITTI Database</database>
<annotation>KITTI</annotation>
</source>
<size>
<width>1242</width>
<height>375</height>
<depth>3</depth>
</size>
<object>
<name>Car</name>
<bndbox>
<xmin>576</xmin>
<ymin>177</ymin>
<xmax>604</xmax>
<ymax>205</ymax>
</bndbox>
</object>
<object>
<name>Car</name>
<bndbox>
<xmin>377</xmin>
<ymin>164</ymin>
<xmax>446</xmax>
<ymax>201</ymax>
</bndbox>
</object>
</annotation>
