<?xml version="1.0" ?>
<annotation>
<folder>KITTI</folder>
<filename>004037.png</filename>
<source>
<database>The KITTI Database</database>
<annotation>KITTI</annotation>
</source>
<size>
<width>1242</width>
<height>375</height>
<depth>3</depth>
</size>
<object>
<name>Car</name>
<bndbox>
<xmin>219</xmin>
<ymin>32</ymin>
<xmax>505</xmax>
<ymax>300</ymax>
</bndbox>
</object>
<object>
<name>Car</name>
<bndbox>
<xmin>531</xmin>
<ymin>178</ymin>
<xmax>563</xmax>
<ymax>205</ymax>
</bndbox>
</object>
<object>
<name>Car</name>
<bndbox>
<xmin>329</xmin>
<ymin>183</ymin>
<xmax>366</xmax>
<ymax>204</ymax>
</bndbox>
</object>
<object>
<name>Car</name>
<bndbox>
<xmin>584</xmin>
<ymin>178</ymin>
<xmax>621</xmax>
<ymax>215</ymax>
</bndbox>
</object>
</annotation>
