<?xml version="1.0" ?>
<annotation>
<folder>KITTI</folder>
<filename>004029.png</filename>
<source>
<database>The KITTI Database</database>
<annotation>KITTI</annotation>
</source>
<size>
<width>1242</width>
<height>375</height>
<depth>3</depth>
</size>
<object>
<name>Car</name>
<bndbox>
<xmin>591</xmin>
<ymin>175</ymin>
<xmax>637</xmax>
<ymax>219</ymax>
</bndbox>
</object>
<object>
<name>Car</name>
<bndbox>
<xmin>1038</xmin>
<ymin>152</ymin>
<xmax>1241</xmax>
<ymax>374</ymax>
</bndbox>
</object>
<object>
<name>Car</name>
<bndbox>
<xmin>871</xmin>
<ymin>174</ymin>
<xmax>1133</xmax>
<ymax>337</ymax>
</bndbox>
</object>
<object>
<name>Car</name>
<bndbox>
<xmin>778</xmin>
<ymin>177</ymin>
<xmax>995</xmax>
<ymax>280</ymax>
</bndbox>
</object>
<object>
<name>Car</name>
<bndbox>
<xmin>475</xmin>
<ymin>179</ymin>
<xmax>512</xmax>
<ymax>202</ymax>
</bndbox>
</object>
<object>
<name>Car</name>
<bndbox>
<xmin>196</xmin>
<ymin>191</ymin>
<xmax>353</xmax>
<ymax>275</ymax>
</bndbox>
</object>
<object>
<name>Car</name>
<bndbox>
<xmin>689</xmin>
<ymin>170</ymin>
<xmax>812</xmax>
<ymax>222</ymax>
</bndbox>
</object>
<object>
<name>Car</name>
<bndbox>
<xmin>662</xmin>
<ymin>173</ymin>
<xmax>754</xmax>
<ymax>209</ymax>
</bndbox>
</object>
<object>
<name>Car</name>
<bndbox>
<xmin>641</xmin>
<ymin>167</ymin>
<xmax>711</xmax>
<ymax>199</ymax>
</bndbox>
</object>
<object>
<name>Car</name>
<bndbox>
<xmin>426</xmin>
<ymin>173</ymin>
<xmax>466</xmax>
<ymax>198</ymax>
</bndbox>
</object>
<object>
<name>Car</name>
<bndbox>
<xmin>448</xmin>
<ymin>174</ymin>
<xmax>481</xmax>
<ymax>196</ymax>
</bndbox>
</object>
<object>
<name>Car</name>
<bndbox>
<xmin>499</xmin>
<ymin>175</ymin>
<xmax>522</xmax>
<ymax>189</ymax>
</bndbox>
</object>
<object>
<name>Car</name>
<bndbox>
<xmin>404</xmin>
<ymin>175</ymin>
<xmax>430</xmax>
<ymax>194</ymax>
</bndbox>
</object>
</annotation>
