<?xml version="1.0" ?>
<annotation>
<folder>KITTI</folder>
<filename>004098.png</filename>
<source>
<database>The KITTI Database</database>
<annotation>KITTI</annotation>
</source>
<size>
<width>1242</width>
<height>375</height>
<depth>3</depth>
</size>
<object>
<name>Car</name>
<bndbox>
<xmin>0</xmin>
<ymin>217</ymin>
<xmax>151</xmax>
<ymax>374</ymax>
</bndbox>
</object>
<object>
<name>Car</name>
<bndbox>
<xmin>843</xmin>
<ymin>179</ymin>
<xmax>1241</xmax>
<ymax>374</ymax>
</bndbox>
</object>
<object>
<name>Car</name>
<bndbox>
<xmin>351</xmin>
<ymin>183</ymin>
<xmax>450</xmax>
<ymax>246</ymax>
</bndbox>
</object>
<object>
<name>Car</name>
<bndbox>
<xmin>711</xmin>
<ymin>173</ymin>
<xmax>846</xmax>
<ymax>264</ymax>
</bndbox>
</object>
<object>
<name>Car</name>
<bndbox>
<xmin>687</xmin>
<ymin>173</ymin>
<xmax>776</xmax>
<ymax>236</ymax>
</bndbox>
</object>
<object>
<name>Car</name>
<bndbox>
<xmin>415</xmin>
<ymin>182</ymin>
<xmax>478</xmax>
<ymax>228</ymax>
</bndbox>
</object>
<object>
<name>Pedestrian</name>
<bndbox>
<xmin>735</xmin>
<ymin>156</ymin>
<xmax>751</xmax>
<ymax>208</ymax>
</bndbox>
</object>
<object>
<name>Pedestrian</name>
<bndbox>
<xmin>751</xmin>
<ymin>156</ymin>
<xmax>769</xmax>
<ymax>208</ymax>
</bndbox>
</object>
</annotation>
