<?xml version="1.0" ?>
<annotation>
<folder>KITTI</folder>
<filename>004106.png</filename>
<source>
<database>The KITTI Database</database>
<annotation>KITTI</annotation>
</source>
<size>
<width>1242</width>
<height>375</height>
<depth>3</depth>
</size>
<object>
<name>Cyclist</name>
<bndbox>
<xmin>697</xmin>
<ymin>165</ymin>
<xmax>809</xmax>
<ymax>266</ymax>
</bndbox>
</object>
<object>
<name>Car</name>
<bndbox>
<xmin>555</xmin>
<ymin>179</ymin>
<xmax>661</xmax>
<ymax>215</ymax>
</bndbox>
</object>
<object>
<name>Car</name>
<bndbox>
<xmin>655</xmin>
<ymin>180</ymin>
<xmax>688</xmax>
<ymax>206</ymax>
</bndbox>
</object>
</annotation>
