<?xml version="1.0" ?>
<annotation>
<folder>KITTI</folder>
<filename>004181.png</filename>
<source>
<database>The KITTI Database</database>
<annotation>KITTI</annotation>
</source>
<size>
<width>1242</width>
<height>375</height>
<depth>3</depth>
</size>
<object>
<name>Car</name>
<bndbox>
<xmin>583</xmin>
<ymin>171</ymin>
<xmax>620</xmax>
<ymax>207</ymax>
</bndbox>
</object>
<object>
<name>Car</name>
<bndbox>
<xmin>598</xmin>
<ymin>166</ymin>
<xmax>629</xmax>
<ymax>198</ymax>
</bndbox>
</object>
<object>
<name>Car</name>
<bndbox>
<xmin>1014</xmin>
<ymin>192</ymin>
<xmax>1241</xmax>
<ymax>374</ymax>
</bndbox>
</object>
<object>
<name>Car</name>
<bndbox>
<xmin>776</xmin>
<ymin>175</ymin>
<xmax>1075</xmax>
<ymax>374</ymax>
</bndbox>
</object>
<object>
<name>Car</name>
<bndbox>
<xmin>738</xmin>
<ymin>173</ymin>
<xmax>883</xmax>
<ymax>286</ymax>
</bndbox>
</object>
<object>
<name>Car</name>
<bndbox>
<xmin>666</xmin>
<ymin>164</ymin>
<xmax>727</xmax>
<ymax>219</ymax>
</bndbox>
</object>
<object>
<name>Car</name>
<bndbox>
<xmin>0</xmin>
<ymin>193</ymin>
<xmax>150</xmax>
<ymax>330</ymax>
</bndbox>
</object>
<object>
<name>Car</name>
<bndbox>
<xmin>180</xmin>
<ymin>184</ymin>
<xmax>336</xmax>
<ymax>261</ymax>
</bndbox>
</object>
<object>
<name>Car</name>
<bndbox>
<xmin>641</xmin>
<ymin>169</ymin>
<xmax>667</xmax>
<ymax>194</ymax>
</bndbox>
</object>
</annotation>
