<?xml version="1.0" ?>
<annotation>
<folder>KITTI</folder>
<filename>004189.png</filename>
<source>
<database>The KITTI Database</database>
<annotation>KITTI</annotation>
</source>
<size>
<width>1242</width>
<height>375</height>
<depth>3</depth>
</size>
<object>
<name>Car</name>
<bndbox>
<xmin>952</xmin>
<ymin>175</ymin>
<xmax>1219</xmax>
<ymax>276</ymax>
</bndbox>
</object>
<object>
<name>Car</name>
<bndbox>
<xmin>0</xmin>
<ymin>180</ymin>
<xmax>124</xmax>
<ymax>252</ymax>
</bndbox>
</object>
</annotation>
