<?xml version="1.0" ?>
<annotation>
<folder>KITTI</folder>
<filename>004161.png</filename>
<source>
<database>The KITTI Database</database>
<annotation>KITTI</annotation>
</source>
<size>
<width>1242</width>
<height>375</height>
<depth>3</depth>
</size>
<object>
<name>Car</name>
<bndbox>
<xmin>674</xmin>
<ymin>109</ymin>
<xmax>863</xmax>
<ymax>257</ymax>
</bndbox>
</object>
<object>
<name>Car</name>
<bndbox>
<xmin>0</xmin>
<ymin>201</ymin>
<xmax>82</xmax>
<ymax>277</ymax>
</bndbox>
</object>
<object>
<name>Car</name>
<bndbox>
<xmin>340</xmin>
<ymin>186</ymin>
<xmax>393</xmax>
<ymax>212</ymax>
</bndbox>
</object>
</annotation>
