<?xml version="1.0" ?>
<annotation>
<folder>KITTI</folder>
<filename>004109.png</filename>
<source>
<database>The KITTI Database</database>
<annotation>KITTI</annotation>
</source>
<size>
<width>1224</width>
<height>370</height>
<depth>3</depth>
</size>
<object>
<name>Car</name>
<bndbox>
<xmin>533</xmin>
<ymin>159</ymin>
<xmax>578</xmax>
<ymax>206</ymax>
</bndbox>
</object>
<object>
<name>Pedestrian</name>
<bndbox>
<xmin>360</xmin>
<ymin>161</ymin>
<xmax>400</xmax>
<ymax>265</ymax>
</bndbox>
</object>
<object>
<name>Pedestrian</name>
<bndbox>
<xmin>332</xmin>
<ymin>163</ymin>
<xmax>378</xmax>
<ymax>269</ymax>
</bndbox>
</object>
<object>
<name>Pedestrian</name>
<bndbox>
<xmin>361</xmin>
<ymin>168</ymin>
<xmax>388</xmax>
<ymax>218</ymax>
</bndbox>
</object>
</annotation>
