<?xml version="1.0" ?>
<annotation>
<folder>KITTI</folder>
<filename>004100.png</filename>
<source>
<database>The KITTI Database</database>
<annotation>KITTI</annotation>
</source>
<size>
<width>1241</width>
<height>376</height>
<depth>3</depth>
</size>
<object>
<name>Car</name>
<bndbox>
<xmin>577</xmin>
<ymin>178</ymin>
<xmax>611</xmax>
<ymax>209</ymax>
</bndbox>
</object>
<object>
<name>Car</name>
<bndbox>
<xmin>0</xmin>
<ymin>0</ymin>
<xmax>158</xmax>
<ymax>375</ymax>
</bndbox>
</object>
<object>
<name>Car</name>
<bndbox>
<xmin>0</xmin>
<ymin>193</ymin>
<xmax>146</xmax>
<ymax>316</ymax>
</bndbox>
</object>
<object>
<name>Car</name>
<bndbox>
<xmin>124</xmin>
<ymin>181</ymin>
<xmax>303</xmax>
<ymax>267</ymax>
</bndbox>
</object>
<object>
<name>Car</name>
<bndbox>
<xmin>331</xmin>
<ymin>188</ymin>
<xmax>464</xmax>
<ymax>271</ymax>
</bndbox>
</object>
<object>
<name>Car</name>
<bndbox>
<xmin>304</xmin>
<ymin>189</ymin>
<xmax>392</xmax>
<ymax>232</ymax>
</bndbox>
</object>
<object>
<name>Car</name>
<bndbox>
<xmin>447</xmin>
<ymin>184</ymin>
<xmax>510</xmax>
<ymax>227</ymax>
</bndbox>
</object>
<object>
<name>Car</name>
<bndbox>
<xmin>400</xmin>
<ymin>181</ymin>
<xmax>451</xmax>
<ymax>217</ymax>
</bndbox>
</object>
<object>
<name>Car</name>
<bndbox>
<xmin>482</xmin>
<ymin>183</ymin>
<xmax>526</xmax>
<ymax>213</ymax>
</bndbox>
</object>
<object>
<name>Car</name>
<bndbox>
<xmin>279</xmin>
<ymin>172</ymin>
<xmax>360</xmax>
<ymax>220</ymax>
</bndbox>
</object>
</annotation>
