<?xml version="1.0" ?>
<annotation>
<folder>KITTI</folder>
<filename>004113.png</filename>
<source>
<database>The KITTI Database</database>
<annotation>KITTI</annotation>
</source>
<size>
<width>1242</width>
<height>375</height>
<depth>3</depth>
</size>
<object>
<name>Car</name>
<bndbox>
<xmin>582</xmin>
<ymin>174</ymin>
<xmax>601</xmax>
<ymax>189</ymax>
</bndbox>
</object>
<object>
<name>Car</name>
<bndbox>
<xmin>0</xmin>
<ymin>194</ymin>
<xmax>112</xmax>
<ymax>345</ymax>
</bndbox>
</object>
<object>
<name>Car</name>
<bndbox>
<xmin>560</xmin>
<ymin>174</ymin>
<xmax>576</xmax>
<ymax>187</ymax>
</bndbox>
</object>
</annotation>
