<?xml version="1.0" ?>
<annotation>
<folder>KITTI</folder>
<filename>004281.png</filename>
<source>
<database>The KITTI Database</database>
<annotation>KITTI</annotation>
</source>
<size>
<width>1242</width>
<height>375</height>
<depth>3</depth>
</size>
<object>
<name>Car</name>
<bndbox>
<xmin>738</xmin>
<ymin>174</ymin>
<xmax>991</xmax>
<ymax>335</ymax>
</bndbox>
</object>
<object>
<name>Pedestrian</name>
<bndbox>
<xmin>17</xmin>
<ymin>193</ymin>
<xmax>165</xmax>
<ymax>374</ymax>
</bndbox>
</object>
<object>
<name>Car</name>
<bndbox>
<xmin>237</xmin>
<ymin>168</ymin>
<xmax>432</xmax>
<ymax>255</ymax>
</bndbox>
</object>
<object>
<name>Car</name>
<bndbox>
<xmin>669</xmin>
<ymin>151</ymin>
<xmax>744</xmax>
<ymax>221</ymax>
</bndbox>
</object>
<object>
<name>Car</name>
<bndbox>
<xmin>547</xmin>
<ymin>174</ymin>
<xmax>573</xmax>
<ymax>196</ymax>
</bndbox>
</object>
</annotation>
