<?xml version="1.0" ?>
<annotation>
<folder>KITTI</folder>
<filename>004233.png</filename>
<source>
<database>The KITTI Database</database>
<annotation>KITTI</annotation>
</source>
<size>
<width>1242</width>
<height>375</height>
<depth>3</depth>
</size>
<object>
<name>Cyclist</name>
<bndbox>
<xmin>0</xmin>
<ymin>165</ymin>
<xmax>101</xmax>
<ymax>351</ymax>
</bndbox>
</object>
<object>
<name>Car</name>
<bndbox>
<xmin>979</xmin>
<ymin>176</ymin>
<xmax>1117</xmax>
<ymax>237</ymax>
</bndbox>
</object>
<object>
<name>Car</name>
<bndbox>
<xmin>1077</xmin>
<ymin>178</ymin>
<xmax>1199</xmax>
<ymax>227</ymax>
</bndbox>
</object>
</annotation>
