<?xml version="1.0" ?>
<annotation>
<folder>KITTI</folder>
<filename>004218.png</filename>
<source>
<database>The KITTI Database</database>
<annotation>KITTI</annotation>
</source>
<size>
<width>1242</width>
<height>375</height>
<depth>3</depth>
</size>
<object>
<name>Car</name>
<bndbox>
<xmin>0</xmin>
<ymin>215</ymin>
<xmax>97</xmax>
<ymax>374</ymax>
</bndbox>
</object>
<object>
<name>Car</name>
<bndbox>
<xmin>264</xmin>
<ymin>196</ymin>
<xmax>469</xmax>
<ymax>337</ymax>
</bndbox>
</object>
<object>
<name>Car</name>
<bndbox>
<xmin>0</xmin>
<ymin>202</ymin>
<xmax>298</xmax>
<ymax>358</ymax>
</bndbox>
</object>
<object>
<name>Cyclist</name>
<bndbox>
<xmin>898</xmin>
<ymin>188</ymin>
<xmax>1121</xmax>
<ymax>364</ymax>
</bndbox>
</object>
<object>
<name>Cyclist</name>
<bndbox>
<xmin>1010</xmin>
<ymin>192</ymin>
<xmax>1241</xmax>
<ymax>374</ymax>
</bndbox>
</object>
<object>
<name>Car</name>
<bndbox>
<xmin>486</xmin>
<ymin>187</ymin>
<xmax>547</xmax>
<ymax>240</ymax>
</bndbox>
</object>
<object>
<name>Car</name>
<bndbox>
<xmin>532</xmin>
<ymin>187</ymin>
<xmax>568</xmax>
<ymax>220</ymax>
</bndbox>
</object>
<object>
<name>Car</name>
<bndbox>
<xmin>546</xmin>
<ymin>174</ymin>
<xmax>577</xmax>
<ymax>209</ymax>
</bndbox>
</object>
<object>
<name>Car</name>
<bndbox>
<xmin>651</xmin>
<ymin>184</ymin>
<xmax>759</xmax>
<ymax>226</ymax>
</bndbox>
</object>
<object>
<name>Car</name>
<bndbox>
<xmin>643</xmin>
<ymin>184</ymin>
<xmax>739</xmax>
<ymax>218</ymax>
</bndbox>
</object>
<object>
<name>Car</name>
<bndbox>
<xmin>626</xmin>
<ymin>182</ymin>
<xmax>697</xmax>
<ymax>212</ymax>
</bndbox>
</object>
<object>
<name>Car</name>
<bndbox>
<xmin>566</xmin>
<ymin>179</ymin>
<xmax>588</xmax>
<ymax>200</ymax>
</bndbox>
</object>
<object>
<name>Car</name>
<bndbox>
<xmin>417</xmin>
<ymin>172</ymin>
<xmax>526</xmax>
<ymax>268</ymax>
</bndbox>
</object>
</annotation>
