<?xml version="1.0" ?>
<annotation>
<folder>KITTI</folder>
<filename>004269.png</filename>
<source>
<database>The KITTI Database</database>
<annotation>KITTI</annotation>
</source>
<size>
<width>1242</width>
<height>375</height>
<depth>3</depth>
</size>
<object>
<name>Car</name>
<bndbox>
<xmin>586</xmin>
<ymin>183</ymin>
<xmax>639</xmax>
<ymax>227</ymax>
</bndbox>
</object>
<object>
<name>Car</name>
<bndbox>
<xmin>78</xmin>
<ymin>186</ymin>
<xmax>326</xmax>
<ymax>340</ymax>
</bndbox>
</object>
<object>
<name>Car</name>
<bndbox>
<xmin>210</xmin>
<ymin>113</ymin>
<xmax>466</xmax>
<ymax>295</ymax>
</bndbox>
</object>
<object>
<name>Car</name>
<bndbox>
<xmin>347</xmin>
<ymin>184</ymin>
<xmax>500</xmax>
<ymax>245</ymax>
</bndbox>
</object>
<object>
<name>Car</name>
<bndbox>
<xmin>500</xmin>
<ymin>170</ymin>
<xmax>565</xmax>
<ymax>201</ymax>
</bndbox>
</object>
<object>
<name>Car</name>
<bndbox>
<xmin>644</xmin>
<ymin>163</ymin>
<xmax>686</xmax>
<ymax>203</ymax>
</bndbox>
</object>
<object>
<name>Car</name>
<bndbox>
<xmin>591</xmin>
<ymin>179</ymin>
<xmax>626</xmax>
<ymax>210</ymax>
</bndbox>
</object>
<object>
<name>Car</name>
<bndbox>
<xmin>384</xmin>
<ymin>167</ymin>
<xmax>531</xmax>
<ymax>234</ymax>
</bndbox>
</object>
<object>
<name>Car</name>
<bndbox>
<xmin>0</xmin>
<ymin>183</ymin>
<xmax>71</xmax>
<ymax>302</ymax>
</bndbox>
</object>
<object>
<name>Car</name>
<bndbox>
<xmin>58</xmin>
<ymin>176</ymin>
<xmax>254</xmax>
<ymax>266</ymax>
</bndbox>
</object>
<object>
<name>Car</name>
<bndbox>
<xmin>252</xmin>
<ymin>140</ymin>
<xmax>364</xmax>
<ymax>207</ymax>
</bndbox>
</object>
</annotation>
