<?xml version="1.0" ?>
<annotation>
<folder>KITTI</folder>
<filename>004268.png</filename>
<source>
<database>The KITTI Database</database>
<annotation>KITTI</annotation>
</source>
<size>
<width>1224</width>
<height>370</height>
<depth>3</depth>
</size>
<object>
<name>Pedestrian</name>
<bndbox>
<xmin>813</xmin>
<ymin>134</ymin>
<xmax>925</xmax>
<ymax>369</ymax>
</bndbox>
</object>
<object>
<name>Pedestrian</name>
<bndbox>
<xmin>766</xmin>
<ymin>142</ymin>
<xmax>901</xmax>
<ymax>369</ymax>
</bndbox>
</object>
<object>
<name>Pedestrian</name>
<bndbox>
<xmin>453</xmin>
<ymin>139</ymin>
<xmax>533</xmax>
<ymax>336</ymax>
</bndbox>
</object>
<object>
<name>Pedestrian</name>
<bndbox>
<xmin>352</xmin>
<ymin>123</ymin>
<xmax>441</xmax>
<ymax>351</ymax>
</bndbox>
</object>
<object>
<name>Pedestrian</name>
<bndbox>
<xmin>851</xmin>
<ymin>153</ymin>
<xmax>975</xmax>
<ymax>369</ymax>
</bndbox>
</object>
<object>
<name>Pedestrian</name>
<bndbox>
<xmin>527</xmin>
<ymin>144</ymin>
<xmax>550</xmax>
<ymax>213</ymax>
</bndbox>
</object>
<object>
<name>Pedestrian</name>
<bndbox>
<xmin>522</xmin>
<ymin>133</ymin>
<xmax>546</xmax>
<ymax>198</ymax>
</bndbox>
</object>
<object>
<name>Pedestrian</name>
<bndbox>
<xmin>544</xmin>
<ymin>143</ymin>
<xmax>557</xmax>
<ymax>199</ymax>
</bndbox>
</object>
<object>
<name>Pedestrian</name>
<bndbox>
<xmin>580</xmin>
<ymin>145</ymin>
<xmax>598</xmax>
<ymax>199</ymax>
</bndbox>
</object>
<object>
<name>Cyclist</name>
<bndbox>
<xmin>398</xmin>
<ymin>139</ymin>
<xmax>449</xmax>
<ymax>194</ymax>
</bndbox>
</object>
</annotation>
