<?xml version="1.0" ?>
<annotation>
<folder>KITTI</folder>
<filename>004360.png</filename>
<source>
<database>The KITTI Database</database>
<annotation>KITTI</annotation>
</source>
<size>
<width>1242</width>
<height>375</height>
<depth>3</depth>
</size>
<object>
<name>Car</name>
<bndbox>
<xmin>0</xmin>
<ymin>195</ymin>
<xmax>114</xmax>
<ymax>374</ymax>
</bndbox>
</object>
<object>
<name>Car</name>
<bndbox>
<xmin>25</xmin>
<ymin>184</ymin>
<xmax>320</xmax>
<ymax>289</ymax>
</bndbox>
</object>
<object>
<name>Car</name>
<bndbox>
<xmin>139</xmin>
<ymin>183</ymin>
<xmax>406</xmax>
<ymax>272</ymax>
</bndbox>
</object>
<object>
<name>Car</name>
<bndbox>
<xmin>200</xmin>
<ymin>181</ymin>
<xmax>416</xmax>
<ymax>256</ymax>
</bndbox>
</object>
<object>
<name>Car</name>
<bndbox>
<xmin>795</xmin>
<ymin>183</ymin>
<xmax>1131</xmax>
<ymax>374</ymax>
</bndbox>
</object>
<object>
<name>Car</name>
<bndbox>
<xmin>684</xmin>
<ymin>187</ymin>
<xmax>762</xmax>
<ymax>241</ymax>
</bndbox>
</object>
<object>
<name>Car</name>
<bndbox>
<xmin>309</xmin>
<ymin>182</ymin>
<xmax>462</xmax>
<ymax>245</ymax>
</bndbox>
</object>
<object>
<name>Car</name>
<bndbox>
<xmin>348</xmin>
<ymin>176</ymin>
<xmax>475</xmax>
<ymax>239</ymax>
</bndbox>
</object>
<object>
<name>Car</name>
<bndbox>
<xmin>385</xmin>
<ymin>179</ymin>
<xmax>488</xmax>
<ymax>227</ymax>
</bndbox>
</object>
<object>
<name>Car</name>
<bndbox>
<xmin>729</xmin>
<ymin>183</ymin>
<xmax>840</xmax>
<ymax>220</ymax>
</bndbox>
</object>
<object>
<name>Car</name>
<bndbox>
<xmin>426</xmin>
<ymin>165</ymin>
<xmax>518</xmax>
<ymax>213</ymax>
</bndbox>
</object>
<object>
<name>Car</name>
<bndbox>
<xmin>638</xmin>
<ymin>164</ymin>
<xmax>673</xmax>
<ymax>201</ymax>
</bndbox>
</object>
<object>
<name>Car</name>
<bndbox>
<xmin>467</xmin>
<ymin>180</ymin>
<xmax>541</xmax>
<ymax>205</ymax>
</bndbox>
</object>
<object>
<name>Car</name>
<bndbox>
<xmin>489</xmin>
<ymin>175</ymin>
<xmax>555</xmax>
<ymax>202</ymax>
</bndbox>
</object>
<object>
<name>Car</name>
<bndbox>
<xmin>629</xmin>
<ymin>166</ymin>
<xmax>654</xmax>
<ymax>196</ymax>
</bndbox>
</object>
</annotation>
