<?xml version="1.0" ?>
<annotation>
<folder>KITTI</folder>
<filename>004364.png</filename>
<source>
<database>The KITTI Database</database>
<annotation>KITTI</annotation>
</source>
<size>
<width>1242</width>
<height>375</height>
<depth>3</depth>
</size>
<object>
<name>Car</name>
<bndbox>
<xmin>595</xmin>
<ymin>165</ymin>
<xmax>627</xmax>
<ymax>199</ymax>
</bndbox>
</object>
<object>
<name>Cyclist</name>
<bndbox>
<xmin>34</xmin>
<ymin>203</ymin>
<xmax>81</xmax>
<ymax>249</ymax>
</bndbox>
</object>
<object>
<name>Car</name>
<bndbox>
<xmin>432</xmin>
<ymin>188</ymin>
<xmax>465</xmax>
<ymax>209</ymax>
</bndbox>
</object>
<object>
<name>Cyclist</name>
<bndbox>
<xmin>697</xmin>
<ymin>167</ymin>
<xmax>716</xmax>
<ymax>209</ymax>
</bndbox>
</object>
</annotation>
