<?xml version="1.0" ?>
<annotation>
<folder>KITTI</folder>
<filename>004389.png</filename>
<source>
<database>The KITTI Database</database>
<annotation>KITTI</annotation>
</source>
<size>
<width>1224</width>
<height>370</height>
<depth>3</depth>
</size>
<object>
<name>Pedestrian</name>
<bndbox>
<xmin>621</xmin>
<ymin>159</ymin>
<xmax>667</xmax>
<ymax>263</ymax>
</bndbox>
</object>
<object>
<name>Cyclist</name>
<bndbox>
<xmin>710</xmin>
<ymin>157</ymin>
<xmax>797</xmax>
<ymax>242</ymax>
</bndbox>
</object>
<object>
<name>Cyclist</name>
<bndbox>
<xmin>913</xmin>
<ymin>144</ymin>
<xmax>1011</xmax>
<ymax>229</ymax>
</bndbox>
</object>
<object>
<name>Pedestrian</name>
<bndbox>
<xmin>1021</xmin>
<ymin>136</ymin>
<xmax>1066</xmax>
<ymax>276</ymax>
</bndbox>
</object>
<object>
<name>Pedestrian</name>
<bndbox>
<xmin>1035</xmin>
<ymin>123</ymin>
<xmax>1093</xmax>
<ymax>300</ymax>
</bndbox>
</object>
<object>
<name>Pedestrian</name>
<bndbox>
<xmin>1035</xmin>
<ymin>149</ymin>
<xmax>1090</xmax>
<ymax>287</ymax>
</bndbox>
</object>
<object>
<name>Car</name>
<bndbox>
<xmin>586</xmin>
<ymin>159</ymin>
<xmax>606</xmax>
<ymax>181</ymax>
</bndbox>
</object>
</annotation>
