<?xml version="1.0" ?>
<annotation>
<folder>KITTI</folder>
<filename>004370.png</filename>
<source>
<database>The KITTI Database</database>
<annotation>KITTI</annotation>
</source>
<size>
<width>1242</width>
<height>375</height>
<depth>3</depth>
</size>
<object>
<name>Car</name>
<bndbox>
<xmin>971</xmin>
<ymin>198</ymin>
<xmax>1241</xmax>
<ymax>374</ymax>
</bndbox>
</object>
<object>
<name>Car</name>
<bndbox>
<xmin>0</xmin>
<ymin>220</ymin>
<xmax>226</xmax>
<ymax>374</ymax>
</bndbox>
</object>
<object>
<name>Car</name>
<bndbox>
<xmin>702</xmin>
<ymin>163</ymin>
<xmax>931</xmax>
<ymax>324</ymax>
</bndbox>
</object>
<object>
<name>Car</name>
<bndbox>
<xmin>118</xmin>
<ymin>196</ymin>
<xmax>357</xmax>
<ymax>325</ymax>
</bndbox>
</object>
<object>
<name>Car</name>
<bndbox>
<xmin>610</xmin>
<ymin>184</ymin>
<xmax>687</xmax>
<ymax>239</ymax>
</bndbox>
</object>
<object>
<name>Car</name>
<bndbox>
<xmin>399</xmin>
<ymin>190</ymin>
<xmax>461</xmax>
<ymax>232</ymax>
</bndbox>
</object>
<object>
<name>Car</name>
<bndbox>
<xmin>583</xmin>
<ymin>183</ymin>
<xmax>626</xmax>
<ymax>219</ymax>
</bndbox>
</object>
<object>
<name>Car</name>
<bndbox>
<xmin>453</xmin>
<ymin>183</ymin>
<xmax>487</xmax>
<ymax>208</ymax>
</bndbox>
</object>
<object>
<name>Car</name>
<bndbox>
<xmin>566</xmin>
<ymin>180</ymin>
<xmax>597</xmax>
<ymax>206</ymax>
</bndbox>
</object>
<object>
<name>Cyclist</name>
<bndbox>
<xmin>0</xmin>
<ymin>185</ymin>
<xmax>235</xmax>
<ymax>374</ymax>
</bndbox>
</object>
</annotation>
