<?xml version="1.0" ?>
<annotation>
<folder>KITTI</folder>
<filename>004381.png</filename>
<source>
<database>The KITTI Database</database>
<annotation>KITTI</annotation>
</source>
<size>
<width>1242</width>
<height>375</height>
<depth>3</depth>
</size>
<object>
<name>Car</name>
<bndbox>
<xmin>589</xmin>
<ymin>174</ymin>
<xmax>634</xmax>
<ymax>216</ymax>
</bndbox>
</object>
<object>
<name>Car</name>
<bndbox>
<xmin>0</xmin>
<ymin>192</ymin>
<xmax>169</xmax>
<ymax>273</ymax>
</bndbox>
</object>
<object>
<name>Car</name>
<bndbox>
<xmin>363</xmin>
<ymin>181</ymin>
<xmax>420</xmax>
<ymax>211</ymax>
</bndbox>
</object>
<object>
<name>Car</name>
<bndbox>
<xmin>393</xmin>
<ymin>177</ymin>
<xmax>443</xmax>
<ymax>207</ymax>
</bndbox>
</object>
<object>
<name>Car</name>
<bndbox>
<xmin>658</xmin>
<ymin>172</ymin>
<xmax>725</xmax>
<ymax>203</ymax>
</bndbox>
</object>
<object>
<name>Car</name>
<bndbox>
<xmin>656</xmin>
<ymin>172</ymin>
<xmax>722</xmax>
<ymax>199</ymax>
</bndbox>
</object>
<object>
<name>Car</name>
<bndbox>
<xmin>642</xmin>
<ymin>174</ymin>
<xmax>707</xmax>
<ymax>198</ymax>
</bndbox>
</object>
</annotation>
