<?xml version="1.0" ?>
<annotation>
<folder>KITTI</folder>
<filename>004457.png</filename>
<source>
<database>The KITTI Database</database>
<annotation>KITTI</annotation>
</source>
<size>
<width>1242</width>
<height>375</height>
<depth>3</depth>
</size>
<object>
<name>Car</name>
<bndbox>
<xmin>458</xmin>
<ymin>170</ymin>
<xmax>537</xmax>
<ymax>239</ymax>
</bndbox>
</object>
<object>
<name>Car</name>
<bndbox>
<xmin>536</xmin>
<ymin>178</ymin>
<xmax>566</xmax>
<ymax>205</ymax>
</bndbox>
</object>
</annotation>
