<?xml version="1.0" ?>
<annotation>
<folder>KITTI</folder>
<filename>004431.png</filename>
<source>
<database>The KITTI Database</database>
<annotation>KITTI</annotation>
</source>
<size>
<width>1242</width>
<height>375</height>
<depth>3</depth>
</size>
<object>
<name>Car</name>
<bndbox>
<xmin>249</xmin>
<ymin>177</ymin>
<xmax>358</xmax>
<ymax>212</ymax>
</bndbox>
</object>
<object>
<name>Car</name>
<bndbox>
<xmin>552</xmin>
<ymin>167</ymin>
<xmax>611</xmax>
<ymax>195</ymax>
</bndbox>
</object>
<object>
<name>Pedestrian</name>
<bndbox>
<xmin>853</xmin>
<ymin>167</ymin>
<xmax>872</xmax>
<ymax>224</ymax>
</bndbox>
</object>
<object>
<name>Car</name>
<bndbox>
<xmin>456</xmin>
<ymin>172</ymin>
<xmax>531</xmax>
<ymax>202</ymax>
</bndbox>
</object>
<object>
<name>Car</name>
<bndbox>
<xmin>594</xmin>
<ymin>175</ymin>
<xmax>646</xmax>
<ymax>199</ymax>
</bndbox>
</object>
</annotation>
