<?xml version="1.0" ?>
<annotation>
<folder>KITTI</folder>
<filename>004435.png</filename>
<source>
<database>The KITTI Database</database>
<annotation>KITTI</annotation>
</source>
<size>
<width>1242</width>
<height>375</height>
<depth>3</depth>
</size>
<object>
<name>Car</name>
<bndbox>
<xmin>598</xmin>
<ymin>175</ymin>
<xmax>630</xmax>
<ymax>205</ymax>
</bndbox>
</object>
<object>
<name>Car</name>
<bndbox>
<xmin>660</xmin>
<ymin>162</ymin>
<xmax>713</xmax>
<ymax>193</ymax>
</bndbox>
</object>
<object>
<name>Car</name>
<bndbox>
<xmin>22</xmin>
<ymin>198</ymin>
<xmax>181</xmax>
<ymax>264</ymax>
</bndbox>
</object>
<object>
<name>Car</name>
<bndbox>
<xmin>352</xmin>
<ymin>186</ymin>
<xmax>404</xmax>
<ymax>215</ymax>
</bndbox>
</object>
<object>
<name>Car</name>
<bndbox>
<xmin>316</xmin>
<ymin>189</ymin>
<xmax>363</xmax>
<ymax>215</ymax>
</bndbox>
</object>
</annotation>
