<?xml version="1.0" ?>
<annotation>
<folder>KITTI</folder>
<filename>004489.png</filename>
<source>
<database>The KITTI Database</database>
<annotation>KITTI</annotation>
</source>
<size>
<width>1242</width>
<height>375</height>
<depth>3</depth>
</size>
<object>
<name>Car</name>
<bndbox>
<xmin>818</xmin>
<ymin>177</ymin>
<xmax>1129</xmax>
<ymax>274</ymax>
</bndbox>
</object>
<object>
<name>Car</name>
<bndbox>
<xmin>0</xmin>
<ymin>177</ymin>
<xmax>211</xmax>
<ymax>255</ymax>
</bndbox>
</object>
</annotation>
