<?xml version="1.0" ?>
<annotation>
<folder>KITTI</folder>
<filename>004443.png</filename>
<source>
<database>The KITTI Database</database>
<annotation>KITTI</annotation>
</source>
<size>
<width>1238</width>
<height>374</height>
<depth>3</depth>
</size>
<object>
<name>Pedestrian</name>
<bndbox>
<xmin>0</xmin>
<ymin>154</ymin>
<xmax>204</xmax>
<ymax>373</ymax>
</bndbox>
</object>
<object>
<name>Pedestrian</name>
<bndbox>
<xmin>160</xmin>
<ymin>172</ymin>
<xmax>252</xmax>
<ymax>373</ymax>
</bndbox>
</object>
<object>
<name>Pedestrian</name>
<bndbox>
<xmin>0</xmin>
<ymin>171</ymin>
<xmax>91</xmax>
<ymax>373</ymax>
</bndbox>
</object>
<object>
<name>Pedestrian</name>
<bndbox>
<xmin>296</xmin>
<ymin>161</ymin>
<xmax>379</xmax>
<ymax>346</ymax>
</bndbox>
</object>
<object>
<name>Pedestrian</name>
<bndbox>
<xmin>241</xmin>
<ymin>168</ymin>
<xmax>308</xmax>
<ymax>343</ymax>
</bndbox>
</object>
<object>
<name>Car</name>
<bndbox>
<xmin>270</xmin>
<ymin>180</ymin>
<xmax>437</xmax>
<ymax>290</ymax>
</bndbox>
</object>
<object>
<name>Cyclist</name>
<bndbox>
<xmin>462</xmin>
<ymin>163</ymin>
<xmax>500</xmax>
<ymax>247</ymax>
</bndbox>
</object>
<object>
<name>Pedestrian</name>
<bndbox>
<xmin>671</xmin>
<ymin>158</ymin>
<xmax>694</xmax>
<ymax>225</ymax>
</bndbox>
</object>
<object>
<name>Pedestrian</name>
<bndbox>
<xmin>527</xmin>
<ymin>168</ymin>
<xmax>543</xmax>
<ymax>215</ymax>
</bndbox>
</object>
<object>
<name>Pedestrian</name>
<bndbox>
<xmin>535</xmin>
<ymin>166</ymin>
<xmax>551</xmax>
<ymax>214</ymax>
</bndbox>
</object>
</annotation>
