<?xml version="1.0" ?>
<annotation>
<folder>KITTI</folder>
<filename>004537.png</filename>
<source>
<database>The KITTI Database</database>
<annotation>KITTI</annotation>
</source>
<size>
<width>1242</width>
<height>375</height>
<depth>3</depth>
</size>
<object>
<name>Car</name>
<bndbox>
<xmin>521</xmin>
<ymin>182</ymin>
<xmax>549</xmax>
<ymax>207</ymax>
</bndbox>
</object>
<object>
<name>Car</name>
<bndbox>
<xmin>198</xmin>
<ymin>177</ymin>
<xmax>262</xmax>
<ymax>210</ymax>
</bndbox>
</object>
<object>
<name>Car</name>
<bndbox>
<xmin>253</xmin>
<ymin>181</ymin>
<xmax>307</xmax>
<ymax>206</ymax>
</bndbox>
</object>
<object>
<name>Car</name>
<bndbox>
<xmin>1034</xmin>
<ymin>196</ymin>
<xmax>1139</xmax>
<ymax>233</ymax>
</bndbox>
</object>
<object>
<name>Car</name>
<bndbox>
<xmin>299</xmin>
<ymin>182</ymin>
<xmax>344</xmax>
<ymax>204</ymax>
</bndbox>
</object>
<object>
<name>Car</name>
<bndbox>
<xmin>546</xmin>
<ymin>179</ymin>
<xmax>568</xmax>
<ymax>197</ymax>
</bndbox>
</object>
<object>
<name>Car</name>
<bndbox>
<xmin>569</xmin>
<ymin>179</ymin>
<xmax>620</xmax>
<ymax>230</ymax>
</bndbox>
</object>
<object>
<name>Car</name>
<bndbox>
<xmin>113</xmin>
<ymin>181</ymin>
<xmax>201</xmax>
<ymax>214</ymax>
</bndbox>
</object>
<object>
<name>Cyclist</name>
<bndbox>
<xmin>889</xmin>
<ymin>187</ymin>
<xmax>917</xmax>
<ymax>233</ymax>
</bndbox>
</object>
<object>
<name>Car</name>
<bndbox>
<xmin>1135</xmin>
<ymin>197</ymin>
<xmax>1224</xmax>
<ymax>231</ymax>
</bndbox>
</object>
</annotation>
