<?xml version="1.0" ?>
<annotation>
<folder>KITTI</folder>
<filename>004525.png</filename>
<source>
<database>The KITTI Database</database>
<annotation>KITTI</annotation>
</source>
<size>
<width>1242</width>
<height>375</height>
<depth>3</depth>
</size>
<object>
<name>Car</name>
<bndbox>
<xmin>52</xmin>
<ymin>179</ymin>
<xmax>155</xmax>
<ymax>215</ymax>
</bndbox>
</object>
<object>
<name>Car</name>
<bndbox>
<xmin>0</xmin>
<ymin>153</ymin>
<xmax>63</xmax>
<ymax>210</ymax>
</bndbox>
</object>
<object>
<name>Car</name>
<bndbox>
<xmin>129</xmin>
<ymin>173</ymin>
<xmax>211</xmax>
<ymax>208</ymax>
</bndbox>
</object>
<object>
<name>Car</name>
<bndbox>
<xmin>358</xmin>
<ymin>172</ymin>
<xmax>387</xmax>
<ymax>190</ymax>
</bndbox>
</object>
<object>
<name>Car</name>
<bndbox>
<xmin>379</xmin>
<ymin>170</ymin>
<xmax>407</xmax>
<ymax>187</ymax>
</bndbox>
</object>
<object>
<name>Car</name>
<bndbox>
<xmin>165</xmin>
<ymin>166</ymin>
<xmax>224</xmax>
<ymax>195</ymax>
</bndbox>
</object>
<object>
<name>Car</name>
<bndbox>
<xmin>576</xmin>
<ymin>171</ymin>
<xmax>628</xmax>
<ymax>222</ymax>
</bndbox>
</object>
</annotation>
