<?xml version="1.0" ?>
<annotation>
<folder>KITTI</folder>
<filename>004574.png</filename>
<source>
<database>The KITTI Database</database>
<annotation>KITTI</annotation>
</source>
<size>
<width>1242</width>
<height>375</height>
<depth>3</depth>
</size>
<object>
<name>Car</name>
<bndbox>
<xmin>597</xmin>
<ymin>175</ymin>
<xmax>625</xmax>
<ymax>202</ymax>
</bndbox>
</object>
<object>
<name>Car</name>
<bndbox>
<xmin>627</xmin>
<ymin>162</ymin>
<xmax>668</xmax>
<ymax>193</ymax>
</bndbox>
</object>
<object>
<name>Car</name>
<bndbox>
<xmin>395</xmin>
<ymin>176</ymin>
<xmax>440</xmax>
<ymax>205</ymax>
</bndbox>
</object>
</annotation>
