<?xml version="1.0" ?>
<annotation>
<folder>KITTI</folder>
<filename>004506.png</filename>
<source>
<database>The KITTI Database</database>
<annotation>KITTI</annotation>
</source>
<size>
<width>1242</width>
<height>375</height>
<depth>3</depth>
</size>
<object>
<name>Car</name>
<bndbox>
<xmin>335</xmin>
<ymin>182</ymin>
<xmax>479</xmax>
<ymax>281</ymax>
</bndbox>
</object>
<object>
<name>Car</name>
<bndbox>
<xmin>138</xmin>
<ymin>175</ymin>
<xmax>220</xmax>
<ymax>217</ymax>
</bndbox>
</object>
<object>
<name>Car</name>
<bndbox>
<xmin>527</xmin>
<ymin>151</ymin>
<xmax>571</xmax>
<ymax>204</ymax>
</bndbox>
</object>
<object>
<name>Car</name>
<bndbox>
<xmin>402</xmin>
<ymin>179</ymin>
<xmax>427</xmax>
<ymax>195</ymax>
</bndbox>
</object>
<object>
<name>Car</name>
<bndbox>
<xmin>584</xmin>
<ymin>176</ymin>
<xmax>623</xmax>
<ymax>215</ymax>
</bndbox>
</object>
</annotation>
