<?xml version="1.0" ?>
<annotation>
<folder>KITTI</folder>
<filename>004526.png</filename>
<source>
<database>The KITTI Database</database>
<annotation>KITTI</annotation>
</source>
<size>
<width>1242</width>
<height>375</height>
<depth>3</depth>
</size>
<object>
<name>Car</name>
<bndbox>
<xmin>813</xmin>
<ymin>179</ymin>
<xmax>947</xmax>
<ymax>307</ymax>
</bndbox>
</object>
<object>
<name>Car</name>
<bndbox>
<xmin>625</xmin>
<ymin>182</ymin>
<xmax>677</xmax>
<ymax>218</ymax>
</bndbox>
</object>
<object>
<name>Car</name>
<bndbox>
<xmin>777</xmin>
<ymin>181</ymin>
<xmax>809</xmax>
<ymax>212</ymax>
</bndbox>
</object>
<object>
<name>Car</name>
<bndbox>
<xmin>678</xmin>
<ymin>182</ymin>
<xmax>710</xmax>
<ymax>205</ymax>
</bndbox>
</object>
</annotation>
