<?xml version="1.0" ?>
<annotation>
<folder>KITTI</folder>
<filename>004592.png</filename>
<source>
<database>The KITTI Database</database>
<annotation>KITTI</annotation>
</source>
<size>
<width>1242</width>
<height>375</height>
<depth>3</depth>
</size>
<object>
<name>Car</name>
<bndbox>
<xmin>364</xmin>
<ymin>177</ymin>
<xmax>527</xmax>
<ymax>291</ymax>
</bndbox>
</object>
<object>
<name>Car</name>
<bndbox>
<xmin>506</xmin>
<ymin>178</ymin>
<xmax>572</xmax>
<ymax>229</ymax>
</bndbox>
</object>
<object>
<name>Car</name>
<bndbox>
<xmin>581</xmin>
<ymin>178</ymin>
<xmax>607</xmax>
<ymax>198</ymax>
</bndbox>
</object>
<object>
<name>Car</name>
<bndbox>
<xmin>996</xmin>
<ymin>123</ymin>
<xmax>1241</xmax>
<ymax>244</ymax>
</bndbox>
</object>
</annotation>
