<?xml version="1.0" ?>
<annotation>
<folder>KITTI</folder>
<filename>004555.png</filename>
<source>
<database>The KITTI Database</database>
<annotation>KITTI</annotation>
</source>
<size>
<width>1242</width>
<height>375</height>
<depth>3</depth>
</size>
<object>
<name>Car</name>
<bndbox>
<xmin>583</xmin>
<ymin>173</ymin>
<xmax>621</xmax>
<ymax>209</ymax>
</bndbox>
</object>
<object>
<name>Car</name>
<bndbox>
<xmin>599</xmin>
<ymin>167</ymin>
<xmax>630</xmax>
<ymax>200</ymax>
</bndbox>
</object>
<object>
<name>Car</name>
<bndbox>
<xmin>816</xmin>
<ymin>180</ymin>
<xmax>1241</xmax>
<ymax>374</ymax>
</bndbox>
</object>
<object>
<name>Car</name>
<bndbox>
<xmin>758</xmin>
<ymin>176</ymin>
<xmax>939</xmax>
<ymax>311</ymax>
</bndbox>
</object>
<object>
<name>Car</name>
<bndbox>
<xmin>670</xmin>
<ymin>165</ymin>
<xmax>737</xmax>
<ymax>224</ymax>
</bndbox>
</object>
<object>
<name>Car</name>
<bndbox>
<xmin>0</xmin>
<ymin>197</ymin>
<xmax>74</xmax>
<ymax>332</ymax>
</bndbox>
</object>
<object>
<name>Car</name>
<bndbox>
<xmin>130</xmin>
<ymin>187</ymin>
<xmax>312</xmax>
<ymax>273</ymax>
</bndbox>
</object>
<object>
<name>Car</name>
<bndbox>
<xmin>659</xmin>
<ymin>172</ymin>
<xmax>701</xmax>
<ymax>209</ymax>
</bndbox>
</object>
<object>
<name>Car</name>
<bndbox>
<xmin>643</xmin>
<ymin>171</ymin>
<xmax>670</xmax>
<ymax>196</ymax>
</bndbox>
</object>
</annotation>
