<?xml version="1.0" ?>
<annotation>
<folder>KITTI</folder>
<filename>004633.png</filename>
<source>
<database>The KITTI Database</database>
<annotation>KITTI</annotation>
</source>
<size>
<width>1242</width>
<height>375</height>
<depth>3</depth>
</size>
<object>
<name>Car</name>
<bndbox>
<xmin>0</xmin>
<ymin>173</ymin>
<xmax>279</xmax>
<ymax>351</ymax>
</bndbox>
</object>
<object>
<name>Car</name>
<bndbox>
<xmin>0</xmin>
<ymin>57</ymin>
<xmax>374</xmax>
<ymax>300</ymax>
</bndbox>
</object>
<object>
<name>Car</name>
<bndbox>
<xmin>795</xmin>
<ymin>194</ymin>
<xmax>1241</xmax>
<ymax>374</ymax>
</bndbox>
</object>
<object>
<name>Car</name>
<bndbox>
<xmin>922</xmin>
<ymin>189</ymin>
<xmax>1219</xmax>
<ymax>299</ymax>
</bndbox>
</object>
<object>
<name>Car</name>
<bndbox>
<xmin>793</xmin>
<ymin>184</ymin>
<xmax>1047</xmax>
<ymax>263</ymax>
</bndbox>
</object>
<object>
<name>Car</name>
<bndbox>
<xmin>236</xmin>
<ymin>173</ymin>
<xmax>438</xmax>
<ymax>244</ymax>
</bndbox>
</object>
<object>
<name>Car</name>
<bndbox>
<xmin>637</xmin>
<ymin>181</ymin>
<xmax>665</xmax>
<ymax>201</ymax>
</bndbox>
</object>
<object>
<name>Car</name>
<bndbox>
<xmin>468</xmin>
<ymin>174</ymin>
<xmax>544</xmax>
<ymax>202</ymax>
</bndbox>
</object>
<object>
<name>Car</name>
<bndbox>
<xmin>693</xmin>
<ymin>179</ymin>
<xmax>781</xmax>
<ymax>212</ymax>
</bndbox>
</object>
<object>
<name>Car</name>
<bndbox>
<xmin>380</xmin>
<ymin>178</ymin>
<xmax>507</xmax>
<ymax>225</ymax>
</bndbox>
</object>
<object>
<name>Car</name>
<bndbox>
<xmin>307</xmin>
<ymin>174</ymin>
<xmax>475</xmax>
<ymax>234</ymax>
</bndbox>
</object>
<object>
<name>Car</name>
<bndbox>
<xmin>746</xmin>
<ymin>180</ymin>
<xmax>862</xmax>
<ymax>228</ymax>
</bndbox>
</object>
<object>
<name>Car</name>
<bndbox>
<xmin>763</xmin>
<ymin>183</ymin>
<xmax>892</xmax>
<ymax>232</ymax>
</bndbox>
</object>
</annotation>
