<?xml version="1.0" ?>
<annotation>
<folder>KITTI</folder>
<filename>004609.png</filename>
<source>
<database>The KITTI Database</database>
<annotation>KITTI</annotation>
</source>
<size>
<width>1242</width>
<height>375</height>
<depth>3</depth>
</size>
<object>
<name>Car</name>
<bndbox>
<xmin>229</xmin>
<ymin>188</ymin>
<xmax>429</xmax>
<ymax>303</ymax>
</bndbox>
</object>
<object>
<name>Car</name>
<bndbox>
<xmin>365</xmin>
<ymin>185</ymin>
<xmax>482</xmax>
<ymax>264</ymax>
</bndbox>
</object>
<object>
<name>Car</name>
<bndbox>
<xmin>702</xmin>
<ymin>174</ymin>
<xmax>755</xmax>
<ymax>220</ymax>
</bndbox>
</object>
<object>
<name>Car</name>
<bndbox>
<xmin>435</xmin>
<ymin>189</ymin>
<xmax>515</xmax>
<ymax>241</ymax>
</bndbox>
</object>
<object>
<name>Car</name>
<bndbox>
<xmin>474</xmin>
<ymin>185</ymin>
<xmax>537</xmax>
<ymax>229</ymax>
</bndbox>
</object>
<object>
<name>Car</name>
<bndbox>
<xmin>0</xmin>
<ymin>195</ymin>
<xmax>78</xmax>
<ymax>266</ymax>
</bndbox>
</object>
</annotation>
