<?xml version="1.0" ?>
<annotation>
<folder>KITTI</folder>
<filename>004639.png</filename>
<source>
<database>The KITTI Database</database>
<annotation>KITTI</annotation>
</source>
<size>
<width>1242</width>
<height>375</height>
<depth>3</depth>
</size>
<object>
<name>Car</name>
<bndbox>
<xmin>601</xmin>
<ymin>179</ymin>
<xmax>624</xmax>
<ymax>201</ymax>
</bndbox>
</object>
<object>
<name>Car</name>
<bndbox>
<xmin>736</xmin>
<ymin>169</ymin>
<xmax>951</xmax>
<ymax>329</ymax>
</bndbox>
</object>
<object>
<name>Car</name>
<bndbox>
<xmin>674</xmin>
<ymin>185</ymin>
<xmax>743</xmax>
<ymax>238</ymax>
</bndbox>
</object>
<object>
<name>Car</name>
<bndbox>
<xmin>664</xmin>
<ymin>180</ymin>
<xmax>724</xmax>
<ymax>225</ymax>
</bndbox>
</object>
<object>
<name>Car</name>
<bndbox>
<xmin>646</xmin>
<ymin>178</ymin>
<xmax>681</xmax>
<ymax>208</ymax>
</bndbox>
</object>
<object>
<name>Pedestrian</name>
<bndbox>
<xmin>691</xmin>
<ymin>170</ymin>
<xmax>702</xmax>
<ymax>203</ymax>
</bndbox>
</object>
</annotation>
