<?xml version="1.0" ?>
<annotation>
<folder>KITTI</folder>
<filename>004632.png</filename>
<source>
<database>The KITTI Database</database>
<annotation>KITTI</annotation>
</source>
<size>
<width>1242</width>
<height>375</height>
<depth>3</depth>
</size>
<object>
<name>Car</name>
<bndbox>
<xmin>605</xmin>
<ymin>171</ymin>
<xmax>651</xmax>
<ymax>217</ymax>
</bndbox>
</object>
<object>
<name>Car</name>
<bndbox>
<xmin>0</xmin>
<ymin>224</ymin>
<xmax>173</xmax>
<ymax>374</ymax>
</bndbox>
</object>
<object>
<name>Car</name>
<bndbox>
<xmin>154</xmin>
<ymin>190</ymin>
<xmax>409</xmax>
<ymax>344</ymax>
</bndbox>
</object>
<object>
<name>Car</name>
<bndbox>
<xmin>420</xmin>
<ymin>182</ymin>
<xmax>505</xmax>
<ymax>236</ymax>
</bndbox>
</object>
<object>
<name>Car</name>
<bndbox>
<xmin>496</xmin>
<ymin>172</ymin>
<xmax>540</xmax>
<ymax>204</ymax>
</bndbox>
</object>
</annotation>
