<?xml version="1.0" ?>
<annotation>
<folder>KITTI</folder>
<filename>004688.png</filename>
<source>
<database>The KITTI Database</database>
<annotation>KITTI</annotation>
</source>
<size>
<width>1242</width>
<height>375</height>
<depth>3</depth>
</size>
<object>
<name>Car</name>
<bndbox>
<xmin>0</xmin>
<ymin>226</ymin>
<xmax>224</xmax>
<ymax>374</ymax>
</bndbox>
</object>
<object>
<name>Car</name>
<bndbox>
<xmin>500</xmin>
<ymin>184</ymin>
<xmax>543</xmax>
<ymax>216</ymax>
</bndbox>
</object>
<object>
<name>Car</name>
<bndbox>
<xmin>567</xmin>
<ymin>157</ymin>
<xmax>618</xmax>
<ymax>191</ymax>
</bndbox>
</object>
<object>
<name>Car</name>
<bndbox>
<xmin>331</xmin>
<ymin>182</ymin>
<xmax>458</xmax>
<ymax>228</ymax>
</bndbox>
</object>
</annotation>
