<?xml version="1.0" ?>
<annotation>
<folder>KITTI</folder>
<filename>004611.png</filename>
<source>
<database>The KITTI Database</database>
<annotation>KITTI</annotation>
</source>
<size>
<width>1242</width>
<height>375</height>
<depth>3</depth>
</size>
<object>
<name>Car</name>
<bndbox>
<xmin>594</xmin>
<ymin>175</ymin>
<xmax>622</xmax>
<ymax>201</ymax>
</bndbox>
</object>
<object>
<name>Car</name>
<bndbox>
<xmin>624</xmin>
<ymin>161</ymin>
<xmax>661</xmax>
<ymax>192</ymax>
</bndbox>
</object>
<object>
<name>Car</name>
<bndbox>
<xmin>233</xmin>
<ymin>176</ymin>
<xmax>330</xmax>
<ymax>228</ymax>
</bndbox>
</object>
</annotation>
