<?xml version="1.0" ?>
<annotation>
<folder>KITTI</folder>
<filename>004657.png</filename>
<source>
<database>The KITTI Database</database>
<annotation>KITTI</annotation>
</source>
<size>
<width>1238</width>
<height>374</height>
<depth>3</depth>
</size>
<object>
<name>Pedestrian</name>
<bndbox>
<xmin>912</xmin>
<ymin>154</ymin>
<xmax>974</xmax>
<ymax>285</ymax>
</bndbox>
</object>
<object>
<name>Cyclist</name>
<bndbox>
<xmin>136</xmin>
<ymin>158</ymin>
<xmax>405</xmax>
<ymax>373</ymax>
</bndbox>
</object>
<object>
<name>Car</name>
<bndbox>
<xmin>603</xmin>
<ymin>166</ymin>
<xmax>641</xmax>
<ymax>197</ymax>
</bndbox>
</object>
<object>
<name>Pedestrian</name>
<bndbox>
<xmin>773</xmin>
<ymin>157</ymin>
<xmax>797</xmax>
<ymax>226</ymax>
</bndbox>
</object>
<object>
<name>Car</name>
<bndbox>
<xmin>666</xmin>
<ymin>135</ymin>
<xmax>723</xmax>
<ymax>203</ymax>
</bndbox>
</object>
</annotation>
