<?xml version="1.0" ?>
<annotation>
<folder>KITTI</folder>
<filename>004635.png</filename>
<source>
<database>The KITTI Database</database>
<annotation>KITTI</annotation>
</source>
<size>
<width>1242</width>
<height>375</height>
<depth>3</depth>
</size>
<object>
<name>Car</name>
<bndbox>
<xmin>638</xmin>
<ymin>172</ymin>
<xmax>674</xmax>
<ymax>203</ymax>
</bndbox>
</object>
<object>
<name>Car</name>
<bndbox>
<xmin>660</xmin>
<ymin>178</ymin>
<xmax>706</xmax>
<ymax>212</ymax>
</bndbox>
</object>
<object>
<name>Car</name>
<bndbox>
<xmin>648</xmin>
<ymin>149</ymin>
<xmax>688</xmax>
<ymax>189</ymax>
</bndbox>
</object>
<object>
<name>Car</name>
<bndbox>
<xmin>748</xmin>
<ymin>176</ymin>
<xmax>814</xmax>
<ymax>213</ymax>
</bndbox>
</object>
<object>
<name>Car</name>
<bndbox>
<xmin>1110</xmin>
<ymin>130</ymin>
<xmax>1241</xmax>
<ymax>339</ymax>
</bndbox>
</object>
<object>
<name>Car</name>
<bndbox>
<xmin>801</xmin>
<ymin>175</ymin>
<xmax>867</xmax>
<ymax>202</ymax>
</bndbox>
</object>
</annotation>
