<?xml version="1.0" ?>
<annotation>
<folder>KITTI</folder>
<filename>004601.png</filename>
<source>
<database>The KITTI Database</database>
<annotation>KITTI</annotation>
</source>
<size>
<width>1242</width>
<height>375</height>
<depth>3</depth>
</size>
<object>
<name>Car</name>
<bndbox>
<xmin>107</xmin>
<ymin>186</ymin>
<xmax>292</xmax>
<ymax>279</ymax>
</bndbox>
</object>
<object>
<name>Car</name>
<bndbox>
<xmin>321</xmin>
<ymin>184</ymin>
<xmax>412</xmax>
<ymax>231</ymax>
</bndbox>
</object>
<object>
<name>Car</name>
<bndbox>
<xmin>705</xmin>
<ymin>154</ymin>
<xmax>741</xmax>
<ymax>188</ymax>
</bndbox>
</object>
<object>
<name>Car</name>
<bndbox>
<xmin>398</xmin>
<ymin>175</ymin>
<xmax>460</xmax>
<ymax>219</ymax>
</bndbox>
</object>
<object>
<name>Car</name>
<bndbox>
<xmin>438</xmin>
<ymin>183</ymin>
<xmax>483</xmax>
<ymax>213</ymax>
</bndbox>
</object>
<object>
<name>Car</name>
<bndbox>
<xmin>459</xmin>
<ymin>177</ymin>
<xmax>507</xmax>
<ymax>209</ymax>
</bndbox>
</object>
</annotation>
