<?xml version="1.0" ?>
<annotation>
<folder>KITTI</folder>
<filename>004691.png</filename>
<source>
<database>The KITTI Database</database>
<annotation>KITTI</annotation>
</source>
<size>
<width>1242</width>
<height>375</height>
<depth>3</depth>
</size>
<object>
<name>Car</name>
<bndbox>
<xmin>800</xmin>
<ymin>171</ymin>
<xmax>1241</xmax>
<ymax>374</ymax>
</bndbox>
</object>
<object>
<name>Car</name>
<bndbox>
<xmin>0</xmin>
<ymin>173</ymin>
<xmax>292</xmax>
<ymax>304</ymax>
</bndbox>
</object>
<object>
<name>Car</name>
<bndbox>
<xmin>0</xmin>
<ymin>175</ymin>
<xmax>184</xmax>
<ymax>345</ymax>
</bndbox>
</object>
<object>
<name>Car</name>
<bndbox>
<xmin>158</xmin>
<ymin>181</ymin>
<xmax>411</xmax>
<ymax>276</ymax>
</bndbox>
</object>
<object>
<name>Car</name>
<bndbox>
<xmin>324</xmin>
<ymin>177</ymin>
<xmax>445</xmax>
<ymax>231</ymax>
</bndbox>
</object>
<object>
<name>Car</name>
<bndbox>
<xmin>351</xmin>
<ymin>181</ymin>
<xmax>467</xmax>
<ymax>226</ymax>
</bndbox>
</object>
<object>
<name>Car</name>
<bndbox>
<xmin>373</xmin>
<ymin>166</ymin>
<xmax>500</xmax>
<ymax>221</ymax>
</bndbox>
</object>
<object>
<name>Car</name>
<bndbox>
<xmin>715</xmin>
<ymin>177</ymin>
<xmax>797</xmax>
<ymax>212</ymax>
</bndbox>
</object>
<object>
<name>Car</name>
<bndbox>
<xmin>625</xmin>
<ymin>178</ymin>
<xmax>661</xmax>
<ymax>202</ymax>
</bndbox>
</object>
</annotation>
