<?xml version="1.0" ?>
<annotation>
<folder>KITTI</folder>
<filename>004645.png</filename>
<source>
<database>The KITTI Database</database>
<annotation>KITTI</annotation>
</source>
<size>
<width>1242</width>
<height>375</height>
<depth>3</depth>
</size>
<object>
<name>Car</name>
<bndbox>
<xmin>599</xmin>
<ymin>174</ymin>
<xmax>680</xmax>
<ymax>236</ymax>
</bndbox>
</object>
<object>
<name>Car</name>
<bndbox>
<xmin>336</xmin>
<ymin>180</ymin>
<xmax>384</xmax>
<ymax>209</ymax>
</bndbox>
</object>
<object>
<name>Car</name>
<bndbox>
<xmin>414</xmin>
<ymin>180</ymin>
<xmax>458</xmax>
<ymax>208</ymax>
</bndbox>
</object>
</annotation>
