<?xml version="1.0" ?>
<annotation>
<folder>KITTI</folder>
<filename>004662.png</filename>
<source>
<database>The KITTI Database</database>
<annotation>KITTI</annotation>
</source>
<size>
<width>1242</width>
<height>375</height>
<depth>3</depth>
</size>
<object>
<name>Car</name>
<bndbox>
<xmin>296</xmin>
<ymin>186</ymin>
<xmax>440</xmax>
<ymax>282</ymax>
</bndbox>
</object>
<object>
<name>Car</name>
<bndbox>
<xmin>413</xmin>
<ymin>143</ymin>
<xmax>514</xmax>
<ymax>239</ymax>
</bndbox>
</object>
<object>
<name>Car</name>
<bndbox>
<xmin>305</xmin>
<ymin>189</ymin>
<xmax>552</xmax>
<ymax>332</ymax>
</bndbox>
</object>
<object>
<name>Cyclist</name>
<bndbox>
<xmin>714</xmin>
<ymin>164</ymin>
<xmax>739</xmax>
<ymax>209</ymax>
</bndbox>
</object>
<object>
<name>Car</name>
<bndbox>
<xmin>508</xmin>
<ymin>177</ymin>
<xmax>545</xmax>
<ymax>207</ymax>
</bndbox>
</object>
</annotation>
