<?xml version="1.0" ?>
<annotation>
<folder>KITTI</folder>
<filename>004749.png</filename>
<source>
<database>The KITTI Database</database>
<annotation>KITTI</annotation>
</source>
<size>
<width>1242</width>
<height>375</height>
<depth>3</depth>
</size>
<object>
<name>Car</name>
<bndbox>
<xmin>294</xmin>
<ymin>179</ymin>
<xmax>422</xmax>
<ymax>228</ymax>
</bndbox>
</object>
<object>
<name>Car</name>
<bndbox>
<xmin>345</xmin>
<ymin>181</ymin>
<xmax>449</xmax>
<ymax>220</ymax>
</bndbox>
</object>
<object>
<name>Cyclist</name>
<bndbox>
<xmin>1076</xmin>
<ymin>138</ymin>
<xmax>1182</xmax>
<ymax>248</ymax>
</bndbox>
</object>
<object>
<name>Cyclist</name>
<bndbox>
<xmin>961</xmin>
<ymin>151</ymin>
<xmax>1016</xmax>
<ymax>227</ymax>
</bndbox>
</object>
<object>
<name>Cyclist</name>
<bndbox>
<xmin>919</xmin>
<ymin>161</ymin>
<xmax>936</xmax>
<ymax>218</ymax>
</bndbox>
</object>
<object>
<name>Car</name>
<bndbox>
<xmin>867</xmin>
<ymin>162</ymin>
<xmax>894</xmax>
<ymax>183</ymax>
</bndbox>
</object>
</annotation>
