<?xml version="1.0" ?>
<annotation>
<folder>KITTI</folder>
<filename>004772.png</filename>
<source>
<database>The KITTI Database</database>
<annotation>KITTI</annotation>
</source>
<size>
<width>1242</width>
<height>375</height>
<depth>3</depth>
</size>
<object>
<name>Car</name>
<bndbox>
<xmin>598</xmin>
<ymin>177</ymin>
<xmax>622</xmax>
<ymax>199</ymax>
</bndbox>
</object>
<object>
<name>Car</name>
<bndbox>
<xmin>1052</xmin>
<ymin>219</ymin>
<xmax>1241</xmax>
<ymax>374</ymax>
</bndbox>
</object>
<object>
<name>Car</name>
<bndbox>
<xmin>790</xmin>
<ymin>184</ymin>
<xmax>1208</xmax>
<ymax>374</ymax>
</bndbox>
</object>
<object>
<name>Car</name>
<bndbox>
<xmin>542</xmin>
<ymin>179</ymin>
<xmax>575</xmax>
<ymax>206</ymax>
</bndbox>
</object>
<object>
<name>Car</name>
<bndbox>
<xmin>700</xmin>
<ymin>181</ymin>
<xmax>798</xmax>
<ymax>254</ymax>
</bndbox>
</object>
<object>
<name>Car</name>
<bndbox>
<xmin>672</xmin>
<ymin>175</ymin>
<xmax>750</xmax>
<ymax>237</ymax>
</bndbox>
</object>
<object>
<name>Car</name>
<bndbox>
<xmin>665</xmin>
<ymin>172</ymin>
<xmax>720</xmax>
<ymax>225</ymax>
</bndbox>
</object>
<object>
<name>Car</name>
<bndbox>
<xmin>648</xmin>
<ymin>178</ymin>
<xmax>690</xmax>
<ymax>212</ymax>
</bndbox>
</object>
<object>
<name>Car</name>
<bndbox>
<xmin>422</xmin>
<ymin>182</ymin>
<xmax>478</xmax>
<ymax>203</ymax>
</bndbox>
</object>
<object>
<name>Car</name>
<bndbox>
<xmin>345</xmin>
<ymin>183</ymin>
<xmax>408</xmax>
<ymax>205</ymax>
</bndbox>
</object>
<object>
<name>Pedestrian</name>
<bndbox>
<xmin>739</xmin>
<ymin>163</ymin>
<xmax>759</xmax>
<ymax>217</ymax>
</bndbox>
</object>
</annotation>
