<?xml version="1.0" ?>
<annotation>
<folder>KITTI</folder>
<filename>004704.png</filename>
<source>
<database>The KITTI Database</database>
<annotation>KITTI</annotation>
</source>
<size>
<width>1224</width>
<height>370</height>
<depth>3</depth>
</size>
<object>
<name>Pedestrian</name>
<bndbox>
<xmin>264</xmin>
<ymin>154</ymin>
<xmax>296</xmax>
<ymax>245</ymax>
</bndbox>
</object>
<object>
<name>Car</name>
<bndbox>
<xmin>558</xmin>
<ymin>168</ymin>
<xmax>585</xmax>
<ymax>192</ymax>
</bndbox>
</object>
<object>
<name>Pedestrian</name>
<bndbox>
<xmin>322</xmin>
<ymin>159</ymin>
<xmax>346</xmax>
<ymax>214</ymax>
</bndbox>
</object>
<object>
<name>Pedestrian</name>
<bndbox>
<xmin>126</xmin>
<ymin>149</ymin>
<xmax>163</xmax>
<ymax>235</ymax>
</bndbox>
</object>
<object>
<name>Pedestrian</name>
<bndbox>
<xmin>201</xmin>
<ymin>153</ymin>
<xmax>227</xmax>
<ymax>204</ymax>
</bndbox>
</object>
<object>
<name>Car</name>
<bndbox>
<xmin>617</xmin>
<ymin>175</ymin>
<xmax>764</xmax>
<ymax>227</ymax>
</bndbox>
</object>
<object>
<name>Car</name>
<bndbox>
<xmin>960</xmin>
<ymin>180</ymin>
<xmax>1068</xmax>
<ymax>229</ymax>
</bndbox>
</object>
<object>
<name>Car</name>
<bndbox>
<xmin>1033</xmin>
<ymin>183</ymin>
<xmax>1154</xmax>
<ymax>229</ymax>
</bndbox>
</object>
<object>
<name>Car</name>
<bndbox>
<xmin>1097</xmin>
<ymin>183</ymin>
<xmax>1223</xmax>
<ymax>230</ymax>
</bndbox>
</object>
<object>
<name>Pedestrian</name>
<bndbox>
<xmin>120</xmin>
<ymin>154</ymin>
<xmax>150</xmax>
<ymax>233</ymax>
</bndbox>
</object>
<object>
<name>Pedestrian</name>
<bndbox>
<xmin>211</xmin>
<ymin>149</ymin>
<xmax>246</xmax>
<ymax>206</ymax>
</bndbox>
</object>
<object>
<name>Pedestrian</name>
<bndbox>
<xmin>206</xmin>
<ymin>154</ymin>
<xmax>228</xmax>
<ymax>204</ymax>
</bndbox>
</object>
<object>
<name>Pedestrian</name>
<bndbox>
<xmin>239</xmin>
<ymin>157</ymin>
<xmax>259</xmax>
<ymax>218</ymax>
</bndbox>
</object>
<object>
<name>Pedestrian</name>
<bndbox>
<xmin>206</xmin>
<ymin>152</ymin>
<xmax>229</xmax>
<ymax>215</ymax>
</bndbox>
</object>
<object>
<name>Cyclist</name>
<bndbox>
<xmin>525</xmin>
<ymin>163</ymin>
<xmax>533</xmax>
<ymax>184</ymax>
</bndbox>
</object>
<object>
<name>Pedestrian</name>
<bndbox>
<xmin>199</xmin>
<ymin>159</ymin>
<xmax>214</xmax>
<ymax>212</ymax>
</bndbox>
</object>
<object>
<name>Pedestrian</name>
<bndbox>
<xmin>171</xmin>
<ymin>155</ymin>
<xmax>194</xmax>
<ymax>214</ymax>
</bndbox>
</object>
<object>
<name>Car</name>
<bndbox>
<xmin>601</xmin>
<ymin>171</ymin>
<xmax>637</xmax>
<ymax>199</ymax>
</bndbox>
</object>
<object>
<name>Pedestrian</name>
<bndbox>
<xmin>221</xmin>
<ymin>153</ymin>
<xmax>236</xmax>
<ymax>197</ymax>
</bndbox>
</object>
</annotation>
