<?xml version="1.0" ?>
<annotation>
<folder>KITTI</folder>
<filename>004707.png</filename>
<source>
<database>The KITTI Database</database>
<annotation>KITTI</annotation>
</source>
<size>
<width>1242</width>
<height>375</height>
<depth>3</depth>
</size>
<object>
<name>Car</name>
<bndbox>
<xmin>594</xmin>
<ymin>177</ymin>
<xmax>636</xmax>
<ymax>217</ymax>
</bndbox>
</object>
<object>
<name>Car</name>
<bndbox>
<xmin>0</xmin>
<ymin>193</ymin>
<xmax>182</xmax>
<ymax>276</ymax>
</bndbox>
</object>
<object>
<name>Car</name>
<bndbox>
<xmin>153</xmin>
<ymin>183</ymin>
<xmax>298</xmax>
<ymax>247</ymax>
</bndbox>
</object>
<object>
<name>Car</name>
<bndbox>
<xmin>739</xmin>
<ymin>172</ymin>
<xmax>887</xmax>
<ymax>249</ymax>
</bndbox>
</object>
<object>
<name>Car</name>
<bndbox>
<xmin>720</xmin>
<ymin>175</ymin>
<xmax>857</xmax>
<ymax>237</ymax>
</bndbox>
</object>
<object>
<name>Car</name>
<bndbox>
<xmin>683</xmin>
<ymin>178</ymin>
<xmax>800</xmax>
<ymax>227</ymax>
</bndbox>
</object>
<object>
<name>Car</name>
<bndbox>
<xmin>672</xmin>
<ymin>175</ymin>
<xmax>772</xmax>
<ymax>222</ymax>
</bndbox>
</object>
<object>
<name>Car</name>
<bndbox>
<xmin>670</xmin>
<ymin>175</ymin>
<xmax>763</xmax>
<ymax>213</ymax>
</bndbox>
</object>
<object>
<name>Car</name>
<bndbox>
<xmin>660</xmin>
<ymin>174</ymin>
<xmax>744</xmax>
<ymax>211</ymax>
</bndbox>
</object>
<object>
<name>Car</name>
<bndbox>
<xmin>539</xmin>
<ymin>180</ymin>
<xmax>557</xmax>
<ymax>193</ymax>
</bndbox>
</object>
<object>
<name>Car</name>
<bndbox>
<xmin>633</xmin>
<ymin>172</ymin>
<xmax>677</xmax>
<ymax>191</ymax>
</bndbox>
</object>
<object>
<name>Car</name>
<bndbox>
<xmin>500</xmin>
<ymin>178</ymin>
<xmax>522</xmax>
<ymax>194</ymax>
</bndbox>
</object>
</annotation>
