<?xml version="1.0" ?>
<annotation>
<folder>KITTI</folder>
<filename>004763.png</filename>
<source>
<database>The KITTI Database</database>
<annotation>KITTI</annotation>
</source>
<size>
<width>1242</width>
<height>375</height>
<depth>3</depth>
</size>
<object>
<name>Car</name>
<bndbox>
<xmin>351</xmin>
<ymin>190</ymin>
<xmax>495</xmax>
<ymax>274</ymax>
</bndbox>
</object>
<object>
<name>Car</name>
<bndbox>
<xmin>443</xmin>
<ymin>173</ymin>
<xmax>518</xmax>
<ymax>231</ymax>
</bndbox>
</object>
<object>
<name>Car</name>
<bndbox>
<xmin>526</xmin>
<ymin>173</ymin>
<xmax>558</xmax>
<ymax>199</ymax>
</bndbox>
</object>
<object>
<name>Car</name>
<bndbox>
<xmin>536</xmin>
<ymin>165</ymin>
<xmax>565</xmax>
<ymax>194</ymax>
</bndbox>
</object>
</annotation>
