<?xml version="1.0" ?>
<annotation>
<folder>KITTI</folder>
<filename>004714.png</filename>
<source>
<database>The KITTI Database</database>
<annotation>KITTI</annotation>
</source>
<size>
<width>1242</width>
<height>375</height>
<depth>3</depth>
</size>
<object>
<name>Car</name>
<bndbox>
<xmin>590</xmin>
<ymin>162</ymin>
<xmax>617</xmax>
<ymax>192</ymax>
</bndbox>
</object>
<object>
<name>Car</name>
<bndbox>
<xmin>826</xmin>
<ymin>181</ymin>
<xmax>942</xmax>
<ymax>224</ymax>
</bndbox>
</object>
<object>
<name>Car</name>
<bndbox>
<xmin>0</xmin>
<ymin>203</ymin>
<xmax>73</xmax>
<ymax>249</ymax>
</bndbox>
</object>
<object>
<name>Car</name>
<bndbox>
<xmin>396</xmin>
<ymin>183</ymin>
<xmax>428</xmax>
<ymax>202</ymax>
</bndbox>
</object>
<object>
<name>Car</name>
<bndbox>
<xmin>430</xmin>
<ymin>180</ymin>
<xmax>461</xmax>
<ymax>198</ymax>
</bndbox>
</object>
</annotation>
