<?xml version="1.0" ?>
<annotation>
<folder>KITTI</folder>
<filename>004758.png</filename>
<source>
<database>The KITTI Database</database>
<annotation>KITTI</annotation>
</source>
<size>
<width>1242</width>
<height>375</height>
<depth>3</depth>
</size>
<object>
<name>Car</name>
<bndbox>
<xmin>595</xmin>
<ymin>178</ymin>
<xmax>662</xmax>
<ymax>241</ymax>
</bndbox>
</object>
<object>
<name>Car</name>
<bndbox>
<xmin>845</xmin>
<ymin>173</ymin>
<xmax>1067</xmax>
<ymax>317</ymax>
</bndbox>
</object>
<object>
<name>Car</name>
<bndbox>
<xmin>725</xmin>
<ymin>177</ymin>
<xmax>878</xmax>
<ymax>249</ymax>
</bndbox>
</object>
<object>
<name>Car</name>
<bndbox>
<xmin>0</xmin>
<ymin>182</ymin>
<xmax>274</xmax>
<ymax>322</ymax>
</bndbox>
</object>
<object>
<name>Car</name>
<bndbox>
<xmin>9</xmin>
<ymin>177</ymin>
<xmax>210</xmax>
<ymax>275</ymax>
</bndbox>
</object>
<object>
<name>Car</name>
<bndbox>
<xmin>415</xmin>
<ymin>182</ymin>
<xmax>497</xmax>
<ymax>226</ymax>
</bndbox>
</object>
<object>
<name>Car</name>
<bndbox>
<xmin>561</xmin>
<ymin>173</ymin>
<xmax>596</xmax>
<ymax>199</ymax>
</bndbox>
</object>
<object>
<name>Car</name>
<bndbox>
<xmin>280</xmin>
<ymin>181</ymin>
<xmax>383</xmax>
<ymax>230</ymax>
</bndbox>
</object>
<object>
<name>Car</name>
<bndbox>
<xmin>431</xmin>
<ymin>182</ymin>
<xmax>494</xmax>
<ymax>211</ymax>
</bndbox>
</object>
<object>
<name>Car</name>
<bndbox>
<xmin>669</xmin>
<ymin>174</ymin>
<xmax>694</xmax>
<ymax>191</ymax>
</bndbox>
</object>
<object>
<name>Car</name>
<bndbox>
<xmin>136</xmin>
<ymin>184</ymin>
<xmax>265</xmax>
<ymax>232</ymax>
</bndbox>
</object>
</annotation>
