<?xml version="1.0" ?>
<annotation>
<folder>KITTI</folder>
<filename>004717.png</filename>
<source>
<database>The KITTI Database</database>
<annotation>KITTI</annotation>
</source>
<size>
<width>1242</width>
<height>375</height>
<depth>3</depth>
</size>
<object>
<name>Car</name>
<bndbox>
<xmin>0</xmin>
<ymin>0</ymin>
<xmax>281</xmax>
<ymax>374</ymax>
</bndbox>
</object>
<object>
<name>Car</name>
<bndbox>
<xmin>673</xmin>
<ymin>181</ymin>
<xmax>838</xmax>
<ymax>325</ymax>
</bndbox>
</object>
<object>
<name>Pedestrian</name>
<bndbox>
<xmin>648</xmin>
<ymin>165</ymin>
<xmax>691</xmax>
<ymax>303</ymax>
</bndbox>
</object>
<object>
<name>Car</name>
<bndbox>
<xmin>247</xmin>
<ymin>182</ymin>
<xmax>399</xmax>
<ymax>251</ymax>
</bndbox>
</object>
<object>
<name>Pedestrian</name>
<bndbox>
<xmin>339</xmin>
<ymin>183</ymin>
<xmax>362</xmax>
<ymax>258</ymax>
</bndbox>
</object>
</annotation>
