<?xml version="1.0" ?>
<annotation>
<folder>KITTI</folder>
<filename>004858.png</filename>
<source>
<database>The KITTI Database</database>
<annotation>KITTI</annotation>
</source>
<size>
<width>1242</width>
<height>375</height>
<depth>3</depth>
</size>
<object>
<name>Car</name>
<bndbox>
<xmin>754</xmin>
<ymin>155</ymin>
<xmax>915</xmax>
<ymax>266</ymax>
</bndbox>
</object>
<object>
<name>Car</name>
<bndbox>
<xmin>0</xmin>
<ymin>211</ymin>
<xmax>212</xmax>
<ymax>374</ymax>
</bndbox>
</object>
<object>
<name>Car</name>
<bndbox>
<xmin>111</xmin>
<ymin>187</ymin>
<xmax>386</xmax>
<ymax>329</ymax>
</bndbox>
</object>
<object>
<name>Car</name>
<bndbox>
<xmin>522</xmin>
<ymin>171</ymin>
<xmax>567</xmax>
<ymax>202</ymax>
</bndbox>
</object>
<object>
<name>Car</name>
<bndbox>
<xmin>728</xmin>
<ymin>174</ymin>
<xmax>810</xmax>
<ymax>229</ymax>
</bndbox>
</object>
<object>
<name>Car</name>
<bndbox>
<xmin>711</xmin>
<ymin>166</ymin>
<xmax>773</xmax>
<ymax>214</ymax>
</bndbox>
</object>
<object>
<name>Car</name>
<bndbox>
<xmin>702</xmin>
<ymin>169</ymin>
<xmax>749</xmax>
<ymax>205</ymax>
</bndbox>
</object>
<object>
<name>Car</name>
<bndbox>
<xmin>695</xmin>
<ymin>170</ymin>
<xmax>734</xmax>
<ymax>201</ymax>
</bndbox>
</object>
<object>
<name>Car</name>
<bndbox>
<xmin>589</xmin>
<ymin>168</ymin>
<xmax>612</xmax>
<ymax>185</ymax>
</bndbox>
</object>
</annotation>
