<?xml version="1.0" ?>
<annotation>
<folder>KITTI</folder>
<filename>004857.png</filename>
<source>
<database>The KITTI Database</database>
<annotation>KITTI</annotation>
</source>
<size>
<width>1242</width>
<height>375</height>
<depth>3</depth>
</size>
<object>
<name>Car</name>
<bndbox>
<xmin>586</xmin>
<ymin>180</ymin>
<xmax>644</xmax>
<ymax>227</ymax>
</bndbox>
</object>
<object>
<name>Car</name>
<bndbox>
<xmin>0</xmin>
<ymin>192</ymin>
<xmax>319</xmax>
<ymax>374</ymax>
</bndbox>
</object>
<object>
<name>Car</name>
<bndbox>
<xmin>283</xmin>
<ymin>179</ymin>
<xmax>442</xmax>
<ymax>266</ymax>
</bndbox>
</object>
<object>
<name>Car</name>
<bndbox>
<xmin>343</xmin>
<ymin>178</ymin>
<xmax>488</xmax>
<ymax>246</ymax>
</bndbox>
</object>
<object>
<name>Car</name>
<bndbox>
<xmin>419</xmin>
<ymin>177</ymin>
<xmax>529</xmax>
<ymax>221</ymax>
</bndbox>
</object>
<object>
<name>Car</name>
<bndbox>
<xmin>481</xmin>
<ymin>159</ymin>
<xmax>566</xmax>
<ymax>204</ymax>
</bndbox>
</object>
<object>
<name>Car</name>
<bndbox>
<xmin>865</xmin>
<ymin>193</ymin>
<xmax>1241</xmax>
<ymax>374</ymax>
</bndbox>
</object>
<object>
<name>Car</name>
<bndbox>
<xmin>771</xmin>
<ymin>168</ymin>
<xmax>961</xmax>
<ymax>289</ymax>
</bndbox>
</object>
<object>
<name>Pedestrian</name>
<bndbox>
<xmin>704</xmin>
<ymin>176</ymin>
<xmax>723</xmax>
<ymax>223</ymax>
</bndbox>
</object>
<object>
<name>Car</name>
<bndbox>
<xmin>821</xmin>
<ymin>173</ymin>
<xmax>963</xmax>
<ymax>227</ymax>
</bndbox>
</object>
<object>
<name>Car</name>
<bndbox>
<xmin>0</xmin>
<ymin>181</ymin>
<xmax>121</xmax>
<ymax>298</ymax>
</bndbox>
</object>
<object>
<name>Car</name>
<bndbox>
<xmin>592</xmin>
<ymin>175</ymin>
<xmax>627</xmax>
<ymax>207</ymax>
</bndbox>
</object>
<object>
<name>Car</name>
<bndbox>
<xmin>51</xmin>
<ymin>173</ymin>
<xmax>244</xmax>
<ymax>263</ymax>
</bndbox>
</object>
<object>
<name>Car</name>
<bndbox>
<xmin>208</xmin>
<ymin>176</ymin>
<xmax>333</xmax>
<ymax>239</ymax>
</bndbox>
</object>
<object>
<name>Car</name>
<bndbox>
<xmin>949</xmin>
<ymin>150</ymin>
<xmax>1166</xmax>
<ymax>230</ymax>
</bndbox>
</object>
<object>
<name>Car</name>
<bndbox>
<xmin>271</xmin>
<ymin>171</ymin>
<xmax>344</xmax>
<ymax>207</ymax>
</bndbox>
</object>
</annotation>
