<?xml version="1.0" ?>
<annotation>
<folder>KITTI</folder>
<filename>004806.png</filename>
<source>
<database>The KITTI Database</database>
<annotation>KITTI</annotation>
</source>
<size>
<width>1242</width>
<height>375</height>
<depth>3</depth>
</size>
<object>
<name>Car</name>
<bndbox>
<xmin>160</xmin>
<ymin>182</ymin>
<xmax>264</xmax>
<ymax>220</ymax>
</bndbox>
</object>
<object>
<name>Car</name>
<bndbox>
<xmin>350</xmin>
<ymin>174</ymin>
<xmax>422</xmax>
<ymax>204</ymax>
</bndbox>
</object>
<object>
<name>Car</name>
<bndbox>
<xmin>297</xmin>
<ymin>179</ymin>
<xmax>369</xmax>
<ymax>204</ymax>
</bndbox>
</object>
<object>
<name>Car</name>
<bndbox>
<xmin>475</xmin>
<ymin>171</ymin>
<xmax>545</xmax>
<ymax>194</ymax>
</bndbox>
</object>
<object>
<name>Car</name>
<bndbox>
<xmin>934</xmin>
<ymin>167</ymin>
<xmax>995</xmax>
<ymax>187</ymax>
</bndbox>
</object>
</annotation>
