<?xml version="1.0" ?>
<annotation>
<folder>KITTI</folder>
<filename>004983.png</filename>
<source>
<database>The KITTI Database</database>
<annotation>KITTI</annotation>
</source>
<size>
<width>1238</width>
<height>374</height>
<depth>3</depth>
</size>
<object>
<name>Pedestrian</name>
<bndbox>
<xmin>665</xmin>
<ymin>168</ymin>
<xmax>703</xmax>
<ymax>273</ymax>
</bndbox>
</object>
<object>
<name>Pedestrian</name>
<bndbox>
<xmin>441</xmin>
<ymin>171</ymin>
<xmax>471</xmax>
<ymax>249</ymax>
</bndbox>
</object>
<object>
<name>Pedestrian</name>
<bndbox>
<xmin>407</xmin>
<ymin>174</ymin>
<xmax>431</xmax>
<ymax>247</ymax>
</bndbox>
</object>
<object>
<name>Pedestrian</name>
<bndbox>
<xmin>0</xmin>
<ymin>281</ymin>
<xmax>134</xmax>
<ymax>373</ymax>
</bndbox>
</object>
<object>
<name>Pedestrian</name>
<bndbox>
<xmin>783</xmin>
<ymin>166</ymin>
<xmax>810</xmax>
<ymax>237</ymax>
</bndbox>
</object>
<object>
<name>Pedestrian</name>
<bndbox>
<xmin>744</xmin>
<ymin>164</ymin>
<xmax>770</xmax>
<ymax>234</ymax>
</bndbox>
</object>
<object>
<name>Pedestrian</name>
<bndbox>
<xmin>633</xmin>
<ymin>168</ymin>
<xmax>659</xmax>
<ymax>234</ymax>
</bndbox>
</object>
<object>
<name>Pedestrian</name>
<bndbox>
<xmin>706</xmin>
<ymin>172</ymin>
<xmax>737</xmax>
<ymax>272</ymax>
</bndbox>
</object>
<object>
<name>Pedestrian</name>
<bndbox>
<xmin>735</xmin>
<ymin>163</ymin>
<xmax>768</xmax>
<ymax>244</ymax>
</bndbox>
</object>
<object>
<name>Pedestrian</name>
<bndbox>
<xmin>758</xmin>
<ymin>162</ymin>
<xmax>796</xmax>
<ymax>230</ymax>
</bndbox>
</object>
<object>
<name>Car</name>
<bndbox>
<xmin>547</xmin>
<ymin>177</ymin>
<xmax>588</xmax>
<ymax>209</ymax>
</bndbox>
</object>
<object>
<name>Pedestrian</name>
<bndbox>
<xmin>72</xmin>
<ymin>178</ymin>
<xmax>137</xmax>
<ymax>297</ymax>
</bndbox>
</object>
<object>
<name>Pedestrian</name>
<bndbox>
<xmin>107</xmin>
<ymin>217</ymin>
<xmax>234</xmax>
<ymax>367</ymax>
</bndbox>
</object>
</annotation>
