<?xml version="1.0" ?>
<annotation>
<folder>KITTI</folder>
<filename>004906.png</filename>
<source>
<database>The KITTI Database</database>
<annotation>KITTI</annotation>
</source>
<size>
<width>1242</width>
<height>375</height>
<depth>3</depth>
</size>
<object>
<name>Car</name>
<bndbox>
<xmin>30</xmin>
<ymin>203</ymin>
<xmax>301</xmax>
<ymax>346</ymax>
</bndbox>
</object>
<object>
<name>Car</name>
<bndbox>
<xmin>382</xmin>
<ymin>190</ymin>
<xmax>501</xmax>
<ymax>276</ymax>
</bndbox>
</object>
<object>
<name>Car</name>
<bndbox>
<xmin>229</xmin>
<ymin>195</ymin>
<xmax>385</xmax>
<ymax>287</ymax>
</bndbox>
</object>
<object>
<name>Cyclist</name>
<bndbox>
<xmin>782</xmin>
<ymin>177</ymin>
<xmax>898</xmax>
<ymax>275</ymax>
</bndbox>
</object>
<object>
<name>Car</name>
<bndbox>
<xmin>1105</xmin>
<ymin>149</ymin>
<xmax>1241</xmax>
<ymax>250</ymax>
</bndbox>
</object>
<object>
<name>Cyclist</name>
<bndbox>
<xmin>814</xmin>
<ymin>176</ymin>
<xmax>941</xmax>
<ymax>290</ymax>
</bndbox>
</object>
<object>
<name>Car</name>
<bndbox>
<xmin>500</xmin>
<ymin>182</ymin>
<xmax>547</xmax>
<ymax>223</ymax>
</bndbox>
</object>
<object>
<name>Car</name>
<bndbox>
<xmin>555</xmin>
<ymin>181</ymin>
<xmax>572</xmax>
<ymax>197</ymax>
</bndbox>
</object>
<object>
<name>Car</name>
<bndbox>
<xmin>633</xmin>
<ymin>178</ymin>
<xmax>725</xmax>
<ymax>214</ymax>
</bndbox>
</object>
<object>
<name>Car</name>
<bndbox>
<xmin>612</xmin>
<ymin>178</ymin>
<xmax>676</xmax>
<ymax>204</ymax>
</bndbox>
</object>
<object>
<name>Car</name>
<bndbox>
<xmin>456</xmin>
<ymin>171</ymin>
<xmax>534</xmax>
<ymax>241</ymax>
</bndbox>
</object>
</annotation>
