<?xml version="1.0" ?>
<annotation>
<folder>KITTI</folder>
<filename>004916.png</filename>
<source>
<database>The KITTI Database</database>
<annotation>KITTI</annotation>
</source>
<size>
<width>1242</width>
<height>375</height>
<depth>3</depth>
</size>
<object>
<name>Car</name>
<bndbox>
<xmin>521</xmin>
<ymin>158</ymin>
<xmax>609</xmax>
<ymax>254</ymax>
</bndbox>
</object>
<object>
<name>Car</name>
<bndbox>
<xmin>1030</xmin>
<ymin>90</ymin>
<xmax>1241</xmax>
<ymax>267</ymax>
</bndbox>
</object>
<object>
<name>Car</name>
<bndbox>
<xmin>186</xmin>
<ymin>187</ymin>
<xmax>342</xmax>
<ymax>262</ymax>
</bndbox>
</object>
<object>
<name>Car</name>
<bndbox>
<xmin>34</xmin>
<ymin>166</ymin>
<xmax>232</xmax>
<ymax>265</ymax>
</bndbox>
</object>
<object>
<name>Car</name>
<bndbox>
<xmin>434</xmin>
<ymin>173</ymin>
<xmax>502</xmax>
<ymax>221</ymax>
</bndbox>
</object>
<object>
<name>Car</name>
<bndbox>
<xmin>766</xmin>
<ymin>172</ymin>
<xmax>898</xmax>
<ymax>240</ymax>
</bndbox>
</object>
<object>
<name>Car</name>
<bndbox>
<xmin>606</xmin>
<ymin>163</ymin>
<xmax>646</xmax>
<ymax>201</ymax>
</bndbox>
</object>
<object>
<name>Car</name>
<bndbox>
<xmin>651</xmin>
<ymin>147</ymin>
<xmax>697</xmax>
<ymax>194</ymax>
</bndbox>
</object>
<object>
<name>Car</name>
<bndbox>
<xmin>846</xmin>
<ymin>164</ymin>
<xmax>987</xmax>
<ymax>236</ymax>
</bndbox>
</object>
<object>
<name>Car</name>
<bndbox>
<xmin>942</xmin>
<ymin>172</ymin>
<xmax>1119</xmax>
<ymax>234</ymax>
</bndbox>
</object>
<object>
<name>Car</name>
<bndbox>
<xmin>596</xmin>
<ymin>131</ymin>
<xmax>641</xmax>
<ymax>197</ymax>
</bndbox>
</object>
<object>
<name>Car</name>
<bndbox>
<xmin>0</xmin>
<ymin>194</ymin>
<xmax>28</xmax>
<ymax>253</ymax>
</bndbox>
</object>
</annotation>
