<?xml version="1.0" ?>
<annotation>
<folder>KITTI</folder>
<filename>004997.png</filename>
<source>
<database>The KITTI Database</database>
<annotation>KITTI</annotation>
</source>
<size>
<width>1242</width>
<height>375</height>
<depth>3</depth>
</size>
<object>
<name>Car</name>
<bndbox>
<xmin>580</xmin>
<ymin>181</ymin>
<xmax>614</xmax>
<ymax>208</ymax>
</bndbox>
</object>
<object>
<name>Car</name>
<bndbox>
<xmin>1088</xmin>
<ymin>195</ymin>
<xmax>1241</xmax>
<ymax>352</ymax>
</bndbox>
</object>
<object>
<name>Car</name>
<bndbox>
<xmin>711</xmin>
<ymin>177</ymin>
<xmax>879</xmax>
<ymax>235</ymax>
</bndbox>
</object>
<object>
<name>Car</name>
<bndbox>
<xmin>705</xmin>
<ymin>178</ymin>
<xmax>849</xmax>
<ymax>228</ymax>
</bndbox>
</object>
<object>
<name>Car</name>
<bndbox>
<xmin>680</xmin>
<ymin>179</ymin>
<xmax>790</xmax>
<ymax>217</ymax>
</bndbox>
</object>
</annotation>
