<?xml version="1.0" ?>
<annotation>
<folder>KITTI</folder>
<filename>004956.png</filename>
<source>
<database>The KITTI Database</database>
<annotation>KITTI</annotation>
</source>
<size>
<width>1242</width>
<height>375</height>
<depth>3</depth>
</size>
<object>
<name>Car</name>
<bndbox>
<xmin>590</xmin>
<ymin>161</ymin>
<xmax>617</xmax>
<ymax>191</ymax>
</bndbox>
</object>
<object>
<name>Car</name>
<bndbox>
<xmin>13</xmin>
<ymin>203</ymin>
<xmax>92</xmax>
<ymax>237</ymax>
</bndbox>
</object>
<object>
<name>Car</name>
<bndbox>
<xmin>923</xmin>
<ymin>175</ymin>
<xmax>992</xmax>
<ymax>199</ymax>
</bndbox>
</object>
</annotation>
