<?xml version="1.0" ?>
<annotation>
<folder>KITTI</folder>
<filename>005098.png</filename>
<source>
<database>The KITTI Database</database>
<annotation>KITTI</annotation>
</source>
<size>
<width>1242</width>
<height>375</height>
<depth>3</depth>
</size>
<object>
<name>Car</name>
<bndbox>
<xmin>593</xmin>
<ymin>176</ymin>
<xmax>644</xmax>
<ymax>218</ymax>
</bndbox>
</object>
<object>
<name>Car</name>
<bndbox>
<xmin>0</xmin>
<ymin>191</ymin>
<xmax>166</xmax>
<ymax>374</ymax>
</bndbox>
</object>
<object>
<name>Car</name>
<bndbox>
<xmin>80</xmin>
<ymin>179</ymin>
<xmax>321</xmax>
<ymax>316</ymax>
</bndbox>
</object>
<object>
<name>Car</name>
<bndbox>
<xmin>288</xmin>
<ymin>181</ymin>
<xmax>430</xmax>
<ymax>244</ymax>
</bndbox>
</object>
<object>
<name>Car</name>
<bndbox>
<xmin>472</xmin>
<ymin>186</ymin>
<xmax>559</xmax>
<ymax>248</ymax>
</bndbox>
</object>
<object>
<name>Car</name>
<bndbox>
<xmin>507</xmin>
<ymin>179</ymin>
<xmax>576</xmax>
<ymax>230</ymax>
</bndbox>
</object>
<object>
<name>Car</name>
<bndbox>
<xmin>404</xmin>
<ymin>175</ymin>
<xmax>509</xmax>
<ymax>218</ymax>
</bndbox>
</object>
<object>
<name>Car</name>
<bndbox>
<xmin>757</xmin>
<ymin>192</ymin>
<xmax>1005</xmax>
<ymax>348</ymax>
</bndbox>
</object>
<object>
<name>Car</name>
<bndbox>
<xmin>682</xmin>
<ymin>83</ymin>
<xmax>844</xmax>
<ymax>249</ymax>
</bndbox>
</object>
<object>
<name>Pedestrian</name>
<bndbox>
<xmin>867</xmin>
<ymin>163</ymin>
<xmax>893</xmax>
<ymax>265</ymax>
</bndbox>
</object>
<object>
<name>Car</name>
<bndbox>
<xmin>653</xmin>
<ymin>176</ymin>
<xmax>697</xmax>
<ymax>210</ymax>
</bndbox>
</object>
<object>
<name>Car</name>
<bndbox>
<xmin>627</xmin>
<ymin>143</ymin>
<xmax>668</xmax>
<ymax>196</ymax>
</bndbox>
</object>
<object>
<name>Car</name>
<bndbox>
<xmin>586</xmin>
<ymin>174</ymin>
<xmax>621</xmax>
<ymax>206</ymax>
</bndbox>
</object>
<object>
<name>Car</name>
<bndbox>
<xmin>108</xmin>
<ymin>181</ymin>
<xmax>222</xmax>
<ymax>228</ymax>
</bndbox>
</object>
</annotation>
