<?xml version="1.0" ?>
<annotation>
<folder>KITTI</folder>
<filename>005044.png</filename>
<source>
<database>The KITTI Database</database>
<annotation>KITTI</annotation>
</source>
<size>
<width>1242</width>
<height>375</height>
<depth>3</depth>
</size>
<object>
<name>Car</name>
<bndbox>
<xmin>0</xmin>
<ymin>164</ymin>
<xmax>406</xmax>
<ymax>374</ymax>
</bndbox>
</object>
<object>
<name>Car</name>
<bndbox>
<xmin>1046</xmin>
<ymin>176</ymin>
<xmax>1241</xmax>
<ymax>357</ymax>
</bndbox>
</object>
<object>
<name>Car</name>
<bndbox>
<xmin>572</xmin>
<ymin>184</ymin>
<xmax>708</xmax>
<ymax>262</ymax>
</bndbox>
</object>
<object>
<name>Pedestrian</name>
<bndbox>
<xmin>991</xmin>
<ymin>157</ymin>
<xmax>1011</xmax>
<ymax>214</ymax>
</bndbox>
</object>
<object>
<name>Car</name>
<bndbox>
<xmin>952</xmin>
<ymin>175</ymin>
<xmax>1045</xmax>
<ymax>239</ymax>
</bndbox>
</object>
<object>
<name>Car</name>
<bndbox>
<xmin>719</xmin>
<ymin>172</ymin>
<xmax>786</xmax>
<ymax>217</ymax>
</bndbox>
</object>
<object>
<name>Car</name>
<bndbox>
<xmin>754</xmin>
<ymin>171</ymin>
<xmax>803</xmax>
<ymax>207</ymax>
</bndbox>
</object>
</annotation>
