<?xml version="1.0" ?>
<annotation>
<folder>KITTI</folder>
<filename>005073.png</filename>
<source>
<database>The KITTI Database</database>
<annotation>KITTI</annotation>
</source>
<size>
<width>1241</width>
<height>376</height>
<depth>3</depth>
</size>
<object>
<name>Car</name>
<bndbox>
<xmin>576</xmin>
<ymin>177</ymin>
<xmax>619</xmax>
<ymax>216</ymax>
</bndbox>
</object>
<object>
<name>Car</name>
<bndbox>
<xmin>0</xmin>
<ymin>178</ymin>
<xmax>246</xmax>
<ymax>375</ymax>
</bndbox>
</object>
<object>
<name>Car</name>
<bndbox>
<xmin>0</xmin>
<ymin>191</ymin>
<xmax>196</xmax>
<ymax>301</ymax>
</bndbox>
</object>
<object>
<name>Car</name>
<bndbox>
<xmin>206</xmin>
<ymin>176</ymin>
<xmax>348</xmax>
<ymax>252</ymax>
</bndbox>
</object>
<object>
<name>Car</name>
<bndbox>
<xmin>376</xmin>
<ymin>184</ymin>
<xmax>494</xmax>
<ymax>261</ymax>
</bndbox>
</object>
<object>
<name>Car</name>
<bndbox>
<xmin>337</xmin>
<ymin>182</ymin>
<xmax>422</xmax>
<ymax>229</ymax>
</bndbox>
</object>
<object>
<name>Car</name>
<bndbox>
<xmin>490</xmin>
<ymin>183</ymin>
<xmax>546</xmax>
<ymax>222</ymax>
</bndbox>
</object>
<object>
<name>Car</name>
<bndbox>
<xmin>455</xmin>
<ymin>180</ymin>
<xmax>495</xmax>
<ymax>206</ymax>
</bndbox>
</object>
<object>
<name>Car</name>
<bndbox>
<xmin>533</xmin>
<ymin>163</ymin>
<xmax>562</xmax>
<ymax>197</ymax>
</bndbox>
</object>
<object>
<name>Car</name>
<bndbox>
<xmin>0</xmin>
<ymin>187</ymin>
<xmax>59</xmax>
<ymax>269</ymax>
</bndbox>
</object>
<object>
<name>Car</name>
<bndbox>
<xmin>74</xmin>
<ymin>184</ymin>
<xmax>222</xmax>
<ymax>246</ymax>
</bndbox>
</object>
</annotation>
