<?xml version="1.0" ?>
<annotation>
<folder>KITTI</folder>
<filename>005035.png</filename>
<source>
<database>The KITTI Database</database>
<annotation>KITTI</annotation>
</source>
<size>
<width>1242</width>
<height>375</height>
<depth>3</depth>
</size>
<object>
<name>Cyclist</name>
<bndbox>
<xmin>0</xmin>
<ymin>186</ymin>
<xmax>35</xmax>
<ymax>269</ymax>
</bndbox>
</object>
<object>
<name>Car</name>
<bndbox>
<xmin>375</xmin>
<ymin>182</ymin>
<xmax>463</xmax>
<ymax>216</ymax>
</bndbox>
</object>
<object>
<name>Car</name>
<bndbox>
<xmin>408</xmin>
<ymin>180</ymin>
<xmax>482</xmax>
<ymax>212</ymax>
</bndbox>
</object>
</annotation>
