<?xml version="1.0" ?>
<annotation>
<folder>KITTI</folder>
<filename>005022.png</filename>
<source>
<database>The KITTI Database</database>
<annotation>KITTI</annotation>
</source>
<size>
<width>1242</width>
<height>375</height>
<depth>3</depth>
</size>
<object>
<name>Car</name>
<bndbox>
<xmin>681</xmin>
<ymin>180</ymin>
<xmax>808</xmax>
<ymax>256</ymax>
</bndbox>
</object>
<object>
<name>Car</name>
<bndbox>
<xmin>942</xmin>
<ymin>173</ymin>
<xmax>990</xmax>
<ymax>204</ymax>
</bndbox>
</object>
<object>
<name>Car</name>
<bndbox>
<xmin>760</xmin>
<ymin>182</ymin>
<xmax>856</xmax>
<ymax>236</ymax>
</bndbox>
</object>
<object>
<name>Car</name>
<bndbox>
<xmin>835</xmin>
<ymin>181</ymin>
<xmax>893</xmax>
<ymax>219</ymax>
</bndbox>
</object>
<object>
<name>Car</name>
<bndbox>
<xmin>915</xmin>
<ymin>156</ymin>
<xmax>955</xmax>
<ymax>198</ymax>
</bndbox>
</object>
<object>
<name>Car</name>
<bndbox>
<xmin>899</xmin>
<ymin>176</ymin>
<xmax>935</xmax>
<ymax>203</ymax>
</bndbox>
</object>
</annotation>
