<?xml version="1.0" ?>
<annotation>
<folder>KITTI</folder>
<filename>005012.png</filename>
<source>
<database>The KITTI Database</database>
<annotation>KITTI</annotation>
</source>
<size>
<width>1242</width>
<height>375</height>
<depth>3</depth>
</size>
<object>
<name>Car</name>
<bndbox>
<xmin>595</xmin>
<ymin>174</ymin>
<xmax>638</xmax>
<ymax>215</ymax>
</bndbox>
</object>
<object>
<name>Car</name>
<bndbox>
<xmin>1176</xmin>
<ymin>163</ymin>
<xmax>1241</xmax>
<ymax>374</ymax>
</bndbox>
</object>
<object>
<name>Car</name>
<bndbox>
<xmin>857</xmin>
<ymin>178</ymin>
<xmax>1148</xmax>
<ymax>360</ymax>
</bndbox>
</object>
<object>
<name>Car</name>
<bndbox>
<xmin>765</xmin>
<ymin>167</ymin>
<xmax>979</xmax>
<ymax>292</ymax>
</bndbox>
</object>
<object>
<name>Car</name>
<bndbox>
<xmin>731</xmin>
<ymin>172</ymin>
<xmax>912</xmax>
<ymax>256</ymax>
</bndbox>
</object>
<object>
<name>Car</name>
<bndbox>
<xmin>706</xmin>
<ymin>168</ymin>
<xmax>856</xmax>
<ymax>239</ymax>
</bndbox>
</object>
<object>
<name>Car</name>
<bndbox>
<xmin>687</xmin>
<ymin>174</ymin>
<xmax>797</xmax>
<ymax>217</ymax>
</bndbox>
</object>
<object>
<name>Car</name>
<bndbox>
<xmin>534</xmin>
<ymin>178</ymin>
<xmax>553</xmax>
<ymax>191</ymax>
</bndbox>
</object>
<object>
<name>Car</name>
<bndbox>
<xmin>486</xmin>
<ymin>181</ymin>
<xmax>520</xmax>
<ymax>205</ymax>
</bndbox>
</object>
<object>
<name>Car</name>
<bndbox>
<xmin>663</xmin>
<ymin>172</ymin>
<xmax>742</xmax>
<ymax>203</ymax>
</bndbox>
</object>
<object>
<name>Car</name>
<bndbox>
<xmin>648</xmin>
<ymin>174</ymin>
<xmax>712</xmax>
<ymax>198</ymax>
</bndbox>
</object>
<object>
<name>Car</name>
<bndbox>
<xmin>639</xmin>
<ymin>168</ymin>
<xmax>692</xmax>
<ymax>193</ymax>
</bndbox>
</object>
<object>
<name>Car</name>
<bndbox>
<xmin>471</xmin>
<ymin>175</ymin>
<xmax>500</xmax>
<ymax>195</ymax>
</bndbox>
</object>
<object>
<name>Car</name>
<bndbox>
<xmin>448</xmin>
<ymin>177</ymin>
<xmax>467</xmax>
<ymax>192</ymax>
</bndbox>
</object>
</annotation>
