<?xml version="1.0" ?>
<annotation>
<folder>KITTI</folder>
<filename>005100.png</filename>
<source>
<database>The KITTI Database</database>
<annotation>KITTI</annotation>
</source>
<size>
<width>1242</width>
<height>375</height>
<depth>3</depth>
</size>
<object>
<name>Car</name>
<bndbox>
<xmin>506</xmin>
<ymin>184</ymin>
<xmax>559</xmax>
<ymax>223</ymax>
</bndbox>
</object>
<object>
<name>Car</name>
<bndbox>
<xmin>571</xmin>
<ymin>166</ymin>
<xmax>590</xmax>
<ymax>186</ymax>
</bndbox>
</object>
</annotation>
