<?xml version="1.0" ?>
<annotation>
<folder>KITTI</folder>
<filename>005174.png</filename>
<source>
<database>The KITTI Database</database>
<annotation>KITTI</annotation>
</source>
<size>
<width>1242</width>
<height>375</height>
<depth>3</depth>
</size>
<object>
<name>Car</name>
<bndbox>
<xmin>147</xmin>
<ymin>197</ymin>
<xmax>428</xmax>
<ymax>352</ymax>
</bndbox>
</object>
<object>
<name>Car</name>
<bndbox>
<xmin>0</xmin>
<ymin>202</ymin>
<xmax>230</xmax>
<ymax>352</ymax>
</bndbox>
</object>
<object>
<name>Car</name>
<bndbox>
<xmin>644</xmin>
<ymin>176</ymin>
<xmax>692</xmax>
<ymax>215</ymax>
</bndbox>
</object>
<object>
<name>Car</name>
<bndbox>
<xmin>380</xmin>
<ymin>185</ymin>
<xmax>486</xmax>
<ymax>254</ymax>
</bndbox>
</object>
<object>
<name>Car</name>
<bndbox>
<xmin>773</xmin>
<ymin>164</ymin>
<xmax>932</xmax>
<ymax>212</ymax>
</bndbox>
</object>
<object>
<name>Car</name>
<bndbox>
<xmin>759</xmin>
<ymin>153</ymin>
<xmax>891</xmax>
<ymax>207</ymax>
</bndbox>
</object>
<object>
<name>Car</name>
<bndbox>
<xmin>1022</xmin>
<ymin>135</ymin>
<xmax>1160</xmax>
<ymax>183</ymax>
</bndbox>
</object>
</annotation>
