<?xml version="1.0" ?>
<annotation>
<folder>KITTI</folder>
<filename>005156.png</filename>
<source>
<database>The KITTI Database</database>
<annotation>KITTI</annotation>
</source>
<size>
<width>1242</width>
<height>375</height>
<depth>3</depth>
</size>
<object>
<name>Car</name>
<bndbox>
<xmin>792</xmin>
<ymin>175</ymin>
<xmax>1148</xmax>
<ymax>360</ymax>
</bndbox>
</object>
<object>
<name>Car</name>
<bndbox>
<xmin>97</xmin>
<ymin>173</ymin>
<xmax>414</xmax>
<ymax>374</ymax>
</bndbox>
</object>
<object>
<name>Car</name>
<bndbox>
<xmin>700</xmin>
<ymin>154</ymin>
<xmax>870</xmax>
<ymax>266</ymax>
</bndbox>
</object>
<object>
<name>Car</name>
<bndbox>
<xmin>336</xmin>
<ymin>173</ymin>
<xmax>466</xmax>
<ymax>282</ymax>
</bndbox>
</object>
<object>
<name>Car</name>
<bndbox>
<xmin>404</xmin>
<ymin>184</ymin>
<xmax>494</xmax>
<ymax>241</ymax>
</bndbox>
</object>
<object>
<name>Car</name>
<bndbox>
<xmin>487</xmin>
<ymin>170</ymin>
<xmax>527</xmax>
<ymax>205</ymax>
</bndbox>
</object>
</annotation>
