<?xml version="1.0" ?>
<annotation>
<folder>KITTI</folder>
<filename>005263.png</filename>
<source>
<database>The KITTI Database</database>
<annotation>KITTI</annotation>
</source>
<size>
<width>1242</width>
<height>375</height>
<depth>3</depth>
</size>
<object>
<name>Car</name>
<bndbox>
<xmin>601</xmin>
<ymin>178</ymin>
<xmax>663</xmax>
<ymax>238</ymax>
</bndbox>
</object>
<object>
<name>Car</name>
<bndbox>
<xmin>855</xmin>
<ymin>189</ymin>
<xmax>1241</xmax>
<ymax>374</ymax>
</bndbox>
</object>
<object>
<name>Pedestrian</name>
<bndbox>
<xmin>1027</xmin>
<ymin>173</ymin>
<xmax>1125</xmax>
<ymax>374</ymax>
</bndbox>
</object>
</annotation>
