<?xml version="1.0" ?>
<annotation>
<folder>KITTI</folder>
<filename>005261.png</filename>
<source>
<database>The KITTI Database</database>
<annotation>KITTI</annotation>
</source>
<size>
<width>1242</width>
<height>375</height>
<depth>3</depth>
</size>
<object>
<name>Car</name>
<bndbox>
<xmin>735</xmin>
<ymin>170</ymin>
<xmax>757</xmax>
<ymax>190</ymax>
</bndbox>
</object>
<object>
<name>Car</name>
<bndbox>
<xmin>672</xmin>
<ymin>171</ymin>
<xmax>705</xmax>
<ymax>195</ymax>
</bndbox>
</object>
<object>
<name>Car</name>
<bndbox>
<xmin>215</xmin>
<ymin>187</ymin>
<xmax>326</xmax>
<ymax>240</ymax>
</bndbox>
</object>
<object>
<name>Car</name>
<bndbox>
<xmin>0</xmin>
<ymin>160</ymin>
<xmax>172</xmax>
<ymax>374</ymax>
</bndbox>
</object>
<object>
<name>Car</name>
<bndbox>
<xmin>446</xmin>
<ymin>181</ymin>
<xmax>494</xmax>
<ymax>210</ymax>
</bndbox>
</object>
<object>
<name>Car</name>
<bndbox>
<xmin>596</xmin>
<ymin>156</ymin>
<xmax>661</xmax>
<ymax>188</ymax>
</bndbox>
</object>
</annotation>
