<?xml version="1.0" ?>
<annotation>
<folder>KITTI</folder>
<filename>005299.png</filename>
<source>
<database>The KITTI Database</database>
<annotation>KITTI</annotation>
</source>
<size>
<width>1242</width>
<height>375</height>
<depth>3</depth>
</size>
<object>
<name>Car</name>
<bndbox>
<xmin>597</xmin>
<ymin>174</ymin>
<xmax>625</xmax>
<ymax>201</ymax>
</bndbox>
</object>
<object>
<name>Car</name>
<bndbox>
<xmin>626</xmin>
<ymin>162</ymin>
<xmax>667</xmax>
<ymax>192</ymax>
</bndbox>
</object>
<object>
<name>Car</name>
<bndbox>
<xmin>380</xmin>
<ymin>176</ymin>
<xmax>429</xmax>
<ymax>207</ymax>
</bndbox>
</object>
</annotation>
