<?xml version="1.0" ?>
<annotation>
<folder>KITTI</folder>
<filename>005233.png</filename>
<source>
<database>The KITTI Database</database>
<annotation>KITTI</annotation>
</source>
<size>
<width>1242</width>
<height>375</height>
<depth>3</depth>
</size>
<object>
<name>Car</name>
<bndbox>
<xmin>656</xmin>
<ymin>172</ymin>
<xmax>695</xmax>
<ymax>210</ymax>
</bndbox>
</object>
<object>
<name>Car</name>
<bndbox>
<xmin>563</xmin>
<ymin>176</ymin>
<xmax>611</xmax>
<ymax>205</ymax>
</bndbox>
</object>
</annotation>
