<?xml version="1.0" ?>
<annotation>
<folder>KITTI</folder>
<filename>005200.png</filename>
<source>
<database>The KITTI Database</database>
<annotation>KITTI</annotation>
</source>
<size>
<width>1242</width>
<height>375</height>
<depth>3</depth>
</size>
<object>
<name>Car</name>
<bndbox>
<xmin>734</xmin>
<ymin>171</ymin>
<xmax>752</xmax>
<ymax>187</ymax>
</bndbox>
</object>
<object>
<name>Car</name>
<bndbox>
<xmin>689</xmin>
<ymin>171</ymin>
<xmax>710</xmax>
<ymax>190</ymax>
</bndbox>
</object>
<object>
<name>Car</name>
<bndbox>
<xmin>0</xmin>
<ymin>194</ymin>
<xmax>119</xmax>
<ymax>273</ymax>
</bndbox>
</object>
<object>
<name>Car</name>
<bndbox>
<xmin>522</xmin>
<ymin>165</ymin>
<xmax>657</xmax>
<ymax>256</ymax>
</bndbox>
</object>
<object>
<name>Car</name>
<bndbox>
<xmin>381</xmin>
<ymin>182</ymin>
<xmax>447</xmax>
<ymax>218</ymax>
</bndbox>
</object>
<object>
<name>Car</name>
<bndbox>
<xmin>495</xmin>
<ymin>180</ymin>
<xmax>536</xmax>
<ymax>203</ymax>
</bndbox>
</object>
<object>
<name>Car</name>
<bndbox>
<xmin>596</xmin>
<ymin>156</ymin>
<xmax>662</xmax>
<ymax>188</ymax>
</bndbox>
</object>
</annotation>
