<?xml version="1.0" ?>
<annotation>
<folder>KITTI</folder>
<filename>005383.png</filename>
<source>
<database>The KITTI Database</database>
<annotation>KITTI</annotation>
</source>
<size>
<width>1242</width>
<height>375</height>
<depth>3</depth>
</size>
<object>
<name>Car</name>
<bndbox>
<xmin>584</xmin>
<ymin>181</ymin>
<xmax>641</xmax>
<ymax>227</ymax>
</bndbox>
</object>
<object>
<name>Car</name>
<bndbox>
<xmin>190</xmin>
<ymin>177</ymin>
<xmax>390</xmax>
<ymax>294</ymax>
</bndbox>
</object>
<object>
<name>Car</name>
<bndbox>
<xmin>284</xmin>
<ymin>178</ymin>
<xmax>458</xmax>
<ymax>264</ymax>
</bndbox>
</object>
<object>
<name>Car</name>
<bndbox>
<xmin>389</xmin>
<ymin>177</ymin>
<xmax>515</xmax>
<ymax>228</ymax>
</bndbox>
</object>
<object>
<name>Car</name>
<bndbox>
<xmin>454</xmin>
<ymin>176</ymin>
<xmax>537</xmax>
<ymax>210</ymax>
</bndbox>
</object>
<object>
<name>Car</name>
<bndbox>
<xmin>470</xmin>
<ymin>156</ymin>
<xmax>563</xmax>
<ymax>205</ymax>
</bndbox>
</object>
<object>
<name>Car</name>
<bndbox>
<xmin>999</xmin>
<ymin>202</ymin>
<xmax>1241</xmax>
<ymax>374</ymax>
</bndbox>
</object>
<object>
<name>Car</name>
<bndbox>
<xmin>813</xmin>
<ymin>163</ymin>
<xmax>1110</xmax>
<ymax>337</ymax>
</bndbox>
</object>
<object>
<name>Pedestrian</name>
<bndbox>
<xmin>715</xmin>
<ymin>173</ymin>
<xmax>737</xmax>
<ymax>227</ymax>
</bndbox>
</object>
<object>
<name>Car</name>
<bndbox>
<xmin>847</xmin>
<ymin>170</ymin>
<xmax>1011</xmax>
<ymax>232</ymax>
</bndbox>
</object>
<object>
<name>Car</name>
<bndbox>
<xmin>591</xmin>
<ymin>176</ymin>
<xmax>625</xmax>
<ymax>208</ymax>
</bndbox>
</object>
<object>
<name>Car</name>
<bndbox>
<xmin>0</xmin>
<ymin>178</ymin>
<xmax>147</xmax>
<ymax>293</ymax>
</bndbox>
</object>
<object>
<name>Car</name>
<bndbox>
<xmin>110</xmin>
<ymin>178</ymin>
<xmax>277</xmax>
<ymax>257</ymax>
</bndbox>
</object>
<object>
<name>Car</name>
<bndbox>
<xmin>996</xmin>
<ymin>147</ymin>
<xmax>1241</xmax>
<ymax>240</ymax>
</bndbox>
</object>
<object>
<name>Car</name>
<bndbox>
<xmin>236</xmin>
<ymin>170</ymin>
<xmax>320</xmax>
<ymax>210</ymax>
</bndbox>
</object>
<object>
<name>Car</name>
<bndbox>
<xmin>405</xmin>
<ymin>156</ymin>
<xmax>457</xmax>
<ymax>195</ymax>
</bndbox>
</object>
</annotation>
