<?xml version="1.0" ?>
<annotation>
<folder>KITTI</folder>
<filename>005387.png</filename>
<source>
<database>The KITTI Database</database>
<annotation>KITTI</annotation>
</source>
<size>
<width>1242</width>
<height>375</height>
<depth>3</depth>
</size>
<object>
<name>Car</name>
<bndbox>
<xmin>325</xmin>
<ymin>182</ymin>
<xmax>445</xmax>
<ymax>281</ymax>
</bndbox>
</object>
<object>
<name>Car</name>
<bndbox>
<xmin>582</xmin>
<ymin>175</ymin>
<xmax>661</xmax>
<ymax>204</ymax>
</bndbox>
</object>
</annotation>
