<?xml version="1.0" ?>
<annotation>
<folder>KITTI</folder>
<filename>005313.png</filename>
<source>
<database>The KITTI Database</database>
<annotation>KITTI</annotation>
</source>
<size>
<width>1242</width>
<height>375</height>
<depth>3</depth>
</size>
<object>
<name>Car</name>
<bndbox>
<xmin>153</xmin>
<ymin>185</ymin>
<xmax>278</xmax>
<ymax>235</ymax>
</bndbox>
</object>
<object>
<name>Car</name>
<bndbox>
<xmin>0</xmin>
<ymin>112</ymin>
<xmax>151</xmax>
<ymax>248</ymax>
</bndbox>
</object>
<object>
<name>Car</name>
<bndbox>
<xmin>99</xmin>
<ymin>128</ymin>
<xmax>267</xmax>
<ymax>227</ymax>
</bndbox>
</object>
<object>
<name>Car</name>
<bndbox>
<xmin>374</xmin>
<ymin>160</ymin>
<xmax>424</xmax>
<ymax>199</ymax>
</bndbox>
</object>
</annotation>
