<?xml version="1.0" ?>
<annotation>
<folder>KITTI</folder>
<filename>005310.png</filename>
<source>
<database>The KITTI Database</database>
<annotation>KITTI</annotation>
</source>
<size>
<width>1242</width>
<height>375</height>
<depth>3</depth>
</size>
<object>
<name>Car</name>
<bndbox>
<xmin>47</xmin>
<ymin>208</ymin>
<xmax>386</xmax>
<ymax>374</ymax>
</bndbox>
</object>
<object>
<name>Car</name>
<bndbox>
<xmin>339</xmin>
<ymin>196</ymin>
<xmax>475</xmax>
<ymax>294</ymax>
</bndbox>
</object>
<object>
<name>Car</name>
<bndbox>
<xmin>457</xmin>
<ymin>185</ymin>
<xmax>547</xmax>
<ymax>246</ymax>
</bndbox>
</object>
</annotation>
