<?xml version="1.0" ?>
<annotation>
<folder>KITTI</folder>
<filename>005381.png</filename>
<source>
<database>The KITTI Database</database>
<annotation>KITTI</annotation>
</source>
<size>
<width>1242</width>
<height>375</height>
<depth>3</depth>
</size>
<object>
<name>Car</name>
<bndbox>
<xmin>959</xmin>
<ymin>189</ymin>
<xmax>1241</xmax>
<ymax>359</ymax>
</bndbox>
</object>
<object>
<name>Car</name>
<bndbox>
<xmin>0</xmin>
<ymin>177</ymin>
<xmax>314</xmax>
<ymax>307</ymax>
</bndbox>
</object>
<object>
<name>Car</name>
<bndbox>
<xmin>640</xmin>
<ymin>183</ymin>
<xmax>674</xmax>
<ymax>208</ymax>
</bndbox>
</object>
<object>
<name>Car</name>
<bndbox>
<xmin>436</xmin>
<ymin>177</ymin>
<xmax>530</xmax>
<ymax>212</ymax>
</bndbox>
</object>
<object>
<name>Car</name>
<bndbox>
<xmin>713</xmin>
<ymin>182</ymin>
<xmax>828</xmax>
<ymax>225</ymax>
</bndbox>
</object>
<object>
<name>Car</name>
<bndbox>
<xmin>321</xmin>
<ymin>173</ymin>
<xmax>474</xmax>
<ymax>237</ymax>
</bndbox>
</object>
<object>
<name>Car</name>
<bndbox>
<xmin>270</xmin>
<ymin>184</ymin>
<xmax>459</xmax>
<ymax>253</ymax>
</bndbox>
</object>
<object>
<name>Car</name>
<bndbox>
<xmin>102</xmin>
<ymin>183</ymin>
<xmax>397</xmax>
<ymax>285</ymax>
</bndbox>
</object>
<object>
<name>Car</name>
<bndbox>
<xmin>800</xmin>
<ymin>182</ymin>
<xmax>974</xmax>
<ymax>252</ymax>
</bndbox>
</object>
<object>
<name>Car</name>
<bndbox>
<xmin>833</xmin>
<ymin>190</ymin>
<xmax>1038</xmax>
<ymax>265</ymax>
</bndbox>
</object>
</annotation>
