<?xml version="1.0" ?>
<annotation>
<folder>KITTI</folder>
<filename>005369.png</filename>
<source>
<database>The KITTI Database</database>
<annotation>KITTI</annotation>
</source>
<size>
<width>1238</width>
<height>374</height>
<depth>3</depth>
</size>
<object>
<name>Car</name>
<bndbox>
<xmin>1063</xmin>
<ymin>98</ymin>
<xmax>1237</xmax>
<ymax>205</ymax>
</bndbox>
</object>
<object>
<name>Pedestrian</name>
<bndbox>
<xmin>960</xmin>
<ymin>173</ymin>
<xmax>1080</xmax>
<ymax>373</ymax>
</bndbox>
</object>
<object>
<name>Car</name>
<bndbox>
<xmin>985</xmin>
<ymin>176</ymin>
<xmax>1213</xmax>
<ymax>274</ymax>
</bndbox>
</object>
</annotation>
