<?xml version="1.0" ?>
<annotation>
<folder>KITTI</folder>
<filename>005453.png</filename>
<source>
<database>The KITTI Database</database>
<annotation>KITTI</annotation>
</source>
<size>
<width>1242</width>
<height>375</height>
<depth>3</depth>
</size>
<object>
<name>Car</name>
<bndbox>
<xmin>0</xmin>
<ymin>202</ymin>
<xmax>105</xmax>
<ymax>374</ymax>
</bndbox>
</object>
<object>
<name>Car</name>
<bndbox>
<xmin>16</xmin>
<ymin>186</ymin>
<xmax>300</xmax>
<ymax>327</ymax>
</bndbox>
</object>
<object>
<name>Car</name>
<bndbox>
<xmin>806</xmin>
<ymin>183</ymin>
<xmax>1226</xmax>
<ymax>374</ymax>
</bndbox>
</object>
<object>
<name>Car</name>
<bndbox>
<xmin>466</xmin>
<ymin>175</ymin>
<xmax>521</xmax>
<ymax>205</ymax>
</bndbox>
</object>
<object>
<name>Pedestrian</name>
<bndbox>
<xmin>674</xmin>
<ymin>168</ymin>
<xmax>691</xmax>
<ymax>206</ymax>
</bndbox>
</object>
<object>
<name>Car</name>
<bndbox>
<xmin>548</xmin>
<ymin>171</ymin>
<xmax>610</xmax>
<ymax>193</ymax>
</bndbox>
</object>
<object>
<name>Car</name>
<bndbox>
<xmin>343</xmin>
<ymin>177</ymin>
<xmax>418</xmax>
<ymax>202</ymax>
</bndbox>
</object>
<object>
<name>Car</name>
<bndbox>
<xmin>653</xmin>
<ymin>172</ymin>
<xmax>719</xmax>
<ymax>192</ymax>
</bndbox>
</object>
<object>
<name>Car</name>
<bndbox>
<xmin>555</xmin>
<ymin>149</ymin>
<xmax>637</xmax>
<ymax>191</ymax>
</bndbox>
</object>
</annotation>
