<?xml version="1.0" ?>
<annotation>
<folder>KITTI</folder>
<filename>005496.png</filename>
<source>
<database>The KITTI Database</database>
<annotation>KITTI</annotation>
</source>
<size>
<width>1242</width>
<height>375</height>
<depth>3</depth>
</size>
<object>
<name>Car</name>
<bndbox>
<xmin>595</xmin>
<ymin>174</ymin>
<xmax>624</xmax>
<ymax>201</ymax>
</bndbox>
</object>
<object>
<name>Car</name>
<bndbox>
<xmin>763</xmin>
<ymin>181</ymin>
<xmax>1046</xmax>
<ymax>360</ymax>
</bndbox>
</object>
<object>
<name>Car</name>
<bndbox>
<xmin>0</xmin>
<ymin>205</ymin>
<xmax>95</xmax>
<ymax>297</ymax>
</bndbox>
</object>
<object>
<name>Car</name>
<bndbox>
<xmin>721</xmin>
<ymin>177</ymin>
<xmax>858</xmax>
<ymax>278</ymax>
</bndbox>
</object>
<object>
<name>Pedestrian</name>
<bndbox>
<xmin>727</xmin>
<ymin>167</ymin>
<xmax>743</xmax>
<ymax>214</ymax>
</bndbox>
</object>
<object>
<name>Car</name>
<bndbox>
<xmin>664</xmin>
<ymin>174</ymin>
<xmax>722</xmax>
<ymax>218</ymax>
</bndbox>
</object>
<object>
<name>Car</name>
<bndbox>
<xmin>642</xmin>
<ymin>172</ymin>
<xmax>669</xmax>
<ymax>198</ymax>
</bndbox>
</object>
<object>
<name>Car</name>
<bndbox>
<xmin>386</xmin>
<ymin>186</ymin>
<xmax>449</xmax>
<ymax>224</ymax>
</bndbox>
</object>
<object>
<name>Car</name>
<bndbox>
<xmin>422</xmin>
<ymin>183</ymin>
<xmax>473</xmax>
<ymax>218</ymax>
</bndbox>
</object>
<object>
<name>Car</name>
<bndbox>
<xmin>456</xmin>
<ymin>180</ymin>
<xmax>498</xmax>
<ymax>208</ymax>
</bndbox>
</object>
</annotation>
