<?xml version="1.0" ?>
<annotation>
<folder>KITTI</folder>
<filename>005489.png</filename>
<source>
<database>The KITTI Database</database>
<annotation>KITTI</annotation>
</source>
<size>
<width>1242</width>
<height>375</height>
<depth>3</depth>
</size>
<object>
<name>Car</name>
<bndbox>
<xmin>282</xmin>
<ymin>188</ymin>
<xmax>448</xmax>
<ymax>310</ymax>
</bndbox>
</object>
<object>
<name>Car</name>
<bndbox>
<xmin>406</xmin>
<ymin>183</ymin>
<xmax>507</xmax>
<ymax>255</ymax>
</bndbox>
</object>
<object>
<name>Car</name>
<bndbox>
<xmin>486</xmin>
<ymin>182</ymin>
<xmax>535</xmax>
<ymax>215</ymax>
</bndbox>
</object>
<object>
<name>Car</name>
<bndbox>
<xmin>501</xmin>
<ymin>175</ymin>
<xmax>535</xmax>
<ymax>205</ymax>
</bndbox>
</object>
</annotation>
