<?xml version="1.0" ?>
<annotation>
<folder>KITTI</folder>
<filename>005479.png</filename>
<source>
<database>The KITTI Database</database>
<annotation>KITTI</annotation>
</source>
<size>
<width>1242</width>
<height>375</height>
<depth>3</depth>
</size>
<object>
<name>Car</name>
<bndbox>
<xmin>1046</xmin>
<ymin>218</ymin>
<xmax>1241</xmax>
<ymax>374</ymax>
</bndbox>
</object>
<object>
<name>Car</name>
<bndbox>
<xmin>105</xmin>
<ymin>196</ymin>
<xmax>416</xmax>
<ymax>361</ymax>
</bndbox>
</object>
<object>
<name>Car</name>
<bndbox>
<xmin>402</xmin>
<ymin>174</ymin>
<xmax>498</xmax>
<ymax>250</ymax>
</bndbox>
</object>
<object>
<name>Car</name>
<bndbox>
<xmin>672</xmin>
<ymin>181</ymin>
<xmax>780</xmax>
<ymax>255</ymax>
</bndbox>
</object>
<object>
<name>Car</name>
<bndbox>
<xmin>479</xmin>
<ymin>175</ymin>
<xmax>538</xmax>
<ymax>221</ymax>
</bndbox>
</object>
<object>
<name>Car</name>
<bndbox>
<xmin>656</xmin>
<ymin>182</ymin>
<xmax>714</xmax>
<ymax>224</ymax>
</bndbox>
</object>
<object>
<name>Car</name>
<bndbox>
<xmin>640</xmin>
<ymin>181</ymin>
<xmax>678</xmax>
<ymax>211</ymax>
</bndbox>
</object>
<object>
<name>Car</name>
<bndbox>
<xmin>520</xmin>
<ymin>177</ymin>
<xmax>556</xmax>
<ymax>207</ymax>
</bndbox>
</object>
</annotation>
