<?xml version="1.0" ?>
<annotation>
<folder>KITTI</folder>
<filename>005598.png</filename>
<source>
<database>The KITTI Database</database>
<annotation>KITTI</annotation>
</source>
<size>
<width>1242</width>
<height>375</height>
<depth>3</depth>
</size>
<object>
<name>Car</name>
<bndbox>
<xmin>586</xmin>
<ymin>181</ymin>
<xmax>640</xmax>
<ymax>225</ymax>
</bndbox>
</object>
<object>
<name>Car</name>
<bndbox>
<xmin>164</xmin>
<ymin>184</ymin>
<xmax>378</xmax>
<ymax>306</ymax>
</bndbox>
</object>
<object>
<name>Car</name>
<bndbox>
<xmin>262</xmin>
<ymin>123</ymin>
<xmax>487</xmax>
<ymax>274</ymax>
</bndbox>
</object>
<object>
<name>Car</name>
<bndbox>
<xmin>368</xmin>
<ymin>185</ymin>
<xmax>510</xmax>
<ymax>240</ymax>
</bndbox>
</object>
<object>
<name>Car</name>
<bndbox>
<xmin>505</xmin>
<ymin>172</ymin>
<xmax>567</xmax>
<ymax>202</ymax>
</bndbox>
</object>
<object>
<name>Car</name>
<bndbox>
<xmin>643</xmin>
<ymin>164</ymin>
<xmax>684</xmax>
<ymax>203</ymax>
</bndbox>
</object>
<object>
<name>Car</name>
<bndbox>
<xmin>591</xmin>
<ymin>178</ymin>
<xmax>625</xmax>
<ymax>209</ymax>
</bndbox>
</object>
<object>
<name>Car</name>
<bndbox>
<xmin>400</xmin>
<ymin>168</ymin>
<xmax>537</xmax>
<ymax>230</ymax>
</bndbox>
</object>
<object>
<name>Car</name>
<bndbox>
<xmin>0</xmin>
<ymin>182</ymin>
<xmax>154</xmax>
<ymax>304</ymax>
</bndbox>
</object>
<object>
<name>Car</name>
<bndbox>
<xmin>125</xmin>
<ymin>175</ymin>
<xmax>288</xmax>
<ymax>254</ymax>
</bndbox>
</object>
<object>
<name>Pedestrian</name>
<bndbox>
<xmin>10</xmin>
<ymin>163</ymin>
<xmax>41</xmax>
<ymax>235</ymax>
</bndbox>
</object>
<object>
<name>Pedestrian</name>
<bndbox>
<xmin>173</xmin>
<ymin>174</ymin>
<xmax>185</xmax>
<ymax>215</ymax>
</bndbox>
</object>
<object>
<name>Car</name>
<bndbox>
<xmin>271</xmin>
<ymin>141</ymin>
<xmax>375</xmax>
<ymax>204</ymax>
</bndbox>
</object>
</annotation>
