<?xml version="1.0" ?>
<annotation>
<folder>KITTI</folder>
<filename>005664.png</filename>
<source>
<database>The KITTI Database</database>
<annotation>KITTI</annotation>
</source>
<size>
<width>1242</width>
<height>375</height>
<depth>3</depth>
</size>
<object>
<name>Car</name>
<bndbox>
<xmin>796</xmin>
<ymin>190</ymin>
<xmax>1197</xmax>
<ymax>374</ymax>
</bndbox>
</object>
<object>
<name>Car</name>
<bndbox>
<xmin>699</xmin>
<ymin>134</ymin>
<xmax>874</xmax>
<ymax>290</ymax>
</bndbox>
</object>
<object>
<name>Car</name>
<bndbox>
<xmin>451</xmin>
<ymin>177</ymin>
<xmax>524</xmax>
<ymax>242</ymax>
</bndbox>
</object>
<object>
<name>Car</name>
<bndbox>
<xmin>672</xmin>
<ymin>183</ymin>
<xmax>732</xmax>
<ymax>228</ymax>
</bndbox>
</object>
<object>
<name>Car</name>
<bndbox>
<xmin>509</xmin>
<ymin>178</ymin>
<xmax>553</xmax>
<ymax>209</ymax>
</bndbox>
</object>
<object>
<name>Car</name>
<bndbox>
<xmin>536</xmin>
<ymin>174</ymin>
<xmax>568</xmax>
<ymax>204</ymax>
</bndbox>
</object>
<object>
<name>Car</name>
<bndbox>
<xmin>647</xmin>
<ymin>178</ymin>
<xmax>683</xmax>
<ymax>207</ymax>
</bndbox>
</object>
</annotation>
