<?xml version="1.0" ?>
<annotation>
<folder>KITTI</folder>
<filename>005618.png</filename>
<source>
<database>The KITTI Database</database>
<annotation>KITTI</annotation>
</source>
<size>
<width>1242</width>
<height>375</height>
<depth>3</depth>
</size>
<object>
<name>Car</name>
<bndbox>
<xmin>1013</xmin>
<ymin>162</ymin>
<xmax>1241</xmax>
<ymax>374</ymax>
</bndbox>
</object>
<object>
<name>Car</name>
<bndbox>
<xmin>0</xmin>
<ymin>199</ymin>
<xmax>248</xmax>
<ymax>334</ymax>
</bndbox>
</object>
<object>
<name>Car</name>
<bndbox>
<xmin>602</xmin>
<ymin>175</ymin>
<xmax>687</xmax>
<ymax>248</ymax>
</bndbox>
</object>
<object>
<name>Car</name>
<bndbox>
<xmin>826</xmin>
<ymin>170</ymin>
<xmax>964</xmax>
<ymax>255</ymax>
</bndbox>
</object>
<object>
<name>Car</name>
<bndbox>
<xmin>805</xmin>
<ymin>173</ymin>
<xmax>896</xmax>
<ymax>228</ymax>
</bndbox>
</object>
<object>
<name>Car</name>
<bndbox>
<xmin>664</xmin>
<ymin>179</ymin>
<xmax>707</xmax>
<ymax>215</ymax>
</bndbox>
</object>
<object>
<name>Car</name>
<bndbox>
<xmin>786</xmin>
<ymin>166</ymin>
<xmax>833</xmax>
<ymax>210</ymax>
</bndbox>
</object>
</annotation>
