<?xml version="1.0" ?>
<annotation>
<folder>KITTI</folder>
<filename>005605.png</filename>
<source>
<database>The KITTI Database</database>
<annotation>KITTI</annotation>
</source>
<size>
<width>1242</width>
<height>375</height>
<depth>3</depth>
</size>
<object>
<name>Car</name>
<bndbox>
<xmin>693</xmin>
<ymin>185</ymin>
<xmax>804</xmax>
<ymax>274</ymax>
</bndbox>
</object>
<object>
<name>Car</name>
<bndbox>
<xmin>536</xmin>
<ymin>179</ymin>
<xmax>590</xmax>
<ymax>223</ymax>
</bndbox>
</object>
<object>
<name>Car</name>
<bndbox>
<xmin>688</xmin>
<ymin>183</ymin>
<xmax>746</xmax>
<ymax>239</ymax>
</bndbox>
</object>
<object>
<name>Car</name>
<bndbox>
<xmin>674</xmin>
<ymin>179</ymin>
<xmax>726</xmax>
<ymax>225</ymax>
</bndbox>
</object>
<object>
<name>Car</name>
<bndbox>
<xmin>661</xmin>
<ymin>179</ymin>
<xmax>705</xmax>
<ymax>216</ymax>
</bndbox>
</object>
</annotation>
