<?xml version="1.0" ?>
<annotation>
<folder>KITTI</folder>
<filename>005693.png</filename>
<source>
<database>The KITTI Database</database>
<annotation>KITTI</annotation>
</source>
<size>
<width>1242</width>
<height>375</height>
<depth>3</depth>
</size>
<object>
<name>Car</name>
<bndbox>
<xmin>0</xmin>
<ymin>0</ymin>
<xmax>421</xmax>
<ymax>374</ymax>
</bndbox>
</object>
<object>
<name>Car</name>
<bndbox>
<xmin>537</xmin>
<ymin>182</ymin>
<xmax>556</xmax>
<ymax>199</ymax>
</bndbox>
</object>
<object>
<name>Car</name>
<bndbox>
<xmin>949</xmin>
<ymin>192</ymin>
<xmax>1032</xmax>
<ymax>222</ymax>
</bndbox>
</object>
<object>
<name>Car</name>
<bndbox>
<xmin>561</xmin>
<ymin>179</ymin>
<xmax>615</xmax>
<ymax>233</ymax>
</bndbox>
</object>
<object>
<name>Car</name>
<bndbox>
<xmin>199</xmin>
<ymin>182</ymin>
<xmax>262</xmax>
<ymax>210</ymax>
</bndbox>
</object>
<object>
<name>Cyclist</name>
<bndbox>
<xmin>855</xmin>
<ymin>183</ymin>
<xmax>879</xmax>
<ymax>223</ymax>
</bndbox>
</object>
<object>
<name>Car</name>
<bndbox>
<xmin>1031</xmin>
<ymin>193</ymin>
<xmax>1100</xmax>
<ymax>221</ymax>
</bndbox>
</object>
</annotation>
