<?xml version="1.0" ?>
<annotation>
<folder>KITTI</folder>
<filename>005658.png</filename>
<source>
<database>The KITTI Database</database>
<annotation>KITTI</annotation>
</source>
<size>
<width>1242</width>
<height>375</height>
<depth>3</depth>
</size>
<object>
<name>Car</name>
<bndbox>
<xmin>581</xmin>
<ymin>179</ymin>
<xmax>614</xmax>
<ymax>206</ymax>
</bndbox>
</object>
<object>
<name>Car</name>
<bndbox>
<xmin>539</xmin>
<ymin>179</ymin>
<xmax>570</xmax>
<ymax>203</ymax>
</bndbox>
</object>
<object>
<name>Car</name>
<bndbox>
<xmin>605</xmin>
<ymin>164</ymin>
<xmax>623</xmax>
<ymax>189</ymax>
</bndbox>
</object>
</annotation>
