<?xml version="1.0" ?>
<annotation>
<folder>KITTI</folder>
<filename>005695.png</filename>
<source>
<database>The KITTI Database</database>
<annotation>KITTI</annotation>
</source>
<size>
<width>1242</width>
<height>375</height>
<depth>3</depth>
</size>
<object>
<name>Car</name>
<bndbox>
<xmin>0</xmin>
<ymin>134</ymin>
<xmax>228</xmax>
<ymax>374</ymax>
</bndbox>
</object>
<object>
<name>Car</name>
<bndbox>
<xmin>835</xmin>
<ymin>201</ymin>
<xmax>1241</xmax>
<ymax>374</ymax>
</bndbox>
</object>
<object>
<name>Car</name>
<bndbox>
<xmin>0</xmin>
<ymin>145</ymin>
<xmax>255</xmax>
<ymax>316</ymax>
</bndbox>
</object>
<object>
<name>Car</name>
<bndbox>
<xmin>57</xmin>
<ymin>175</ymin>
<xmax>343</xmax>
<ymax>290</ymax>
</bndbox>
</object>
<object>
<name>Car</name>
<bndbox>
<xmin>118</xmin>
<ymin>166</ymin>
<xmax>391</xmax>
<ymax>266</ymax>
</bndbox>
</object>
<object>
<name>Car</name>
<bndbox>
<xmin>309</xmin>
<ymin>173</ymin>
<xmax>466</xmax>
<ymax>229</ymax>
</bndbox>
</object>
<object>
<name>Car</name>
<bndbox>
<xmin>375</xmin>
<ymin>163</ymin>
<xmax>493</xmax>
<ymax>218</ymax>
</bndbox>
</object>
<object>
<name>Car</name>
<bndbox>
<xmin>669</xmin>
<ymin>177</ymin>
<xmax>737</xmax>
<ymax>228</ymax>
</bndbox>
</object>
<object>
<name>Car</name>
<bndbox>
<xmin>732</xmin>
<ymin>180</ymin>
<xmax>923</xmax>
<ymax>308</ymax>
</bndbox>
</object>
<object>
<name>Car</name>
<bndbox>
<xmin>649</xmin>
<ymin>170</ymin>
<xmax>693</xmax>
<ymax>208</ymax>
</bndbox>
</object>
<object>
<name>Car</name>
<bndbox>
<xmin>424</xmin>
<ymin>171</ymin>
<xmax>523</xmax>
<ymax>206</ymax>
</bndbox>
</object>
</annotation>
