<?xml version="1.0" ?>
<annotation>
<folder>KITTI</folder>
<filename>005622.png</filename>
<source>
<database>The KITTI Database</database>
<annotation>KITTI</annotation>
</source>
<size>
<width>1242</width>
<height>375</height>
<depth>3</depth>
</size>
<object>
<name>Car</name>
<bndbox>
<xmin>0</xmin>
<ymin>194</ymin>
<xmax>106</xmax>
<ymax>294</ymax>
</bndbox>
</object>
<object>
<name>Car</name>
<bndbox>
<xmin>14</xmin>
<ymin>183</ymin>
<xmax>262</xmax>
<ymax>271</ymax>
</bndbox>
</object>
<object>
<name>Car</name>
<bndbox>
<xmin>347</xmin>
<ymin>178</ymin>
<xmax>417</xmax>
<ymax>224</ymax>
</bndbox>
</object>
<object>
<name>Car</name>
<bndbox>
<xmin>378</xmin>
<ymin>178</ymin>
<xmax>440</xmax>
<ymax>215</ymax>
</bndbox>
</object>
<object>
<name>Car</name>
<bndbox>
<xmin>418</xmin>
<ymin>181</ymin>
<xmax>464</xmax>
<ymax>209</ymax>
</bndbox>
</object>
<object>
<name>Car</name>
<bndbox>
<xmin>434</xmin>
<ymin>176</ymin>
<xmax>485</xmax>
<ymax>200</ymax>
</bndbox>
</object>
<object>
<name>Car</name>
<bndbox>
<xmin>652</xmin>
<ymin>173</ymin>
<xmax>676</xmax>
<ymax>193</ymax>
</bndbox>
</object>
<object>
<name>Pedestrian</name>
<bndbox>
<xmin>258</xmin>
<ymin>181</ymin>
<xmax>283</xmax>
<ymax>259</ymax>
</bndbox>
</object>
<object>
<name>Pedestrian</name>
<bndbox>
<xmin>263</xmin>
<ymin>204</ymin>
<xmax>281</xmax>
<ymax>259</ymax>
</bndbox>
</object>
</annotation>
