<?xml version="1.0" ?>
<annotation>
<folder>KITTI</folder>
<filename>005796.png</filename>
<source>
<database>The KITTI Database</database>
<annotation>KITTI</annotation>
</source>
<size>
<width>1224</width>
<height>370</height>
<depth>3</depth>
</size>
<object>
<name>Car</name>
<bndbox>
<xmin>0</xmin>
<ymin>201</ymin>
<xmax>303</xmax>
<ymax>369</ymax>
</bndbox>
</object>
<object>
<name>Cyclist</name>
<bndbox>
<xmin>991</xmin>
<ymin>147</ymin>
<xmax>1029</xmax>
<ymax>217</ymax>
</bndbox>
</object>
<object>
<name>Car</name>
<bndbox>
<xmin>462</xmin>
<ymin>170</ymin>
<xmax>564</xmax>
<ymax>211</ymax>
</bndbox>
</object>
<object>
<name>Car</name>
<bndbox>
<xmin>366</xmin>
<ymin>174</ymin>
<xmax>405</xmax>
<ymax>198</ymax>
</bndbox>
</object>
</annotation>
