<?xml version="1.0" ?>
<annotation>
<folder>KITTI</folder>
<filename>005787.png</filename>
<source>
<database>The KITTI Database</database>
<annotation>KITTI</annotation>
</source>
<size>
<width>1242</width>
<height>375</height>
<depth>3</depth>
</size>
<object>
<name>Car</name>
<bndbox>
<xmin>594</xmin>
<ymin>172</ymin>
<xmax>626</xmax>
<ymax>203</ymax>
</bndbox>
</object>
<object>
<name>Car</name>
<bndbox>
<xmin>670</xmin>
<ymin>161</ymin>
<xmax>732</xmax>
<ymax>193</ymax>
</bndbox>
</object>
<object>
<name>Car</name>
<bndbox>
<xmin>235</xmin>
<ymin>134</ymin>
<xmax>379</xmax>
<ymax>228</ymax>
</bndbox>
</object>
<object>
<name>Car</name>
<bndbox>
<xmin>388</xmin>
<ymin>183</ymin>
<xmax>427</xmax>
<ymax>207</ymax>
</bndbox>
</object>
</annotation>
