<?xml version="1.0" ?>
<annotation>
<folder>KITTI</folder>
<filename>005727.png</filename>
<source>
<database>The KITTI Database</database>
<annotation>KITTI</annotation>
</source>
<size>
<width>1242</width>
<height>375</height>
<depth>3</depth>
</size>
<object>
<name>Car</name>
<bndbox>
<xmin>634</xmin>
<ymin>152</ymin>
<xmax>689</xmax>
<ymax>211</ymax>
</bndbox>
</object>
<object>
<name>Car</name>
<bndbox>
<xmin>0</xmin>
<ymin>199</ymin>
<xmax>124</xmax>
<ymax>270</ymax>
</bndbox>
</object>
<object>
<name>Car</name>
<bndbox>
<xmin>328</xmin>
<ymin>188</ymin>
<xmax>388</xmax>
<ymax>218</ymax>
</bndbox>
</object>
</annotation>
