<?xml version="1.0" ?>
<annotation>
<folder>KITTI</folder>
<filename>005750.png</filename>
<source>
<database>The KITTI Database</database>
<annotation>KITTI</annotation>
</source>
<size>
<width>1242</width>
<height>375</height>
<depth>3</depth>
</size>
<object>
<name>Cyclist</name>
<bndbox>
<xmin>1029</xmin>
<ymin>89</ymin>
<xmax>1241</xmax>
<ymax>374</ymax>
</bndbox>
</object>
<object>
<name>Car</name>
<bndbox>
<xmin>528</xmin>
<ymin>178</ymin>
<xmax>552</xmax>
<ymax>196</ymax>
</bndbox>
</object>
</annotation>
