<?xml version="1.0" ?>
<annotation>
<folder>KITTI</folder>
<filename>005758.png</filename>
<source>
<database>The KITTI Database</database>
<annotation>KITTI</annotation>
</source>
<size>
<width>1242</width>
<height>375</height>
<depth>3</depth>
</size>
<object>
<name>Car</name>
<bndbox>
<xmin>173</xmin>
<ymin>168</ymin>
<xmax>242</xmax>
<ymax>203</ymax>
</bndbox>
</object>
<object>
<name>Car</name>
<bndbox>
<xmin>273</xmin>
<ymin>171</ymin>
<xmax>319</xmax>
<ymax>194</ymax>
</bndbox>
</object>
<object>
<name>Car</name>
<bndbox>
<xmin>573</xmin>
<ymin>171</ymin>
<xmax>611</xmax>
<ymax>209</ymax>
</bndbox>
</object>
</annotation>
