<?xml version="1.0" ?>
<annotation>
<folder>KITTI</folder>
<filename>005836.png</filename>
<source>
<database>The KITTI Database</database>
<annotation>KITTI</annotation>
</source>
<size>
<width>1224</width>
<height>370</height>
<depth>3</depth>
</size>
<object>
<name>Pedestrian</name>
<bndbox>
<xmin>210</xmin>
<ymin>153</ymin>
<xmax>255</xmax>
<ymax>247</ymax>
</bndbox>
</object>
<object>
<name>Pedestrian</name>
<bndbox>
<xmin>228</xmin>
<ymin>156</ymin>
<xmax>269</xmax>
<ymax>245</ymax>
</bndbox>
</object>
<object>
<name>Car</name>
<bndbox>
<xmin>589</xmin>
<ymin>159</ymin>
<xmax>743</xmax>
<ymax>234</ymax>
</bndbox>
</object>
<object>
<name>Car</name>
<bndbox>
<xmin>1051</xmin>
<ymin>173</ymin>
<xmax>1101</xmax>
<ymax>201</ymax>
</bndbox>
</object>
</annotation>
