<?xml version="1.0" ?>
<annotation>
<folder>KITTI</folder>
<filename>005831.png</filename>
<source>
<database>The KITTI Database</database>
<annotation>KITTI</annotation>
</source>
<size>
<width>1242</width>
<height>375</height>
<depth>3</depth>
</size>
<object>
<name>Car</name>
<bndbox>
<xmin>582</xmin>
<ymin>180</ymin>
<xmax>636</xmax>
<ymax>225</ymax>
</bndbox>
</object>
<object>
<name>Car</name>
<bndbox>
<xmin>14</xmin>
<ymin>182</ymin>
<xmax>345</xmax>
<ymax>341</ymax>
</bndbox>
</object>
<object>
<name>Car</name>
<bndbox>
<xmin>342</xmin>
<ymin>165</ymin>
<xmax>499</xmax>
<ymax>240</ymax>
</bndbox>
</object>
<object>
<name>Car</name>
<bndbox>
<xmin>395</xmin>
<ymin>164</ymin>
<xmax>506</xmax>
<ymax>229</ymax>
</bndbox>
</object>
<object>
<name>Car</name>
<bndbox>
<xmin>459</xmin>
<ymin>169</ymin>
<xmax>543</xmax>
<ymax>212</ymax>
</bndbox>
</object>
<object>
<name>Car</name>
<bndbox>
<xmin>648</xmin>
<ymin>156</ymin>
<xmax>704</xmax>
<ymax>208</ymax>
</bndbox>
</object>
<object>
<name>Car</name>
<bndbox>
<xmin>585</xmin>
<ymin>177</ymin>
<xmax>619</xmax>
<ymax>209</ymax>
</bndbox>
</object>
<object>
<name>Car</name>
<bndbox>
<xmin>175</xmin>
<ymin>150</ymin>
<xmax>448</xmax>
<ymax>294</ymax>
</bndbox>
</object>
<object>
<name>Car</name>
<bndbox>
<xmin>70</xmin>
<ymin>125</ymin>
<xmax>270</xmax>
<ymax>225</ymax>
</bndbox>
</object>
</annotation>
