<?xml version="1.0" ?>
<annotation>
<folder>KITTI</folder>
<filename>005866.png</filename>
<source>
<database>The KITTI Database</database>
<annotation>KITTI</annotation>
</source>
<size>
<width>1242</width>
<height>375</height>
<depth>3</depth>
</size>
<object>
<name>Car</name>
<bndbox>
<xmin>585</xmin>
<ymin>171</ymin>
<xmax>659</xmax>
<ymax>231</ymax>
</bndbox>
</object>
<object>
<name>Car</name>
<bndbox>
<xmin>0</xmin>
<ymin>156</ymin>
<xmax>184</xmax>
<ymax>239</ymax>
</bndbox>
</object>
<object>
<name>Cyclist</name>
<bndbox>
<xmin>1160</xmin>
<ymin>168</ymin>
<xmax>1241</xmax>
<ymax>366</ymax>
</bndbox>
</object>
<object>
<name>Car</name>
<bndbox>
<xmin>719</xmin>
<ymin>131</ymin>
<xmax>853</xmax>
<ymax>252</ymax>
</bndbox>
</object>
<object>
<name>Pedestrian</name>
<bndbox>
<xmin>322</xmin>
<ymin>138</ymin>
<xmax>373</xmax>
<ymax>302</ymax>
</bndbox>
</object>
<object>
<name>Car</name>
<bndbox>
<xmin>204</xmin>
<ymin>150</ymin>
<xmax>314</xmax>
<ymax>209</ymax>
</bndbox>
</object>
<object>
<name>Car</name>
<bndbox>
<xmin>335</xmin>
<ymin>155</ymin>
<xmax>480</xmax>
<ymax>229</ymax>
</bndbox>
</object>
<object>
<name>Car</name>
<bndbox>
<xmin>365</xmin>
<ymin>162</ymin>
<xmax>499</xmax>
<ymax>217</ymax>
</bndbox>
</object>
<object>
<name>Car</name>
<bndbox>
<xmin>402</xmin>
<ymin>167</ymin>
<xmax>527</xmax>
<ymax>213</ymax>
</bndbox>
</object>
<object>
<name>Car</name>
<bndbox>
<xmin>468</xmin>
<ymin>162</ymin>
<xmax>547</xmax>
<ymax>199</ymax>
</bndbox>
</object>
<object>
<name>Car</name>
<bndbox>
<xmin>510</xmin>
<ymin>159</ymin>
<xmax>570</xmax>
<ymax>184</ymax>
</bndbox>
</object>
<object>
<name>Car</name>
<bndbox>
<xmin>684</xmin>
<ymin>166</ymin>
<xmax>746</xmax>
<ymax>208</ymax>
</bndbox>
</object>
<object>
<name>Car</name>
<bndbox>
<xmin>670</xmin>
<ymin>158</ymin>
<xmax>720</xmax>
<ymax>197</ymax>
</bndbox>
</object>
<object>
<name>Pedestrian</name>
<bndbox>
<xmin>656</xmin>
<ymin>160</ymin>
<xmax>672</xmax>
<ymax>194</ymax>
</bndbox>
</object>
<object>
<name>Car</name>
<bndbox>
<xmin>584</xmin>
<ymin>163</ymin>
<xmax>626</xmax>
<ymax>200</ymax>
</bndbox>
</object>
<object>
<name>Car</name>
<bndbox>
<xmin>274</xmin>
<ymin>159</ymin>
<xmax>349</xmax>
<ymax>191</ymax>
</bndbox>
</object>
</annotation>
