<?xml version="1.0" ?>
<annotation>
<folder>KITTI</folder>
<filename>005903.png</filename>
<source>
<database>The KITTI Database</database>
<annotation>KITTI</annotation>
</source>
<size>
<width>1242</width>
<height>375</height>
<depth>3</depth>
</size>
<object>
<name>Car</name>
<bndbox>
<xmin>703</xmin>
<ymin>172</ymin>
<xmax>849</xmax>
<ymax>286</ymax>
</bndbox>
</object>
<object>
<name>Car</name>
<bndbox>
<xmin>0</xmin>
<ymin>195</ymin>
<xmax>225</xmax>
<ymax>359</ymax>
</bndbox>
</object>
<object>
<name>Car</name>
<bndbox>
<xmin>26</xmin>
<ymin>191</ymin>
<xmax>324</xmax>
<ymax>309</ymax>
</bndbox>
</object>
<object>
<name>Car</name>
<bndbox>
<xmin>84</xmin>
<ymin>183</ymin>
<xmax>379</xmax>
<ymax>284</ymax>
</bndbox>
</object>
<object>
<name>Car</name>
<bndbox>
<xmin>191</xmin>
<ymin>188</ymin>
<xmax>401</xmax>
<ymax>263</ymax>
</bndbox>
</object>
<object>
<name>Car</name>
<bndbox>
<xmin>675</xmin>
<ymin>183</ymin>
<xmax>764</xmax>
<ymax>243</ymax>
</bndbox>
</object>
<object>
<name>Car</name>
<bndbox>
<xmin>654</xmin>
<ymin>175</ymin>
<xmax>705</xmax>
<ymax>221</ymax>
</bndbox>
</object>
<object>
<name>Car</name>
<bndbox>
<xmin>406</xmin>
<ymin>172</ymin>
<xmax>492</xmax>
<ymax>219</ymax>
</bndbox>
</object>
<object>
<name>Car</name>
<bndbox>
<xmin>450</xmin>
<ymin>182</ymin>
<xmax>526</xmax>
<ymax>212</ymax>
</bndbox>
</object>
<object>
<name>Car</name>
<bndbox>
<xmin>639</xmin>
<ymin>179</ymin>
<xmax>670</xmax>
<ymax>204</ymax>
</bndbox>
</object>
</annotation>
