<?xml version="1.0" ?>
<annotation>
<folder>KITTI</folder>
<filename>006003.png</filename>
<source>
<database>The KITTI Database</database>
<annotation>KITTI</annotation>
</source>
<size>
<width>1242</width>
<height>375</height>
<depth>3</depth>
</size>
<object>
<name>Car</name>
<bndbox>
<xmin>796</xmin>
<ymin>177</ymin>
<xmax>1233</xmax>
<ymax>374</ymax>
</bndbox>
</object>
<object>
<name>Car</name>
<bndbox>
<xmin>0</xmin>
<ymin>209</ymin>
<xmax>252</xmax>
<ymax>374</ymax>
</bndbox>
</object>
<object>
<name>Car</name>
<bndbox>
<xmin>277</xmin>
<ymin>179</ymin>
<xmax>412</xmax>
<ymax>264</ymax>
</bndbox>
</object>
<object>
<name>Car</name>
<bndbox>
<xmin>532</xmin>
<ymin>179</ymin>
<xmax>568</xmax>
<ymax>204</ymax>
</bndbox>
</object>
<object>
<name>Car</name>
<bndbox>
<xmin>371</xmin>
<ymin>180</ymin>
<xmax>457</xmax>
<ymax>235</ymax>
</bndbox>
</object>
<object>
<name>Car</name>
<bndbox>
<xmin>448</xmin>
<ymin>183</ymin>
<xmax>499</xmax>
<ymax>215</ymax>
</bndbox>
</object>
<object>
<name>Car</name>
<bndbox>
<xmin>635</xmin>
<ymin>174</ymin>
<xmax>659</xmax>
<ymax>195</ymax>
</bndbox>
</object>
<object>
<name>Car</name>
<bndbox>
<xmin>697</xmin>
<ymin>167</ymin>
<xmax>770</xmax>
<ymax>190</ymax>
</bndbox>
</object>
<object>
<name>Car</name>
<bndbox>
<xmin>853</xmin>
<ymin>152</ymin>
<xmax>925</xmax>
<ymax>179</ymax>
</bndbox>
</object>
</annotation>
