<?xml version="1.0" ?>
<annotation>
<folder>KITTI</folder>
<filename>006045.png</filename>
<source>
<database>The KITTI Database</database>
<annotation>KITTI</annotation>
</source>
<size>
<width>1241</width>
<height>376</height>
<depth>3</depth>
</size>
<object>
<name>Car</name>
<bndbox>
<xmin>577</xmin>
<ymin>171</ymin>
<xmax>638</xmax>
<ymax>227</ymax>
</bndbox>
</object>
<object>
<name>Car</name>
<bndbox>
<xmin>0</xmin>
<ymin>192</ymin>
<xmax>338</xmax>
<ymax>370</ymax>
</bndbox>
</object>
<object>
<name>Car</name>
<bndbox>
<xmin>248</xmin>
<ymin>183</ymin>
<xmax>362</xmax>
<ymax>240</ymax>
</bndbox>
</object>
<object>
<name>Car</name>
<bndbox>
<xmin>352</xmin>
<ymin>132</ymin>
<xmax>493</xmax>
<ymax>251</ymax>
</bndbox>
</object>
<object>
<name>Car</name>
<bndbox>
<xmin>345</xmin>
<ymin>181</ymin>
<xmax>420</xmax>
<ymax>223</ymax>
</bndbox>
</object>
<object>
<name>Car</name>
<bndbox>
<xmin>480</xmin>
<ymin>173</ymin>
<xmax>534</xmax>
<ymax>215</ymax>
</bndbox>
</object>
<object>
<name>Car</name>
<bndbox>
<xmin>506</xmin>
<ymin>177</ymin>
<xmax>542</xmax>
<ymax>205</ymax>
</bndbox>
</object>
</annotation>
