<?xml version="1.0" ?>
<annotation>
<folder>KITTI</folder>
<filename>006017.png</filename>
<source>
<database>The KITTI Database</database>
<annotation>KITTI</annotation>
</source>
<size>
<width>1242</width>
<height>375</height>
<depth>3</depth>
</size>
<object>
<name>Car</name>
<bndbox>
<xmin>709</xmin>
<ymin>170</ymin>
<xmax>737</xmax>
<ymax>191</ymax>
</bndbox>
</object>
<object>
<name>Car</name>
<bndbox>
<xmin>0</xmin>
<ymin>120</ymin>
<xmax>265</xmax>
<ymax>233</ymax>
</bndbox>
</object>
</annotation>
