<?xml version="1.0" ?>
<annotation>
<folder>KITTI</folder>
<filename>006002.png</filename>
<source>
<database>The KITTI Database</database>
<annotation>KITTI</annotation>
</source>
<size>
<width>1242</width>
<height>375</height>
<depth>3</depth>
</size>
<object>
<name>Car</name>
<bndbox>
<xmin>610</xmin>
<ymin>176</ymin>
<xmax>650</xmax>
<ymax>217</ymax>
</bndbox>
</object>
<object>
<name>Car</name>
<bndbox>
<xmin>435</xmin>
<ymin>186</ymin>
<xmax>525</xmax>
<ymax>241</ymax>
</bndbox>
</object>
<object>
<name>Car</name>
<bndbox>
<xmin>491</xmin>
<ymin>181</ymin>
<xmax>544</xmax>
<ymax>222</ymax>
</bndbox>
</object>
<object>
<name>Car</name>
<bndbox>
<xmin>525</xmin>
<ymin>178</ymin>
<xmax>563</xmax>
<ymax>205</ymax>
</bndbox>
</object>
<object>
<name>Car</name>
<bndbox>
<xmin>549</xmin>
<ymin>173</ymin>
<xmax>575</xmax>
<ymax>193</ymax>
</bndbox>
</object>
</annotation>
