<?xml version="1.0" ?>
<annotation>
<folder>KITTI</folder>
<filename>006076.png</filename>
<source>
<database>The KITTI Database</database>
<annotation>KITTI</annotation>
</source>
<size>
<width>1224</width>
<height>370</height>
<depth>3</depth>
</size>
<object>
<name>Car</name>
<bndbox>
<xmin>0</xmin>
<ymin>113</ymin>
<xmax>147</xmax>
<ymax>286</ymax>
</bndbox>
</object>
<object>
<name>Pedestrian</name>
<bndbox>
<xmin>823</xmin>
<ymin>143</ymin>
<xmax>890</xmax>
<ymax>314</ymax>
</bndbox>
</object>
</annotation>
