<?xml version="1.0" ?>
<annotation>
<folder>KITTI</folder>
<filename>006044.png</filename>
<source>
<database>The KITTI Database</database>
<annotation>KITTI</annotation>
</source>
<size>
<width>1242</width>
<height>375</height>
<depth>3</depth>
</size>
<object>
<name>Car</name>
<bndbox>
<xmin>0</xmin>
<ymin>148</ymin>
<xmax>321</xmax>
<ymax>374</ymax>
</bndbox>
</object>
<object>
<name>Car</name>
<bndbox>
<xmin>458</xmin>
<ymin>181</ymin>
<xmax>539</xmax>
<ymax>237</ymax>
</bndbox>
</object>
<object>
<name>Car</name>
<bndbox>
<xmin>593</xmin>
<ymin>196</ymin>
<xmax>618</xmax>
<ymax>223</ymax>
</bndbox>
</object>
</annotation>
