<?xml version="1.0" ?>
<annotation>
<folder>KITTI</folder>
<filename>006030.png</filename>
<source>
<database>The KITTI Database</database>
<annotation>KITTI</annotation>
</source>
<size>
<width>1242</width>
<height>375</height>
<depth>3</depth>
</size>
<object>
<name>Car</name>
<bndbox>
<xmin>930</xmin>
<ymin>183</ymin>
<xmax>1096</xmax>
<ymax>240</ymax>
</bndbox>
</object>
<object>
<name>Car</name>
<bndbox>
<xmin>629</xmin>
<ymin>185</ymin>
<xmax>673</xmax>
<ymax>230</ymax>
</bndbox>
</object>
<object>
<name>Car</name>
<bndbox>
<xmin>704</xmin>
<ymin>201</ymin>
<xmax>783</xmax>
<ymax>231</ymax>
</bndbox>
</object>
<object>
<name>Car</name>
<bndbox>
<xmin>554</xmin>
<ymin>182</ymin>
<xmax>578</xmax>
<ymax>208</ymax>
</bndbox>
</object>
</annotation>
