<?xml version="1.0" ?>
<annotation>
<folder>KITTI</folder>
<filename>006100.png</filename>
<source>
<database>The KITTI Database</database>
<annotation>KITTI</annotation>
</source>
<size>
<width>1242</width>
<height>375</height>
<depth>3</depth>
</size>
<object>
<name>Cyclist</name>
<bndbox>
<xmin>883</xmin>
<ymin>154</ymin>
<xmax>942</xmax>
<ymax>239</ymax>
</bndbox>
</object>
<object>
<name>Car</name>
<bndbox>
<xmin>0</xmin>
<ymin>196</ymin>
<xmax>93</xmax>
<ymax>272</ymax>
</bndbox>
</object>
<object>
<name>Car</name>
<bndbox>
<xmin>175</xmin>
<ymin>190</ymin>
<xmax>268</xmax>
<ymax>228</ymax>
</bndbox>
</object>
</annotation>
