<?xml version="1.0" ?>
<annotation>
<folder>KITTI</folder>
<filename>006117.png</filename>
<source>
<database>The KITTI Database</database>
<annotation>KITTI</annotation>
</source>
<size>
<width>1242</width>
<height>375</height>
<depth>3</depth>
</size>
<object>
<name>Car</name>
<bndbox>
<xmin>0</xmin>
<ymin>207</ymin>
<xmax>305</xmax>
<ymax>374</ymax>
</bndbox>
</object>
<object>
<name>Car</name>
<bndbox>
<xmin>149</xmin>
<ymin>166</ymin>
<xmax>447</xmax>
<ymax>359</ymax>
</bndbox>
</object>
<object>
<name>Car</name>
<bndbox>
<xmin>960</xmin>
<ymin>90</ymin>
<xmax>1241</xmax>
<ymax>254</ymax>
</bndbox>
</object>
<object>
<name>Car</name>
<bndbox>
<xmin>714</xmin>
<ymin>181</ymin>
<xmax>825</xmax>
<ymax>249</ymax>
</bndbox>
</object>
<object>
<name>Car</name>
<bndbox>
<xmin>429</xmin>
<ymin>175</ymin>
<xmax>528</xmax>
<ymax>254</ymax>
</bndbox>
</object>
<object>
<name>Car</name>
<bndbox>
<xmin>683</xmin>
<ymin>168</ymin>
<xmax>769</xmax>
<ymax>229</ymax>
</bndbox>
</object>
<object>
<name>Car</name>
<bndbox>
<xmin>481</xmin>
<ymin>175</ymin>
<xmax>543</xmax>
<ymax>233</ymax>
</bndbox>
</object>
</annotation>
