<?xml version="1.0" ?>
<annotation>
<folder>KITTI</folder>
<filename>006148.png</filename>
<source>
<database>The KITTI Database</database>
<annotation>KITTI</annotation>
</source>
<size>
<width>1224</width>
<height>370</height>
<depth>3</depth>
</size>
<object>
<name>Car</name>
<bndbox>
<xmin>841</xmin>
<ymin>145</ymin>
<xmax>941</xmax>
<ymax>178</ymax>
</bndbox>
</object>
<object>
<name>Car</name>
<bndbox>
<xmin>536</xmin>
<ymin>169</ymin>
<xmax>566</xmax>
<ymax>192</ymax>
</bndbox>
</object>
<object>
<name>Cyclist</name>
<bndbox>
<xmin>604</xmin>
<ymin>165</ymin>
<xmax>628</xmax>
<ymax>188</ymax>
</bndbox>
</object>
<object>
<name>Pedestrian</name>
<bndbox>
<xmin>596</xmin>
<ymin>166</ymin>
<xmax>604</xmax>
<ymax>190</ymax>
</bndbox>
</object>
<object>
<name>Pedestrian</name>
<bndbox>
<xmin>461</xmin>
<ymin>170</ymin>
<xmax>471</xmax>
<ymax>196</ymax>
</bndbox>
</object>
</annotation>
