<?xml version="1.0" ?>
<annotation>
<folder>KITTI</folder>
<filename>006165.png</filename>
<source>
<database>The KITTI Database</database>
<annotation>KITTI</annotation>
</source>
<size>
<width>1242</width>
<height>375</height>
<depth>3</depth>
</size>
<object>
<name>Car</name>
<bndbox>
<xmin>401</xmin>
<ymin>177</ymin>
<xmax>460</xmax>
<ymax>198</ymax>
</bndbox>
</object>
<object>
<name>Car</name>
<bndbox>
<xmin>523</xmin>
<ymin>172</ymin>
<xmax>568</xmax>
<ymax>192</ymax>
</bndbox>
</object>
<object>
<name>Car</name>
<bndbox>
<xmin>476</xmin>
<ymin>176</ymin>
<xmax>522</xmax>
<ymax>193</ymax>
</bndbox>
</object>
</annotation>
