<?xml version="1.0" ?>
<annotation>
<folder>KITTI</folder>
<filename>006203.png</filename>
<source>
<database>The KITTI Database</database>
<annotation>KITTI</annotation>
</source>
<size>
<width>1242</width>
<height>375</height>
<depth>3</depth>
</size>
<object>
<name>Car</name>
<bndbox>
<xmin>596</xmin>
<ymin>176</ymin>
<xmax>676</xmax>
<ymax>238</ymax>
</bndbox>
</object>
<object>
<name>Car</name>
<bndbox>
<xmin>324</xmin>
<ymin>181</ymin>
<xmax>375</xmax>
<ymax>212</ymax>
</bndbox>
</object>
<object>
<name>Car</name>
<bndbox>
<xmin>404</xmin>
<ymin>180</ymin>
<xmax>452</xmax>
<ymax>211</ymax>
</bndbox>
</object>
</annotation>
