<?xml version="1.0" ?>
<annotation>
<folder>KITTI</folder>
<filename>006288.png</filename>
<source>
<database>The KITTI Database</database>
<annotation>KITTI</annotation>
</source>
<size>
<width>1242</width>
<height>375</height>
<depth>3</depth>
</size>
<object>
<name>Car</name>
<bndbox>
<xmin>579</xmin>
<ymin>169</ymin>
<xmax>609</xmax>
<ymax>198</ymax>
</bndbox>
</object>
<object>
<name>Car</name>
<bndbox>
<xmin>411</xmin>
<ymin>158</ymin>
<xmax>460</xmax>
<ymax>187</ymax>
</bndbox>
</object>
</annotation>
