<?xml version="1.0" ?>
<annotation>
<folder>KITTI</folder>
<filename>006234.png</filename>
<source>
<database>The KITTI Database</database>
<annotation>KITTI</annotation>
</source>
<size>
<width>1242</width>
<height>375</height>
<depth>3</depth>
</size>
<object>
<name>Car</name>
<bndbox>
<xmin>387</xmin>
<ymin>191</ymin>
<xmax>506</xmax>
<ymax>274</ymax>
</bndbox>
</object>
<object>
<name>Cyclist</name>
<bndbox>
<xmin>237</xmin>
<ymin>190</ymin>
<xmax>283</xmax>
<ymax>249</ymax>
</bndbox>
</object>
</annotation>
