<?xml version="1.0" ?>
<annotation>
<folder>KITTI</folder>
<filename>006274.png</filename>
<source>
<database>The KITTI Database</database>
<annotation>KITTI</annotation>
</source>
<size>
<width>1242</width>
<height>375</height>
<depth>3</depth>
</size>
<object>
<name>Car</name>
<bndbox>
<xmin>522</xmin>
<ymin>177</ymin>
<xmax>571</xmax>
<ymax>213</ymax>
</bndbox>
</object>
<object>
<name>Car</name>
<bndbox>
<xmin>566</xmin>
<ymin>175</ymin>
<xmax>593</xmax>
<ymax>198</ymax>
</bndbox>
</object>
<object>
<name>Pedestrian</name>
<bndbox>
<xmin>765</xmin>
<ymin>166</ymin>
<xmax>774</xmax>
<ymax>198</ymax>
</bndbox>
</object>
</annotation>
