<?xml version="1.0" ?>
<annotation>
<folder>KITTI</folder>
<filename>006298.png</filename>
<source>
<database>The KITTI Database</database>
<annotation>KITTI</annotation>
</source>
<size>
<width>1242</width>
<height>375</height>
<depth>3</depth>
</size>
<object>
<name>Car</name>
<bndbox>
<xmin>605</xmin>
<ymin>176</ymin>
<xmax>629</xmax>
<ymax>198</ymax>
</bndbox>
</object>
<object>
<name>Car</name>
<bndbox>
<xmin>900</xmin>
<ymin>105</ymin>
<xmax>1241</xmax>
<ymax>374</ymax>
</bndbox>
</object>
<object>
<name>Car</name>
<bndbox>
<xmin>709</xmin>
<ymin>170</ymin>
<xmax>845</xmax>
<ymax>277</ymax>
</bndbox>
</object>
<object>
<name>Car</name>
<bndbox>
<xmin>671</xmin>
<ymin>182</ymin>
<xmax>726</xmax>
<ymax>226</ymax>
</bndbox>
</object>
<object>
<name>Car</name>
<bndbox>
<xmin>663</xmin>
<ymin>177</ymin>
<xmax>716</xmax>
<ymax>216</ymax>
</bndbox>
</object>
<object>
<name>Car</name>
<bndbox>
<xmin>648</xmin>
<ymin>175</ymin>
<xmax>680</xmax>
<ymax>203</ymax>
</bndbox>
</object>
<object>
<name>Pedestrian</name>
<bndbox>
<xmin>691</xmin>
<ymin>169</ymin>
<xmax>701</xmax>
<ymax>199</ymax>
</bndbox>
</object>
</annotation>
