<?xml version="1.0" ?>
<annotation>
<folder>KITTI</folder>
<filename>006221.png</filename>
<source>
<database>The KITTI Database</database>
<annotation>KITTI</annotation>
</source>
<size>
<width>1242</width>
<height>375</height>
<depth>3</depth>
</size>
<object>
<name>Car</name>
<bndbox>
<xmin>0</xmin>
<ymin>32</ymin>
<xmax>351</xmax>
<ymax>374</ymax>
</bndbox>
</object>
<object>
<name>Car</name>
<bndbox>
<xmin>323</xmin>
<ymin>178</ymin>
<xmax>489</xmax>
<ymax>256</ymax>
</bndbox>
</object>
<object>
<name>Pedestrian</name>
<bndbox>
<xmin>486</xmin>
<ymin>160</ymin>
<xmax>516</xmax>
<ymax>242</ymax>
</bndbox>
</object>
<object>
<name>Pedestrian</name>
<bndbox>
<xmin>519</xmin>
<ymin>165</ymin>
<xmax>545</xmax>
<ymax>229</ymax>
</bndbox>
</object>
<object>
<name>Pedestrian</name>
<bndbox>
<xmin>527</xmin>
<ymin>163</ymin>
<xmax>549</xmax>
<ymax>229</ymax>
</bndbox>
</object>
<object>
<name>Cyclist</name>
<bndbox>
<xmin>754</xmin>
<ymin>162</ymin>
<xmax>807</xmax>
<ymax>210</ymax>
</bndbox>
</object>
<object>
<name>Car</name>
<bndbox>
<xmin>1117</xmin>
<ymin>158</ymin>
<xmax>1241</xmax>
<ymax>201</ymax>
</bndbox>
</object>
</annotation>
