<?xml version="1.0" ?>
<annotation>
<folder>KITTI</folder>
<filename>006323.png</filename>
<source>
<database>The KITTI Database</database>
<annotation>KITTI</annotation>
</source>
<size>
<width>1242</width>
<height>375</height>
<depth>3</depth>
</size>
<object>
<name>Car</name>
<bndbox>
<xmin>511</xmin>
<ymin>177</ymin>
<xmax>550</xmax>
<ymax>198</ymax>
</bndbox>
</object>
<object>
<name>Car</name>
<bndbox>
<xmin>716</xmin>
<ymin>176</ymin>
<xmax>739</xmax>
<ymax>196</ymax>
</bndbox>
</object>
</annotation>
