<?xml version="1.0" ?>
<annotation>
<folder>KITTI</folder>
<filename>006343.png</filename>
<source>
<database>The KITTI Database</database>
<annotation>KITTI</annotation>
</source>
<size>
<width>1242</width>
<height>375</height>
<depth>3</depth>
</size>
<object>
<name>Car</name>
<bndbox>
<xmin>594</xmin>
<ymin>163</ymin>
<xmax>622</xmax>
<ymax>194</ymax>
</bndbox>
</object>
<object>
<name>Car</name>
<bndbox>
<xmin>345</xmin>
<ymin>187</ymin>
<xmax>397</xmax>
<ymax>213</ymax>
</bndbox>
</object>
</annotation>
