<?xml version="1.0" ?>
<annotation>
<folder>KITTI</folder>
<filename>006331.png</filename>
<source>
<database>The KITTI Database</database>
<annotation>KITTI</annotation>
</source>
<size>
<width>1242</width>
<height>375</height>
<depth>3</depth>
</size>
<object>
<name>Car</name>
<bndbox>
<xmin>590</xmin>
<ymin>161</ymin>
<xmax>619</xmax>
<ymax>192</ymax>
</bndbox>
</object>
<object>
<name>Car</name>
<bndbox>
<xmin>415</xmin>
<ymin>184</ymin>
<xmax>450</xmax>
<ymax>202</ymax>
</bndbox>
</object>
</annotation>
