<?xml version="1.0" ?>
<annotation>
<folder>KITTI</folder>
<filename>006490.png</filename>
<source>
<database>The KITTI Database</database>
<annotation>KITTI</annotation>
</source>
<size>
<width>1242</width>
<height>375</height>
<depth>3</depth>
</size>
<object>
<name>Car</name>
<bndbox>
<xmin>592</xmin>
<ymin>129</ymin>
<xmax>655</xmax>
<ymax>205</ymax>
</bndbox>
</object>
<object>
<name>Car</name>
<bndbox>
<xmin>0</xmin>
<ymin>190</ymin>
<xmax>23</xmax>
<ymax>233</ymax>
</bndbox>
</object>
<object>
<name>Car</name>
<bndbox>
<xmin>11</xmin>
<ymin>186</ymin>
<xmax>109</xmax>
<ymax>226</ymax>
</bndbox>
</object>
<object>
<name>Car</name>
<bndbox>
<xmin>104</xmin>
<ymin>186</ymin>
<xmax>182</xmax>
<ymax>218</ymax>
</bndbox>
</object>
<object>
<name>Car</name>
<bndbox>
<xmin>166</xmin>
<ymin>185</ymin>
<xmax>235</xmax>
<ymax>212</ymax>
</bndbox>
</object>
<object>
<name>Car</name>
<bndbox>
<xmin>225</xmin>
<ymin>180</ymin>
<xmax>273</xmax>
<ymax>206</ymax>
</bndbox>
</object>
<object>
<name>Car</name>
<bndbox>
<xmin>259</xmin>
<ymin>182</ymin>
<xmax>300</xmax>
<ymax>203</ymax>
</bndbox>
</object>
</annotation>
