<?xml version="1.0" ?>
<annotation>
<folder>KITTI</folder>
<filename>006436.png</filename>
<source>
<database>The KITTI Database</database>
<annotation>KITTI</annotation>
</source>
<size>
<width>1242</width>
<height>375</height>
<depth>3</depth>
</size>
<object>
<name>Car</name>
<bndbox>
<xmin>595</xmin>
<ymin>160</ymin>
<xmax>623</xmax>
<ymax>190</ymax>
</bndbox>
</object>
<object>
<name>Car</name>
<bndbox>
<xmin>749</xmin>
<ymin>181</ymin>
<xmax>954</xmax>
<ymax>286</ymax>
</bndbox>
</object>
<object>
<name>Car</name>
<bndbox>
<xmin>0</xmin>
<ymin>186</ymin>
<xmax>157</xmax>
<ymax>251</ymax>
</bndbox>
</object>
</annotation>
