<?xml version="1.0" ?>
<annotation>
<folder>KITTI</folder>
<filename>006452.png</filename>
<source>
<database>The KITTI Database</database>
<annotation>KITTI</annotation>
</source>
<size>
<width>1242</width>
<height>375</height>
<depth>3</depth>
</size>
<object>
<name>Car</name>
<bndbox>
<xmin>584</xmin>
<ymin>189</ymin>
<xmax>617</xmax>
<ymax>216</ymax>
</bndbox>
</object>
<object>
<name>Car</name>
<bndbox>
<xmin>533</xmin>
<ymin>185</ymin>
<xmax>564</xmax>
<ymax>208</ymax>
</bndbox>
</object>
<object>
<name>Car</name>
<bndbox>
<xmin>598</xmin>
<ymin>173</ymin>
<xmax>619</xmax>
<ymax>202</ymax>
</bndbox>
</object>
<object>
<name>Car</name>
<bndbox>
<xmin>340</xmin>
<ymin>186</ymin>
<xmax>381</xmax>
<ymax>210</ymax>
</bndbox>
</object>
</annotation>
