<?xml version="1.0" ?>
<annotation>
<folder>KITTI</folder>
<filename>006447.png</filename>
<source>
<database>The KITTI Database</database>
<annotation>KITTI</annotation>
</source>
<size>
<width>1242</width>
<height>375</height>
<depth>3</depth>
</size>
<object>
<name>Car</name>
<bndbox>
<xmin>562</xmin>
<ymin>177</ymin>
<xmax>613</xmax>
<ymax>227</ymax>
</bndbox>
</object>
<object>
<name>Car</name>
<bndbox>
<xmin>536</xmin>
<ymin>180</ymin>
<xmax>553</xmax>
<ymax>195</ymax>
</bndbox>
</object>
<object>
<name>Car</name>
<bndbox>
<xmin>834</xmin>
<ymin>170</ymin>
<xmax>875</xmax>
<ymax>189</ymax>
</bndbox>
</object>
<object>
<name>Car</name>
<bndbox>
<xmin>858</xmin>
<ymin>160</ymin>
<xmax>914</xmax>
<ymax>188</ymax>
</bndbox>
</object>
<object>
<name>Car</name>
<bndbox>
<xmin>930</xmin>
<ymin>151</ymin>
<xmax>1024</xmax>
<ymax>193</ymax>
</bndbox>
</object>
<object>
<name>Car</name>
<bndbox>
<xmin>1045</xmin>
<ymin>122</ymin>
<xmax>1228</xmax>
<ymax>195</ymax>
</bndbox>
</object>
</annotation>
