<?xml version="1.0" ?>
<annotation>
<folder>KITTI</folder>
<filename>006482.png</filename>
<source>
<database>The KITTI Database</database>
<annotation>KITTI</annotation>
</source>
<size>
<width>1242</width>
<height>375</height>
<depth>3</depth>
</size>
<object>
<name>Car</name>
<bndbox>
<xmin>600</xmin>
<ymin>174</ymin>
<xmax>630</xmax>
<ymax>203</ymax>
</bndbox>
</object>
<object>
<name>Car</name>
<bndbox>
<xmin>644</xmin>
<ymin>160</ymin>
<xmax>690</xmax>
<ymax>191</ymax>
</bndbox>
</object>
<object>
<name>Car</name>
<bndbox>
<xmin>33</xmin>
<ymin>199</ymin>
<xmax>162</xmax>
<ymax>252</ymax>
</bndbox>
</object>
<object>
<name>Car</name>
<bndbox>
<xmin>404</xmin>
<ymin>185</ymin>
<xmax>442</xmax>
<ymax>207</ymax>
</bndbox>
</object>
</annotation>
