<?xml version="1.0" ?>
<annotation>
<folder>KITTI</folder>
<filename>006408.png</filename>
<source>
<database>The KITTI Database</database>
<annotation>KITTI</annotation>
</source>
<size>
<width>1242</width>
<height>375</height>
<depth>3</depth>
</size>
<object>
<name>Car</name>
<bndbox>
<xmin>613</xmin>
<ymin>130</ymin>
<xmax>675</xmax>
<ymax>204</ymax>
</bndbox>
</object>
<object>
<name>Car</name>
<bndbox>
<xmin>26</xmin>
<ymin>187</ymin>
<xmax>141</xmax>
<ymax>228</ymax>
</bndbox>
</object>
<object>
<name>Car</name>
<bndbox>
<xmin>130</xmin>
<ymin>186</ymin>
<xmax>204</xmax>
<ymax>219</ymax>
</bndbox>
</object>
<object>
<name>Car</name>
<bndbox>
<xmin>195</xmin>
<ymin>185</ymin>
<xmax>259</xmax>
<ymax>212</ymax>
</bndbox>
</object>
<object>
<name>Car</name>
<bndbox>
<xmin>239</xmin>
<ymin>184</ymin>
<xmax>296</xmax>
<ymax>208</ymax>
</bndbox>
</object>
<object>
<name>Car</name>
<bndbox>
<xmin>287</xmin>
<ymin>180</ymin>
<xmax>328</xmax>
<ymax>204</ymax>
</bndbox>
</object>
<object>
<name>Car</name>
<bndbox>
<xmin>314</xmin>
<ymin>181</ymin>
<xmax>349</xmax>
<ymax>200</ymax>
</bndbox>
</object>
</annotation>
