<?xml version="1.0" ?>
<annotation>
<folder>KITTI</folder>
<filename>006487.png</filename>
<source>
<database>The KITTI Database</database>
<annotation>KITTI</annotation>
</source>
<size>
<width>1242</width>
<height>375</height>
<depth>3</depth>
</size>
<object>
<name>Car</name>
<bndbox>
<xmin>312</xmin>
<ymin>184</ymin>
<xmax>533</xmax>
<ymax>276</ymax>
</bndbox>
</object>
<object>
<name>Car</name>
<bndbox>
<xmin>212</xmin>
<ymin>169</ymin>
<xmax>458</xmax>
<ymax>269</ymax>
</bndbox>
</object>
<object>
<name>Car</name>
<bndbox>
<xmin>0</xmin>
<ymin>188</ymin>
<xmax>72</xmax>
<ymax>225</ymax>
</bndbox>
</object>
</annotation>
