<?xml version="1.0" ?>
<annotation>
<folder>KITTI</folder>
<filename>006437.png</filename>
<source>
<database>The KITTI Database</database>
<annotation>KITTI</annotation>
</source>
<size>
<width>1242</width>
<height>375</height>
<depth>3</depth>
</size>
<object>
<name>Car</name>
<bndbox>
<xmin>584</xmin>
<ymin>186</ymin>
<xmax>617</xmax>
<ymax>212</ymax>
</bndbox>
</object>
<object>
<name>Car</name>
<bndbox>
<xmin>532</xmin>
<ymin>182</ymin>
<xmax>562</xmax>
<ymax>205</ymax>
</bndbox>
</object>
<object>
<name>Car</name>
<bndbox>
<xmin>599</xmin>
<ymin>169</ymin>
<xmax>620</xmax>
<ymax>198</ymax>
</bndbox>
</object>
<object>
<name>Car</name>
<bndbox>
<xmin>269</xmin>
<ymin>180</ymin>
<xmax>327</xmax>
<ymax>210</ymax>
</bndbox>
</object>
</annotation>
