<?xml version="1.0" ?>
<annotation>
<folder>KITTI</folder>
<filename>006496.png</filename>
<source>
<database>The KITTI Database</database>
<annotation>KITTI</annotation>
</source>
<size>
<width>1224</width>
<height>370</height>
<depth>3</depth>
</size>
<object>
<name>Car</name>
<bndbox>
<xmin>0</xmin>
<ymin>198</ymin>
<xmax>301</xmax>
<ymax>369</ymax>
</bndbox>
</object>
<object>
<name>Pedestrian</name>
<bndbox>
<xmin>994</xmin>
<ymin>137</ymin>
<xmax>1099</xmax>
<ymax>290</ymax>
</bndbox>
</object>
<object>
<name>Pedestrian</name>
<bndbox>
<xmin>633</xmin>
<ymin>154</ymin>
<xmax>704</xmax>
<ymax>305</ymax>
</bndbox>
</object>
<object>
<name>Pedestrian</name>
<bndbox>
<xmin>628</xmin>
<ymin>152</ymin>
<xmax>710</xmax>
<ymax>321</ymax>
</bndbox>
</object>
<object>
<name>Cyclist</name>
<bndbox>
<xmin>989</xmin>
<ymin>148</ymin>
<xmax>1025</xmax>
<ymax>217</ymax>
</bndbox>
</object>
<object>
<name>Pedestrian</name>
<bndbox>
<xmin>180</xmin>
<ymin>172</ymin>
<xmax>227</xmax>
<ymax>278</ymax>
</bndbox>
</object>
<object>
<name>Pedestrian</name>
<bndbox>
<xmin>181</xmin>
<ymin>176</ymin>
<xmax>215</xmax>
<ymax>281</ymax>
</bndbox>
</object>
<object>
<name>Cyclist</name>
<bndbox>
<xmin>819</xmin>
<ymin>158</ymin>
<xmax>943</xmax>
<ymax>267</ymax>
</bndbox>
</object>
<object>
<name>Car</name>
<bndbox>
<xmin>446</xmin>
<ymin>171</ymin>
<xmax>481</xmax>
<ymax>195</ymax>
</bndbox>
</object>
<object>
<name>Car</name>
<bndbox>
<xmin>973</xmin>
<ymin>153</ymin>
<xmax>1099</xmax>
<ymax>192</ymax>
</bndbox>
</object>
</annotation>
