<?xml version="1.0" ?>
<annotation>
<folder>KITTI</folder>
<filename>006465.png</filename>
<source>
<database>The KITTI Database</database>
<annotation>KITTI</annotation>
</source>
<size>
<width>1242</width>
<height>375</height>
<depth>3</depth>
</size>
<object>
<name>Car</name>
<bndbox>
<xmin>150</xmin>
<ymin>190</ymin>
<xmax>266</xmax>
<ymax>259</ymax>
</bndbox>
</object>
<object>
<name>Car</name>
<bndbox>
<xmin>335</xmin>
<ymin>147</ymin>
<xmax>424</xmax>
<ymax>220</ymax>
</bndbox>
</object>
<object>
<name>Car</name>
<bndbox>
<xmin>483</xmin>
<ymin>172</ymin>
<xmax>508</xmax>
<ymax>199</ymax>
</bndbox>
</object>
<object>
<name>Car</name>
<bndbox>
<xmin>557</xmin>
<ymin>181</ymin>
<xmax>575</xmax>
<ymax>194</ymax>
</bndbox>
</object>
</annotation>
