<?xml version="1.0" ?>
<annotation>
<folder>KITTI</folder>
<filename>006407.png</filename>
<source>
<database>The KITTI Database</database>
<annotation>KITTI</annotation>
</source>
<size>
<width>1224</width>
<height>370</height>
<depth>3</depth>
</size>
<object>
<name>Car</name>
<bndbox>
<xmin>1029</xmin>
<ymin>136</ymin>
<xmax>1223</xmax>
<ymax>199</ymax>
</bndbox>
</object>
<object>
<name>Car</name>
<bndbox>
<xmin>499</xmin>
<ymin>173</ymin>
<xmax>546</xmax>
<ymax>208</ymax>
</bndbox>
</object>
<object>
<name>Cyclist</name>
<bndbox>
<xmin>687</xmin>
<ymin>160</ymin>
<xmax>723</xmax>
<ymax>194</ymax>
</bndbox>
</object>
<object>
<name>Cyclist</name>
<bndbox>
<xmin>627</xmin>
<ymin>165</ymin>
<xmax>660</xmax>
<ymax>198</ymax>
</bndbox>
</object>
<object>
<name>Cyclist</name>
<bndbox>
<xmin>353</xmin>
<ymin>176</ymin>
<xmax>387</xmax>
<ymax>216</ymax>
</bndbox>
</object>
<object>
<name>Car</name>
<bndbox>
<xmin>910</xmin>
<ymin>147</ymin>
<xmax>986</xmax>
<ymax>171</ymax>
</bndbox>
</object>
</annotation>
