<?xml version="1.0" ?>
<annotation>
<folder>KITTI</folder>
<filename>006552.png</filename>
<source>
<database>The KITTI Database</database>
<annotation>KITTI</annotation>
</source>
<size>
<width>1224</width>
<height>370</height>
<depth>3</depth>
</size>
<object>
<name>Pedestrian</name>
<bndbox>
<xmin>209</xmin>
<ymin>145</ymin>
<xmax>290</xmax>
<ymax>329</ymax>
</bndbox>
</object>
<object>
<name>Pedestrian</name>
<bndbox>
<xmin>918</xmin>
<ymin>151</ymin>
<xmax>987</xmax>
<ymax>369</ymax>
</bndbox>
</object>
<object>
<name>Pedestrian</name>
<bndbox>
<xmin>1091</xmin>
<ymin>120</ymin>
<xmax>1156</xmax>
<ymax>369</ymax>
</bndbox>
</object>
<object>
<name>Pedestrian</name>
<bndbox>
<xmin>1032</xmin>
<ymin>147</ymin>
<xmax>1104</xmax>
<ymax>369</ymax>
</bndbox>
</object>
</annotation>
