<?xml version="1.0" ?>
<annotation>
<folder>KITTI</folder>
<filename>006511.png</filename>
<source>
<database>The KITTI Database</database>
<annotation>KITTI</annotation>
</source>
<size>
<width>1242</width>
<height>375</height>
<depth>3</depth>
</size>
<object>
<name>Car</name>
<bndbox>
<xmin>564</xmin>
<ymin>176</ymin>
<xmax>677</xmax>
<ymax>282</ymax>
</bndbox>
</object>
<object>
<name>Car</name>
<bndbox>
<xmin>952</xmin>
<ymin>179</ymin>
<xmax>1241</xmax>
<ymax>374</ymax>
</bndbox>
</object>
<object>
<name>Car</name>
<bndbox>
<xmin>483</xmin>
<ymin>171</ymin>
<xmax>527</xmax>
<ymax>206</ymax>
</bndbox>
</object>
<object>
<name>Pedestrian</name>
<bndbox>
<xmin>816</xmin>
<ymin>166</ymin>
<xmax>843</xmax>
<ymax>226</ymax>
</bndbox>
</object>
<object>
<name>Pedestrian</name>
<bndbox>
<xmin>945</xmin>
<ymin>171</ymin>
<xmax>964</xmax>
<ymax>214</ymax>
</bndbox>
</object>
<object>
<name>Pedestrian</name>
<bndbox>
<xmin>1056</xmin>
<ymin>160</ymin>
<xmax>1072</xmax>
<ymax>218</ymax>
</bndbox>
</object>
<object>
<name>Pedestrian</name>
<bndbox>
<xmin>1008</xmin>
<ymin>167</ymin>
<xmax>1018</xmax>
<ymax>205</ymax>
</bndbox>
</object>
<object>
<name>Car</name>
<bndbox>
<xmin>32</xmin>
<ymin>189</ymin>
<xmax>132</xmax>
<ymax>221</ymax>
</bndbox>
</object>
</annotation>
