<?xml version="1.0" ?>
<annotation>
<folder>KITTI</folder>
<filename>006519.png</filename>
<source>
<database>The KITTI Database</database>
<annotation>KITTI</annotation>
</source>
<size>
<width>1242</width>
<height>375</height>
<depth>3</depth>
</size>
<object>
<name>Car</name>
<bndbox>
<xmin>0</xmin>
<ymin>195</ymin>
<xmax>302</xmax>
<ymax>374</ymax>
</bndbox>
</object>
<object>
<name>Car</name>
<bndbox>
<xmin>121</xmin>
<ymin>191</ymin>
<xmax>473</xmax>
<ymax>374</ymax>
</bndbox>
</object>
<object>
<name>Car</name>
<bndbox>
<xmin>658</xmin>
<ymin>178</ymin>
<xmax>739</xmax>
<ymax>236</ymax>
</bndbox>
</object>
<object>
<name>Car</name>
<bndbox>
<xmin>774</xmin>
<ymin>187</ymin>
<xmax>1241</xmax>
<ymax>374</ymax>
</bndbox>
</object>
<object>
<name>Car</name>
<bndbox>
<xmin>319</xmin>
<ymin>188</ymin>
<xmax>484</xmax>
<ymax>295</ymax>
</bndbox>
</object>
<object>
<name>Pedestrian</name>
<bndbox>
<xmin>287</xmin>
<ymin>167</ymin>
<xmax>324</xmax>
<ymax>293</ymax>
</bndbox>
</object>
<object>
<name>Pedestrian</name>
<bndbox>
<xmin>338</xmin>
<ymin>171</ymin>
<xmax>358</xmax>
<ymax>268</ymax>
</bndbox>
</object>
<object>
<name>Car</name>
<bndbox>
<xmin>528</xmin>
<ymin>177</ymin>
<xmax>567</xmax>
<ymax>213</ymax>
</bndbox>
</object>
<object>
<name>Car</name>
<bndbox>
<xmin>639</xmin>
<ymin>176</ymin>
<xmax>686</xmax>
<ymax>213</ymax>
</bndbox>
</object>
<object>
<name>Pedestrian</name>
<bndbox>
<xmin>341</xmin>
<ymin>175</ymin>
<xmax>364</xmax>
<ymax>275</ymax>
</bndbox>
</object>
<object>
<name>Car</name>
<bndbox>
<xmin>627</xmin>
<ymin>173</ymin>
<xmax>654</xmax>
<ymax>200</ymax>
</bndbox>
</object>
</annotation>
