<?xml version="1.0" ?>
<annotation>
<folder>KITTI</folder>
<filename>006531.png</filename>
<source>
<database>The KITTI Database</database>
<annotation>KITTI</annotation>
</source>
<size>
<width>1242</width>
<height>375</height>
<depth>3</depth>
</size>
<object>
<name>Car</name>
<bndbox>
<xmin>882</xmin>
<ymin>122</ymin>
<xmax>1241</xmax>
<ymax>374</ymax>
</bndbox>
</object>
<object>
<name>Car</name>
<bndbox>
<xmin>359</xmin>
<ymin>190</ymin>
<xmax>513</xmax>
<ymax>301</ymax>
</bndbox>
</object>
<object>
<name>Car</name>
<bndbox>
<xmin>663</xmin>
<ymin>187</ymin>
<xmax>728</xmax>
<ymax>241</ymax>
</bndbox>
</object>
<object>
<name>Car</name>
<bndbox>
<xmin>540</xmin>
<ymin>184</ymin>
<xmax>574</xmax>
<ymax>214</ymax>
</bndbox>
</object>
<object>
<name>Car</name>
<bndbox>
<xmin>643</xmin>
<ymin>186</ymin>
<xmax>684</xmax>
<ymax>220</ymax>
</bndbox>
</object>
</annotation>
