<?xml version="1.0" ?>
<annotation>
<folder>KITTI</folder>
<filename>006648.png</filename>
<source>
<database>The KITTI Database</database>
<annotation>KITTI</annotation>
</source>
<size>
<width>1242</width>
<height>375</height>
<depth>3</depth>
</size>
<object>
<name>Car</name>
<bndbox>
<xmin>897</xmin>
<ymin>164</ymin>
<xmax>1241</xmax>
<ymax>374</ymax>
</bndbox>
</object>
<object>
<name>Car</name>
<bndbox>
<xmin>457</xmin>
<ymin>177</ymin>
<xmax>620</xmax>
<ymax>275</ymax>
</bndbox>
</object>
<object>
<name>Car</name>
<bndbox>
<xmin>812</xmin>
<ymin>185</ymin>
<xmax>1051</xmax>
<ymax>364</ymax>
</bndbox>
</object>
<object>
<name>Car</name>
<bndbox>
<xmin>795</xmin>
<ymin>170</ymin>
<xmax>933</xmax>
<ymax>279</ymax>
</bndbox>
</object>
<object>
<name>Car</name>
<bndbox>
<xmin>1133</xmin>
<ymin>141</ymin>
<xmax>1241</xmax>
<ymax>214</ymax>
</bndbox>
</object>
<object>
<name>Car</name>
<bndbox>
<xmin>1035</xmin>
<ymin>132</ymin>
<xmax>1208</xmax>
<ymax>215</ymax>
</bndbox>
</object>
<object>
<name>Car</name>
<bndbox>
<xmin>932</xmin>
<ymin>144</ymin>
<xmax>1080</xmax>
<ymax>217</ymax>
</bndbox>
</object>
<object>
<name>Car</name>
<bndbox>
<xmin>580</xmin>
<ymin>170</ymin>
<xmax>643</xmax>
<ymax>212</ymax>
</bndbox>
</object>
<object>
<name>Car</name>
<bndbox>
<xmin>887</xmin>
<ymin>160</ymin>
<xmax>970</xmax>
<ymax>197</ymax>
</bndbox>
</object>
<object>
<name>Car</name>
<bndbox>
<xmin>761</xmin>
<ymin>166</ymin>
<xmax>804</xmax>
<ymax>203</ymax>
</bndbox>
</object>
<object>
<name>Car</name>
<bndbox>
<xmin>629</xmin>
<ymin>168</ymin>
<xmax>672</xmax>
<ymax>199</ymax>
</bndbox>
</object>
<object>
<name>Car</name>
<bndbox>
<xmin>722</xmin>
<ymin>141</ymin>
<xmax>767</xmax>
<ymax>185</ymax>
</bndbox>
</object>
</annotation>
