<?xml version="1.0" ?>
<annotation>
<folder>KITTI</folder>
<filename>006649.png</filename>
<source>
<database>The KITTI Database</database>
<annotation>KITTI</annotation>
</source>
<size>
<width>1242</width>
<height>375</height>
<depth>3</depth>
</size>
<object>
<name>Car</name>
<bndbox>
<xmin>175</xmin>
<ymin>186</ymin>
<xmax>364</xmax>
<ymax>292</ymax>
</bndbox>
</object>
<object>
<name>Car</name>
<bndbox>
<xmin>1147</xmin>
<ymin>205</ymin>
<xmax>1241</xmax>
<ymax>374</ymax>
</bndbox>
</object>
<object>
<name>Car</name>
<bndbox>
<xmin>793</xmin>
<ymin>183</ymin>
<xmax>1168</xmax>
<ymax>374</ymax>
</bndbox>
</object>
<object>
<name>Car</name>
<bndbox>
<xmin>303</xmin>
<ymin>182</ymin>
<xmax>432</xmax>
<ymax>257</ymax>
</bndbox>
</object>
<object>
<name>Car</name>
<bndbox>
<xmin>738</xmin>
<ymin>179</ymin>
<xmax>889</xmax>
<ymax>278</ymax>
</bndbox>
</object>
<object>
<name>Car</name>
<bndbox>
<xmin>477</xmin>
<ymin>175</ymin>
<xmax>532</xmax>
<ymax>198</ymax>
</bndbox>
</object>
<object>
<name>Pedestrian</name>
<bndbox>
<xmin>668</xmin>
<ymin>169</ymin>
<xmax>688</xmax>
<ymax>200</ymax>
</bndbox>
</object>
<object>
<name>Car</name>
<bndbox>
<xmin>647</xmin>
<ymin>150</ymin>
<xmax>722</xmax>
<ymax>189</ymax>
</bndbox>
</object>
</annotation>
