<?xml version="1.0" ?>
<annotation>
<folder>KITTI</folder>
<filename>006601.png</filename>
<source>
<database>The KITTI Database</database>
<annotation>KITTI</annotation>
</source>
<size>
<width>1242</width>
<height>375</height>
<depth>3</depth>
</size>
<object>
<name>Car</name>
<bndbox>
<xmin>543</xmin>
<ymin>184</ymin>
<xmax>592</xmax>
<ymax>225</ymax>
</bndbox>
</object>
<object>
<name>Car</name>
<bndbox>
<xmin>443</xmin>
<ymin>182</ymin>
<xmax>478</xmax>
<ymax>212</ymax>
</bndbox>
</object>
</annotation>
