<?xml version="1.0" ?>
<annotation>
<folder>KITTI</folder>
<filename>006678.png</filename>
<source>
<database>The KITTI Database</database>
<annotation>KITTI</annotation>
</source>
<size>
<width>1242</width>
<height>375</height>
<depth>3</depth>
</size>
<object>
<name>Car</name>
<bndbox>
<xmin>636</xmin>
<ymin>183</ymin>
<xmax>681</xmax>
<ymax>215</ymax>
</bndbox>
</object>
<object>
<name>Car</name>
<bndbox>
<xmin>359</xmin>
<ymin>178</ymin>
<xmax>490</xmax>
<ymax>226</ymax>
</bndbox>
</object>
<object>
<name>Car</name>
<bndbox>
<xmin>241</xmin>
<ymin>185</ymin>
<xmax>428</xmax>
<ymax>253</ymax>
</bndbox>
</object>
<object>
<name>Car</name>
<bndbox>
<xmin>755</xmin>
<ymin>181</ymin>
<xmax>938</xmax>
<ymax>248</ymax>
</bndbox>
</object>
<object>
<name>Car</name>
<bndbox>
<xmin>166</xmin>
<ymin>185</ymin>
<xmax>393</xmax>
<ymax>262</ymax>
</bndbox>
</object>
<object>
<name>Car</name>
<bndbox>
<xmin>63</xmin>
<ymin>169</ymin>
<xmax>362</xmax>
<ymax>285</ymax>
</bndbox>
</object>
<object>
<name>Car</name>
<bndbox>
<xmin>0</xmin>
<ymin>187</ymin>
<xmax>331</xmax>
<ymax>314</ymax>
</bndbox>
</object>
<object>
<name>Car</name>
<bndbox>
<xmin>0</xmin>
<ymin>194</ymin>
<xmax>267</xmax>
<ymax>364</ymax>
</bndbox>
</object>
<object>
<name>Car</name>
<bndbox>
<xmin>995</xmin>
<ymin>182</ymin>
<xmax>1241</xmax>
<ymax>347</ymax>
</bndbox>
</object>
<object>
<name>Car</name>
<bndbox>
<xmin>1147</xmin>
<ymin>197</ymin>
<xmax>1241</xmax>
<ymax>374</ymax>
</bndbox>
</object>
</annotation>
