<?xml version="1.0" ?>
<annotation>
<folder>KITTI</folder>
<filename>006674.png</filename>
<source>
<database>The KITTI Database</database>
<annotation>KITTI</annotation>
</source>
<size>
<width>1242</width>
<height>375</height>
<depth>3</depth>
</size>
<object>
<name>Car</name>
<bndbox>
<xmin>459</xmin>
<ymin>185</ymin>
<xmax>508</xmax>
<ymax>229</ymax>
</bndbox>
</object>
<object>
<name>Car</name>
<bndbox>
<xmin>475</xmin>
<ymin>183</ymin>
<xmax>521</xmax>
<ymax>218</ymax>
</bndbox>
</object>
<object>
<name>Car</name>
<bndbox>
<xmin>202</xmin>
<ymin>178</ymin>
<xmax>377</xmax>
<ymax>243</ymax>
</bndbox>
</object>
</annotation>
