<?xml version="1.0" ?>
<annotation>
<folder>KITTI</folder>
<filename>006664.png</filename>
<source>
<database>The KITTI Database</database>
<annotation>KITTI</annotation>
</source>
<size>
<width>1238</width>
<height>374</height>
<depth>3</depth>
</size>
<object>
<name>Car</name>
<bndbox>
<xmin>560</xmin>
<ymin>170</ymin>
<xmax>587</xmax>
<ymax>189</ymax>
</bndbox>
</object>
<object>
<name>Car</name>
<bndbox>
<xmin>573</xmin>
<ymin>165</ymin>
<xmax>605</xmax>
<ymax>191</ymax>
</bndbox>
</object>
<object>
<name>Car</name>
<bndbox>
<xmin>491</xmin>
<ymin>172</ymin>
<xmax>580</xmax>
<ymax>212</ymax>
</bndbox>
</object>
<object>
<name>Car</name>
<bndbox>
<xmin>229</xmin>
<ymin>175</ymin>
<xmax>397</xmax>
<ymax>229</ymax>
</bndbox>
</object>
<object>
<name>Car</name>
<bndbox>
<xmin>328</xmin>
<ymin>171</ymin>
<xmax>397</xmax>
<ymax>204</ymax>
</bndbox>
</object>
</annotation>
