<?xml version="1.0" ?>
<annotation>
<folder>KITTI</folder>
<filename>006764.png</filename>
<source>
<database>The KITTI Database</database>
<annotation>KITTI</annotation>
</source>
<size>
<width>1242</width>
<height>375</height>
<depth>3</depth>
</size>
<object>
<name>Car</name>
<bndbox>
<xmin>0</xmin>
<ymin>192</ymin>
<xmax>348</xmax>
<ymax>374</ymax>
</bndbox>
</object>
<object>
<name>Car</name>
<bndbox>
<xmin>827</xmin>
<ymin>182</ymin>
<xmax>1241</xmax>
<ymax>374</ymax>
</bndbox>
</object>
<object>
<name>Car</name>
<bndbox>
<xmin>338</xmin>
<ymin>119</ymin>
<xmax>514</xmax>
<ymax>286</ymax>
</bndbox>
</object>
<object>
<name>Car</name>
<bndbox>
<xmin>683</xmin>
<ymin>181</ymin>
<xmax>766</xmax>
<ymax>244</ymax>
</bndbox>
</object>
<object>
<name>Car</name>
<bndbox>
<xmin>629</xmin>
<ymin>171</ymin>
<xmax>665</xmax>
<ymax>206</ymax>
</bndbox>
</object>
<object>
<name>Car</name>
<bndbox>
<xmin>555</xmin>
<ymin>181</ymin>
<xmax>576</xmax>
<ymax>199</ymax>
</bndbox>
</object>
</annotation>
