<?xml version="1.0" ?>
<annotation>
<folder>KITTI</folder>
<filename>006793.png</filename>
<source>
<database>The KITTI Database</database>
<annotation>KITTI</annotation>
</source>
<size>
<width>1242</width>
<height>375</height>
<depth>3</depth>
</size>
<object>
<name>Car</name>
<bndbox>
<xmin>0</xmin>
<ymin>211</ymin>
<xmax>124</xmax>
<ymax>338</ymax>
</bndbox>
</object>
<object>
<name>Car</name>
<bndbox>
<xmin>489</xmin>
<ymin>179</ymin>
<xmax>543</xmax>
<ymax>200</ymax>
</bndbox>
</object>
</annotation>
