<?xml version="1.0" ?>
<annotation>
<folder>KITTI</folder>
<filename>006832.png</filename>
<source>
<database>The KITTI Database</database>
<annotation>KITTI</annotation>
</source>
<size>
<width>1238</width>
<height>374</height>
<depth>3</depth>
</size>
<object>
<name>Pedestrian</name>
<bndbox>
<xmin>523</xmin>
<ymin>174</ymin>
<xmax>552</xmax>
<ymax>233</ymax>
</bndbox>
</object>
<object>
<name>Car</name>
<bndbox>
<xmin>270</xmin>
<ymin>129</ymin>
<xmax>357</xmax>
<ymax>218</ymax>
</bndbox>
</object>
<object>
<name>Car</name>
<bndbox>
<xmin>351</xmin>
<ymin>123</ymin>
<xmax>515</xmax>
<ymax>213</ymax>
</bndbox>
</object>
<object>
<name>Car</name>
<bndbox>
<xmin>501</xmin>
<ymin>123</ymin>
<xmax>584</xmax>
<ymax>205</ymax>
</bndbox>
</object>
<object>
<name>Car</name>
<bndbox>
<xmin>565</xmin>
<ymin>118</ymin>
<xmax>815</xmax>
<ymax>199</ymax>
</bndbox>
</object>
<object>
<name>Pedestrian</name>
<bndbox>
<xmin>867</xmin>
<ymin>215</ymin>
<xmax>988</xmax>
<ymax>373</ymax>
</bndbox>
</object>
<object>
<name>Pedestrian</name>
<bndbox>
<xmin>928</xmin>
<ymin>208</ymin>
<xmax>1040</xmax>
<ymax>369</ymax>
</bndbox>
</object>
<object>
<name>Pedestrian</name>
<bndbox>
<xmin>810</xmin>
<ymin>214</ymin>
<xmax>912</xmax>
<ymax>342</ymax>
</bndbox>
</object>
<object>
<name>Pedestrian</name>
<bndbox>
<xmin>886</xmin>
<ymin>202</ymin>
<xmax>963</xmax>
<ymax>338</ymax>
</bndbox>
</object>
</annotation>
