<?xml version="1.0" ?>
<annotation>
<folder>KITTI</folder>
<filename>006897.png</filename>
<source>
<database>The KITTI Database</database>
<annotation>KITTI</annotation>
</source>
<size>
<width>1242</width>
<height>375</height>
<depth>3</depth>
</size>
<object>
<name>Car</name>
<bndbox>
<xmin>0</xmin>
<ymin>186</ymin>
<xmax>210</xmax>
<ymax>368</ymax>
</bndbox>
</object>
<object>
<name>Car</name>
<bndbox>
<xmin>78</xmin>
<ymin>159</ymin>
<xmax>363</xmax>
<ymax>283</ymax>
</bndbox>
</object>
<object>
<name>Car</name>
<bndbox>
<xmin>734</xmin>
<ymin>192</ymin>
<xmax>988</xmax>
<ymax>355</ymax>
</bndbox>
</object>
<object>
<name>Car</name>
<bndbox>
<xmin>669</xmin>
<ymin>178</ymin>
<xmax>753</xmax>
<ymax>247</ymax>
</bndbox>
</object>
<object>
<name>Car</name>
<bndbox>
<xmin>194</xmin>
<ymin>185</ymin>
<xmax>400</xmax>
<ymax>267</ymax>
</bndbox>
</object>
<object>
<name>Car</name>
<bndbox>
<xmin>278</xmin>
<ymin>181</ymin>
<xmax>456</xmax>
<ymax>244</ymax>
</bndbox>
</object>
<object>
<name>Car</name>
<bndbox>
<xmin>654</xmin>
<ymin>184</ymin>
<xmax>714</xmax>
<ymax>227</ymax>
</bndbox>
</object>
<object>
<name>Car</name>
<bndbox>
<xmin>643</xmin>
<ymin>179</ymin>
<xmax>682</xmax>
<ymax>215</ymax>
</bndbox>
</object>
<object>
<name>Car</name>
<bndbox>
<xmin>440</xmin>
<ymin>175</ymin>
<xmax>510</xmax>
<ymax>213</ymax>
</bndbox>
</object>
</annotation>
