<?xml version="1.0" ?>
<annotation>
<folder>KITTI</folder>
<filename>006806.png</filename>
<source>
<database>The KITTI Database</database>
<annotation>KITTI</annotation>
</source>
<size>
<width>1242</width>
<height>375</height>
<depth>3</depth>
</size>
<object>
<name>Car</name>
<bndbox>
<xmin>337</xmin>
<ymin>192</ymin>
<xmax>468</xmax>
<ymax>282</ymax>
</bndbox>
</object>
<object>
<name>Car</name>
<bndbox>
<xmin>421</xmin>
<ymin>168</ymin>
<xmax>510</xmax>
<ymax>244</ymax>
</bndbox>
</object>
<object>
<name>Car</name>
<bndbox>
<xmin>519</xmin>
<ymin>177</ymin>
<xmax>559</xmax>
<ymax>207</ymax>
</bndbox>
</object>
</annotation>
