<?xml version="1.0" ?>
<annotation>
<folder>KITTI</folder>
<filename>006850.png</filename>
<source>
<database>The KITTI Database</database>
<annotation>KITTI</annotation>
</source>
<size>
<width>1242</width>
<height>375</height>
<depth>3</depth>
</size>
<object>
<name>Car</name>
<bndbox>
<xmin>749</xmin>
<ymin>165</ymin>
<xmax>1060</xmax>
<ymax>334</ymax>
</bndbox>
</object>
<object>
<name>Car</name>
<bndbox>
<xmin>1007</xmin>
<ymin>169</ymin>
<xmax>1241</xmax>
<ymax>302</ymax>
</bndbox>
</object>
</annotation>
