<?xml version="1.0" ?>
<annotation>
<folder>KITTI</folder>
<filename>006847.png</filename>
<source>
<database>The KITTI Database</database>
<annotation>KITTI</annotation>
</source>
<size>
<width>1238</width>
<height>374</height>
<depth>3</depth>
</size>
<object>
<name>Pedestrian</name>
<bndbox>
<xmin>660</xmin>
<ymin>169</ymin>
<xmax>678</xmax>
<ymax>207</ymax>
</bndbox>
</object>
<object>
<name>Car</name>
<bndbox>
<xmin>422</xmin>
<ymin>134</ymin>
<xmax>638</xmax>
<ymax>200</ymax>
</bndbox>
</object>
<object>
<name>Pedestrian</name>
<bndbox>
<xmin>0</xmin>
<ymin>246</ymin>
<xmax>217</xmax>
<ymax>373</ymax>
</bndbox>
</object>
<object>
<name>Pedestrian</name>
<bndbox>
<xmin>32</xmin>
<ymin>234</ymin>
<xmax>220</xmax>
<ymax>373</ymax>
</bndbox>
</object>
<object>
<name>Pedestrian</name>
<bndbox>
<xmin>163</xmin>
<ymin>220</ymin>
<xmax>294</xmax>
<ymax>373</ymax>
</bndbox>
</object>
<object>
<name>Pedestrian</name>
<bndbox>
<xmin>244</xmin>
<ymin>210</ymin>
<xmax>346</xmax>
<ymax>373</ymax>
</bndbox>
</object>
<object>
<name>Pedestrian</name>
<bndbox>
<xmin>783</xmin>
<ymin>192</ymin>
<xmax>848</xmax>
<ymax>269</ymax>
</bndbox>
</object>
</annotation>
