<?xml version="1.0" ?>
<annotation>
<folder>KITTI</folder>
<filename>006841.png</filename>
<source>
<database>The KITTI Database</database>
<annotation>KITTI</annotation>
</source>
<size>
<width>1242</width>
<height>375</height>
<depth>3</depth>
</size>
<object>
<name>Car</name>
<bndbox>
<xmin>592</xmin>
<ymin>174</ymin>
<xmax>626</xmax>
<ymax>206</ymax>
</bndbox>
</object>
<object>
<name>Car</name>
<bndbox>
<xmin>705</xmin>
<ymin>163</ymin>
<xmax>778</xmax>
<ymax>194</ymax>
</bndbox>
</object>
<object>
<name>Car</name>
<bndbox>
<xmin>451</xmin>
<ymin>157</ymin>
<xmax>494</xmax>
<ymax>196</ymax>
</bndbox>
</object>
</annotation>
