<?xml version="1.0" ?>
<annotation>
<folder>KITTI</folder>
<filename>006949.png</filename>
<source>
<database>The KITTI Database</database>
<annotation>KITTI</annotation>
</source>
<size>
<width>1242</width>
<height>375</height>
<depth>3</depth>
</size>
<object>
<name>Car</name>
<bndbox>
<xmin>778</xmin>
<ymin>176</ymin>
<xmax>868</xmax>
<ymax>224</ymax>
</bndbox>
</object>
<object>
<name>Car</name>
<bndbox>
<xmin>62</xmin>
<ymin>140</ymin>
<xmax>298</xmax>
<ymax>212</ymax>
</bndbox>
</object>
</annotation>
