<?xml version="1.0" ?>
<annotation>
<folder>KITTI</folder>
<filename>006939.png</filename>
<source>
<database>The KITTI Database</database>
<annotation>KITTI</annotation>
</source>
<size>
<width>1242</width>
<height>375</height>
<depth>3</depth>
</size>
<object>
<name>Car</name>
<bndbox>
<xmin>633</xmin>
<ymin>175</ymin>
<xmax>658</xmax>
<ymax>196</ymax>
</bndbox>
</object>
<object>
<name>Car</name>
<bndbox>
<xmin>675</xmin>
<ymin>181</ymin>
<xmax>745</xmax>
<ymax>232</ymax>
</bndbox>
</object>
<object>
<name>Car</name>
<bndbox>
<xmin>791</xmin>
<ymin>183</ymin>
<xmax>1079</xmax>
<ymax>346</ymax>
</bndbox>
</object>
<object>
<name>Car</name>
<bndbox>
<xmin>739</xmin>
<ymin>176</ymin>
<xmax>800</xmax>
<ymax>210</ymax>
</bndbox>
</object>
<object>
<name>Car</name>
<bndbox>
<xmin>885</xmin>
<ymin>0</ymin>
<xmax>1241</xmax>
<ymax>322</ymax>
</bndbox>
</object>
</annotation>
