<?xml version="1.0" ?>
<annotation>
<folder>KITTI</folder>
<filename>006938.png</filename>
<source>
<database>The KITTI Database</database>
<annotation>KITTI</annotation>
</source>
<size>
<width>1242</width>
<height>375</height>
<depth>3</depth>
</size>
<object>
<name>Car</name>
<bndbox>
<xmin>730</xmin>
<ymin>189</ymin>
<xmax>912</xmax>
<ymax>306</ymax>
</bndbox>
</object>
<object>
<name>Car</name>
<bndbox>
<xmin>655</xmin>
<ymin>170</ymin>
<xmax>715</xmax>
<ymax>226</ymax>
</bndbox>
</object>
</annotation>
