<?xml version="1.0" ?>
<annotation>
<folder>KITTI</folder>
<filename>006990.png</filename>
<source>
<database>The KITTI Database</database>
<annotation>KITTI</annotation>
</source>
<size>
<width>1242</width>
<height>375</height>
<depth>3</depth>
</size>
<object>
<name>Car</name>
<bndbox>
<xmin>202</xmin>
<ymin>188</ymin>
<xmax>469</xmax>
<ymax>340</ymax>
</bndbox>
</object>
<object>
<name>Car</name>
<bndbox>
<xmin>772</xmin>
<ymin>0</ymin>
<xmax>1206</xmax>
<ymax>374</ymax>
</bndbox>
</object>
<object>
<name>Car</name>
<bndbox>
<xmin>652</xmin>
<ymin>165</ymin>
<xmax>724</xmax>
<ymax>218</ymax>
</bndbox>
</object>
<object>
<name>Car</name>
<bndbox>
<xmin>427</xmin>
<ymin>171</ymin>
<xmax>521</xmax>
<ymax>238</ymax>
</bndbox>
</object>
<object>
<name>Car</name>
<bndbox>
<xmin>710</xmin>
<ymin>163</ymin>
<xmax>906</xmax>
<ymax>304</ymax>
</bndbox>
</object>
<object>
<name>Car</name>
<bndbox>
<xmin>627</xmin>
<ymin>166</ymin>
<xmax>659</xmax>
<ymax>192</ymax>
</bndbox>
</object>
<object>
<name>Car</name>
<bndbox>
<xmin>668</xmin>
<ymin>148</ymin>
<xmax>705</xmax>
<ymax>175</ymax>
</bndbox>
</object>
</annotation>
