<?xml version="1.0" ?>
<annotation>
<folder>KITTI</folder>
<filename>006982.png</filename>
<source>
<database>The KITTI Database</database>
<annotation>KITTI</annotation>
</source>
<size>
<width>1242</width>
<height>375</height>
<depth>3</depth>
</size>
<object>
<name>Car</name>
<bndbox>
<xmin>0</xmin>
<ymin>154</ymin>
<xmax>47</xmax>
<ymax>345</ymax>
</bndbox>
</object>
<object>
<name>Car</name>
<bndbox>
<xmin>226</xmin>
<ymin>188</ymin>
<xmax>294</xmax>
<ymax>236</ymax>
</bndbox>
</object>
<object>
<name>Car</name>
<bndbox>
<xmin>196</xmin>
<ymin>189</ymin>
<xmax>259</xmax>
<ymax>231</ymax>
</bndbox>
</object>
<object>
<name>Car</name>
<bndbox>
<xmin>9</xmin>
<ymin>161</ymin>
<xmax>73</xmax>
<ymax>224</ymax>
</bndbox>
</object>
<object>
<name>Car</name>
<bndbox>
<xmin>173</xmin>
<ymin>189</ymin>
<xmax>209</xmax>
<ymax>218</ymax>
</bndbox>
</object>
<object>
<name>Car</name>
<bndbox>
<xmin>257</xmin>
<ymin>187</ymin>
<xmax>355</xmax>
<ymax>251</ymax>
</bndbox>
</object>
</annotation>
