<?xml version="1.0" ?>
<annotation>
<folder>KITTI</folder>
<filename>006992.png</filename>
<source>
<database>The KITTI Database</database>
<annotation>KITTI</annotation>
</source>
<size>
<width>1242</width>
<height>375</height>
<depth>3</depth>
</size>
<object>
<name>Car</name>
<bndbox>
<xmin>0</xmin>
<ymin>180</ymin>
<xmax>130</xmax>
<ymax>374</ymax>
</bndbox>
</object>
<object>
<name>Car</name>
<bndbox>
<xmin>728</xmin>
<ymin>191</ymin>
<xmax>897</xmax>
<ymax>302</ymax>
</bndbox>
</object>
<object>
<name>Car</name>
<bndbox>
<xmin>0</xmin>
<ymin>180</ymin>
<xmax>297</xmax>
<ymax>318</ymax>
</bndbox>
</object>
<object>
<name>Car</name>
<bndbox>
<xmin>80</xmin>
<ymin>169</ymin>
<xmax>348</xmax>
<ymax>292</ymax>
</bndbox>
</object>
<object>
<name>Car</name>
<bndbox>
<xmin>224</xmin>
<ymin>171</ymin>
<xmax>405</xmax>
<ymax>252</ymax>
</bndbox>
</object>
<object>
<name>Car</name>
<bndbox>
<xmin>774</xmin>
<ymin>189</ymin>
<xmax>950</xmax>
<ymax>246</ymax>
</bndbox>
</object>
<object>
<name>Car</name>
<bndbox>
<xmin>705</xmin>
<ymin>171</ymin>
<xmax>825</xmax>
<ymax>217</ymax>
</bndbox>
</object>
<object>
<name>Car</name>
<bndbox>
<xmin>342</xmin>
<ymin>152</ymin>
<xmax>474</xmax>
<ymax>220</ymax>
</bndbox>
</object>
<object>
<name>Car</name>
<bndbox>
<xmin>633</xmin>
<ymin>155</ymin>
<xmax>679</xmax>
<ymax>202</ymax>
</bndbox>
</object>
<object>
<name>Car</name>
<bndbox>
<xmin>415</xmin>
<ymin>173</ymin>
<xmax>512</xmax>
<ymax>206</ymax>
</bndbox>
</object>
<object>
<name>Car</name>
<bndbox>
<xmin>448</xmin>
<ymin>168</ymin>
<xmax>531</xmax>
<ymax>202</ymax>
</bndbox>
</object>
<object>
<name>Car</name>
<bndbox>
<xmin>622</xmin>
<ymin>157</ymin>
<xmax>652</xmax>
<ymax>193</ymax>
</bndbox>
</object>
<object>
<name>Car</name>
<bndbox>
<xmin>510</xmin>
<ymin>162</ymin>
<xmax>566</xmax>
<ymax>189</ymax>
</bndbox>
</object>
</annotation>
