<?xml version="1.0" ?>
<annotation>
<folder>KITTI</folder>
<filename>006923.png</filename>
<source>
<database>The KITTI Database</database>
<annotation>KITTI</annotation>
</source>
<size>
<width>1242</width>
<height>375</height>
<depth>3</depth>
</size>
<object>
<name>Car</name>
<bndbox>
<xmin>4</xmin>
<ymin>185</ymin>
<xmax>124</xmax>
<ymax>229</ymax>
</bndbox>
</object>
<object>
<name>Car</name>
<bndbox>
<xmin>125</xmin>
<ymin>185</ymin>
<xmax>211</xmax>
<ymax>222</ymax>
</bndbox>
</object>
<object>
<name>Car</name>
<bndbox>
<xmin>454</xmin>
<ymin>185</ymin>
<xmax>526</xmax>
<ymax>235</ymax>
</bndbox>
</object>
<object>
<name>Car</name>
<bndbox>
<xmin>545</xmin>
<ymin>179</ymin>
<xmax>570</xmax>
<ymax>199</ymax>
</bndbox>
</object>
<object>
<name>Car</name>
<bndbox>
<xmin>585</xmin>
<ymin>178</ymin>
<xmax>632</xmax>
<ymax>225</ymax>
</bndbox>
</object>
<object>
<name>Cyclist</name>
<bndbox>
<xmin>1050</xmin>
<ymin>190</ymin>
<xmax>1110</xmax>
<ymax>262</ymax>
</bndbox>
</object>
</annotation>
