<?xml version="1.0" ?>
<annotation>
<folder>KITTI</folder>
<filename>006912.png</filename>
<source>
<database>The KITTI Database</database>
<annotation>KITTI</annotation>
</source>
<size>
<width>1242</width>
<height>375</height>
<depth>3</depth>
</size>
<object>
<name>Car</name>
<bndbox>
<xmin>0</xmin>
<ymin>195</ymin>
<xmax>324</xmax>
<ymax>374</ymax>
</bndbox>
</object>
<object>
<name>Cyclist</name>
<bndbox>
<xmin>872</xmin>
<ymin>121</ymin>
<xmax>1014</xmax>
<ymax>343</ymax>
</bndbox>
</object>
<object>
<name>Car</name>
<bndbox>
<xmin>541</xmin>
<ymin>176</ymin>
<xmax>560</xmax>
<ymax>192</ymax>
</bndbox>
</object>
</annotation>
