<?xml version="1.0" ?>
<annotation>
<folder>KITTI</folder>
<filename>007008.png</filename>
<source>
<database>The KITTI Database</database>
<annotation>KITTI</annotation>
</source>
<size>
<width>1241</width>
<height>376</height>
<depth>3</depth>
</size>
<object>
<name>Car</name>
<bndbox>
<xmin>477</xmin>
<ymin>162</ymin>
<xmax>527</xmax>
<ymax>195</ymax>
</bndbox>
</object>
<object>
<name>Car</name>
<bndbox>
<xmin>395</xmin>
<ymin>167</ymin>
<xmax>437</xmax>
<ymax>192</ymax>
</bndbox>
</object>
<object>
<name>Car</name>
<bndbox>
<xmin>340</xmin>
<ymin>161</ymin>
<xmax>370</xmax>
<ymax>179</ymax>
</bndbox>
</object>
</annotation>
