<?xml version="1.0" ?>
<annotation>
<folder>KITTI</folder>
<filename>007078.png</filename>
<source>
<database>The KITTI Database</database>
<annotation>KITTI</annotation>
</source>
<size>
<width>1242</width>
<height>375</height>
<depth>3</depth>
</size>
<object>
<name>Car</name>
<bndbox>
<xmin>638</xmin>
<ymin>147</ymin>
<xmax>699</xmax>
<ymax>211</ymax>
</bndbox>
</object>
<object>
<name>Car</name>
<bndbox>
<xmin>179</xmin>
<ymin>191</ymin>
<xmax>287</xmax>
<ymax>239</ymax>
</bndbox>
</object>
</annotation>
