<?xml version="1.0" ?>
<annotation>
<folder>KITTI</folder>
<filename>007029.png</filename>
<source>
<database>The KITTI Database</database>
<annotation>KITTI</annotation>
</source>
<size>
<width>1242</width>
<height>375</height>
<depth>3</depth>
</size>
<object>
<name>Car</name>
<bndbox>
<xmin>575</xmin>
<ymin>180</ymin>
<xmax>621</xmax>
<ymax>225</ymax>
</bndbox>
</object>
<object>
<name>Car</name>
<bndbox>
<xmin>38</xmin>
<ymin>191</ymin>
<xmax>275</xmax>
<ymax>284</ymax>
</bndbox>
</object>
<object>
<name>Car</name>
<bndbox>
<xmin>321</xmin>
<ymin>186</ymin>
<xmax>408</xmax>
<ymax>235</ymax>
</bndbox>
</object>
<object>
<name>Car</name>
<bndbox>
<xmin>399</xmin>
<ymin>183</ymin>
<xmax>455</xmax>
<ymax>220</ymax>
</bndbox>
</object>
<object>
<name>Car</name>
<bndbox>
<xmin>446</xmin>
<ymin>182</ymin>
<xmax>483</xmax>
<ymax>210</ymax>
</bndbox>
</object>
<object>
<name>Car</name>
<bndbox>
<xmin>468</xmin>
<ymin>184</ymin>
<xmax>501</xmax>
<ymax>204</ymax>
</bndbox>
</object>
</annotation>
