<?xml version="1.0" ?>
<annotation>
<folder>KITTI</folder>
<filename>007000.png</filename>
<source>
<database>The KITTI Database</database>
<annotation>KITTI</annotation>
</source>
<size>
<width>1242</width>
<height>375</height>
<depth>3</depth>
</size>
<object>
<name>Car</name>
<bndbox>
<xmin>0</xmin>
<ymin>220</ymin>
<xmax>292</xmax>
<ymax>374</ymax>
</bndbox>
</object>
<object>
<name>Car</name>
<bndbox>
<xmin>730</xmin>
<ymin>184</ymin>
<xmax>929</xmax>
<ymax>322</ymax>
</bndbox>
</object>
<object>
<name>Car</name>
<bndbox>
<xmin>308</xmin>
<ymin>181</ymin>
<xmax>458</xmax>
<ymax>279</ymax>
</bndbox>
</object>
<object>
<name>Car</name>
<bndbox>
<xmin>456</xmin>
<ymin>182</ymin>
<xmax>514</xmax>
<ymax>227</ymax>
</bndbox>
</object>
<object>
<name>Cyclist</name>
<bndbox>
<xmin>561</xmin>
<ymin>175</ymin>
<xmax>572</xmax>
<ymax>202</ymax>
</bndbox>
</object>
<object>
<name>Cyclist</name>
<bndbox>
<xmin>573</xmin>
<ymin>175</ymin>
<xmax>584</xmax>
<ymax>201</ymax>
</bndbox>
</object>
<object>
<name>Car</name>
<bndbox>
<xmin>505</xmin>
<ymin>183</ymin>
<xmax>541</xmax>
<ymax>208</ymax>
</bndbox>
</object>
<object>
<name>Car</name>
<bndbox>
<xmin>634</xmin>
<ymin>177</ymin>
<xmax>655</xmax>
<ymax>194</ymax>
</bndbox>
</object>
<object>
<name>Car</name>
<bndbox>
<xmin>658</xmin>
<ymin>174</ymin>
<xmax>719</xmax>
<ymax>224</ymax>
</bndbox>
</object>
</annotation>
