<?xml version="1.0" ?>
<annotation>
<folder>KITTI</folder>
<filename>007094.png</filename>
<source>
<database>The KITTI Database</database>
<annotation>KITTI</annotation>
</source>
<size>
<width>1242</width>
<height>375</height>
<depth>3</depth>
</size>
<object>
<name>Pedestrian</name>
<bndbox>
<xmin>1191</xmin>
<ymin>135</ymin>
<xmax>1241</xmax>
<ymax>374</ymax>
</bndbox>
</object>
<object>
<name>Pedestrian</name>
<bndbox>
<xmin>1047</xmin>
<ymin>188</ymin>
<xmax>1241</xmax>
<ymax>374</ymax>
</bndbox>
</object>
<object>
<name>Pedestrian</name>
<bndbox>
<xmin>577</xmin>
<ymin>178</ymin>
<xmax>595</xmax>
<ymax>225</ymax>
</bndbox>
</object>
<object>
<name>Pedestrian</name>
<bndbox>
<xmin>549</xmin>
<ymin>173</ymin>
<xmax>573</xmax>
<ymax>232</ymax>
</bndbox>
</object>
<object>
<name>Pedestrian</name>
<bndbox>
<xmin>735</xmin>
<ymin>169</ymin>
<xmax>752</xmax>
<ymax>218</ymax>
</bndbox>
</object>
<object>
<name>Pedestrian</name>
<bndbox>
<xmin>753</xmin>
<ymin>169</ymin>
<xmax>771</xmax>
<ymax>215</ymax>
</bndbox>
</object>
<object>
<name>Pedestrian</name>
<bndbox>
<xmin>1057</xmin>
<ymin>159</ymin>
<xmax>1123</xmax>
<ymax>265</ymax>
</bndbox>
</object>
<object>
<name>Pedestrian</name>
<bndbox>
<xmin>1032</xmin>
<ymin>166</ymin>
<xmax>1087</xmax>
<ymax>258</ymax>
</bndbox>
</object>
</annotation>
