<?xml version="1.0" ?>
<annotation>
<folder>KITTI</folder>
<filename>007057.png</filename>
<source>
<database>The KITTI Database</database>
<annotation>KITTI</annotation>
</source>
<size>
<width>1242</width>
<height>375</height>
<depth>3</depth>
</size>
<object>
<name>Car</name>
<bndbox>
<xmin>217</xmin>
<ymin>181</ymin>
<xmax>285</xmax>
<ymax>211</ymax>
</bndbox>
</object>
<object>
<name>Car</name>
<bndbox>
<xmin>158</xmin>
<ymin>178</ymin>
<xmax>234</xmax>
<ymax>210</ymax>
</bndbox>
</object>
<object>
<name>Car</name>
<bndbox>
<xmin>35</xmin>
<ymin>182</ymin>
<xmax>150</xmax>
<ymax>228</ymax>
</bndbox>
</object>
</annotation>
