<?xml version="1.0" ?>
<annotation>
<folder>KITTI</folder>
<filename>007032.png</filename>
<source>
<database>The KITTI Database</database>
<annotation>KITTI</annotation>
</source>
<size>
<width>1242</width>
<height>375</height>
<depth>3</depth>
</size>
<object>
<name>Car</name>
<bndbox>
<xmin>833</xmin>
<ymin>54</ymin>
<xmax>1241</xmax>
<ymax>374</ymax>
</bndbox>
</object>
<object>
<name>Car</name>
<bndbox>
<xmin>730</xmin>
<ymin>159</ymin>
<xmax>878</xmax>
<ymax>274</ymax>
</bndbox>
</object>
<object>
<name>Car</name>
<bndbox>
<xmin>671</xmin>
<ymin>172</ymin>
<xmax>726</xmax>
<ymax>218</ymax>
</bndbox>
</object>
<object>
<name>Car</name>
<bndbox>
<xmin>521</xmin>
<ymin>184</ymin>
<xmax>563</xmax>
<ymax>218</ymax>
</bndbox>
</object>
<object>
<name>Car</name>
<bndbox>
<xmin>574</xmin>
<ymin>176</ymin>
<xmax>611</xmax>
<ymax>204</ymax>
</bndbox>
</object>
</annotation>
