<?xml version="1.0" ?>
<annotation>
<folder>KITTI</folder>
<filename>007089.png</filename>
<source>
<database>The KITTI Database</database>
<annotation>KITTI</annotation>
</source>
<size>
<width>1242</width>
<height>375</height>
<depth>3</depth>
</size>
<object>
<name>Car</name>
<bndbox>
<xmin>489</xmin>
<ymin>189</ymin>
<xmax>551</xmax>
<ymax>240</ymax>
</bndbox>
</object>
<object>
<name>Car</name>
<bndbox>
<xmin>661</xmin>
<ymin>183</ymin>
<xmax>716</xmax>
<ymax>226</ymax>
</bndbox>
</object>
<object>
<name>Car</name>
<bndbox>
<xmin>548</xmin>
<ymin>184</ymin>
<xmax>580</xmax>
<ymax>212</ymax>
</bndbox>
</object>
</annotation>
