<?xml version="1.0" ?>
<annotation>
<folder>KITTI</folder>
<filename>007104.png</filename>
<source>
<database>The KITTI Database</database>
<annotation>KITTI</annotation>
</source>
<size>
<width>1242</width>
<height>375</height>
<depth>3</depth>
</size>
<object>
<name>Car</name>
<bndbox>
<xmin>229</xmin>
<ymin>192</ymin>
<xmax>466</xmax>
<ymax>265</ymax>
</bndbox>
</object>
<object>
<name>Car</name>
<bndbox>
<xmin>755</xmin>
<ymin>174</ymin>
<xmax>1088</xmax>
<ymax>285</ymax>
</bndbox>
</object>
<object>
<name>Car</name>
<bndbox>
<xmin>716</xmin>
<ymin>163</ymin>
<xmax>967</xmax>
<ymax>259</ymax>
</bndbox>
</object>
<object>
<name>Car</name>
<bndbox>
<xmin>376</xmin>
<ymin>185</ymin>
<xmax>509</xmax>
<ymax>228</ymax>
</bndbox>
</object>
<object>
<name>Car</name>
<bndbox>
<xmin>422</xmin>
<ymin>184</ymin>
<xmax>528</xmax>
<ymax>219</ymax>
</bndbox>
</object>
</annotation>
