<?xml version="1.0" ?>
<annotation>
<folder>KITTI</folder>
<filename>007132.png</filename>
<source>
<database>The KITTI Database</database>
<annotation>KITTI</annotation>
</source>
<size>
<width>1242</width>
<height>375</height>
<depth>3</depth>
</size>
<object>
<name>Car</name>
<bndbox>
<xmin>0</xmin>
<ymin>259</ymin>
<xmax>114</xmax>
<ymax>374</ymax>
</bndbox>
</object>
<object>
<name>Car</name>
<bndbox>
<xmin>0</xmin>
<ymin>208</ymin>
<xmax>349</xmax>
<ymax>374</ymax>
</bndbox>
</object>
<object>
<name>Car</name>
<bndbox>
<xmin>279</xmin>
<ymin>199</ymin>
<xmax>457</xmax>
<ymax>309</ymax>
</bndbox>
</object>
<object>
<name>Car</name>
<bndbox>
<xmin>785</xmin>
<ymin>184</ymin>
<xmax>1225</xmax>
<ymax>374</ymax>
</bndbox>
</object>
<object>
<name>Car</name>
<bndbox>
<xmin>728</xmin>
<ymin>180</ymin>
<xmax>874</xmax>
<ymax>282</ymax>
</bndbox>
</object>
<object>
<name>Car</name>
<bndbox>
<xmin>988</xmin>
<ymin>143</ymin>
<xmax>1181</xmax>
<ymax>223</ymax>
</bndbox>
</object>
<object>
<name>Car</name>
<bndbox>
<xmin>643</xmin>
<ymin>178</ymin>
<xmax>692</xmax>
<ymax>213</ymax>
</bndbox>
</object>
<object>
<name>Car</name>
<bndbox>
<xmin>588</xmin>
<ymin>184</ymin>
<xmax>627</xmax>
<ymax>205</ymax>
</bndbox>
</object>
<object>
<name>Car</name>
<bndbox>
<xmin>550</xmin>
<ymin>181</ymin>
<xmax>593</xmax>
<ymax>199</ymax>
</bndbox>
</object>
<object>
<name>Cyclist</name>
<bndbox>
<xmin>489</xmin>
<ymin>180</ymin>
<xmax>503</xmax>
<ymax>204</ymax>
</bndbox>
</object>
</annotation>
