<?xml version="1.0" ?>
<annotation>
<folder>KITTI</folder>
<filename>007131.png</filename>
<source>
<database>The KITTI Database</database>
<annotation>KITTI</annotation>
</source>
<size>
<width>1242</width>
<height>375</height>
<depth>3</depth>
</size>
<object>
<name>Car</name>
<bndbox>
<xmin>765</xmin>
<ymin>179</ymin>
<xmax>1037</xmax>
<ymax>365</ymax>
</bndbox>
</object>
<object>
<name>Car</name>
<bndbox>
<xmin>398</xmin>
<ymin>186</ymin>
<xmax>528</xmax>
<ymax>271</ymax>
</bndbox>
</object>
<object>
<name>Car</name>
<bndbox>
<xmin>701</xmin>
<ymin>187</ymin>
<xmax>819</xmax>
<ymax>269</ymax>
</bndbox>
</object>
<object>
<name>Car</name>
<bndbox>
<xmin>461</xmin>
<ymin>180</ymin>
<xmax>542</xmax>
<ymax>239</ymax>
</bndbox>
</object>
<object>
<name>Car</name>
<bndbox>
<xmin>674</xmin>
<ymin>183</ymin>
<xmax>754</xmax>
<ymax>241</ymax>
</bndbox>
</object>
<object>
<name>Car</name>
<bndbox>
<xmin>520</xmin>
<ymin>180</ymin>
<xmax>563</xmax>
<ymax>218</ymax>
</bndbox>
</object>
<object>
<name>Car</name>
<bndbox>
<xmin>664</xmin>
<ymin>180</ymin>
<xmax>704</xmax>
<ymax>211</ymax>
</bndbox>
</object>
<object>
<name>Car</name>
<bndbox>
<xmin>653</xmin>
<ymin>178</ymin>
<xmax>676</xmax>
<ymax>198</ymax>
</bndbox>
</object>
<object>
<name>Car</name>
<bndbox>
<xmin>646</xmin>
<ymin>168</ymin>
<xmax>669</xmax>
<ymax>195</ymax>
</bndbox>
</object>
</annotation>
