<?xml version="1.0" ?>
<annotation>
<folder>KITTI</folder>
<filename>007195.png</filename>
<source>
<database>The KITTI Database</database>
<annotation>KITTI</annotation>
</source>
<size>
<width>1242</width>
<height>375</height>
<depth>3</depth>
</size>
<object>
<name>Car</name>
<bndbox>
<xmin>0</xmin>
<ymin>193</ymin>
<xmax>397</xmax>
<ymax>374</ymax>
</bndbox>
</object>
<object>
<name>Car</name>
<bndbox>
<xmin>362</xmin>
<ymin>189</ymin>
<xmax>502</xmax>
<ymax>295</ymax>
</bndbox>
</object>
<object>
<name>Car</name>
<bndbox>
<xmin>455</xmin>
<ymin>150</ymin>
<xmax>546</xmax>
<ymax>240</ymax>
</bndbox>
</object>
<object>
<name>Car</name>
<bndbox>
<xmin>0</xmin>
<ymin>210</ymin>
<xmax>201</xmax>
<ymax>374</ymax>
</bndbox>
</object>
<object>
<name>Car</name>
<bndbox>
<xmin>723</xmin>
<ymin>163</ymin>
<xmax>1051</xmax>
<ymax>288</ymax>
</bndbox>
</object>
<object>
<name>Car</name>
<bndbox>
<xmin>686</xmin>
<ymin>176</ymin>
<xmax>901</xmax>
<ymax>250</ymax>
</bndbox>
</object>
<object>
<name>Car</name>
<bndbox>
<xmin>271</xmin>
<ymin>197</ymin>
<xmax>402</xmax>
<ymax>282</ymax>
</bndbox>
</object>
<object>
<name>Car</name>
<bndbox>
<xmin>638</xmin>
<ymin>168</ymin>
<xmax>766</xmax>
<ymax>221</ymax>
</bndbox>
</object>
<object>
<name>Car</name>
<bndbox>
<xmin>519</xmin>
<ymin>167</ymin>
<xmax>572</xmax>
<ymax>215</ymax>
</bndbox>
</object>
<object>
<name>Car</name>
<bndbox>
<xmin>627</xmin>
<ymin>178</ymin>
<xmax>660</xmax>
<ymax>206</ymax>
</bndbox>
</object>
</annotation>
