<?xml version="1.0" ?>
<annotation>
<folder>KITTI</folder>
<filename>007122.png</filename>
<source>
<database>The KITTI Database</database>
<annotation>KITTI</annotation>
</source>
<size>
<width>1242</width>
<height>375</height>
<depth>3</depth>
</size>
<object>
<name>Car</name>
<bndbox>
<xmin>191</xmin>
<ymin>171</ymin>
<xmax>309</xmax>
<ymax>207</ymax>
</bndbox>
</object>
<object>
<name>Car</name>
<bndbox>
<xmin>173</xmin>
<ymin>157</ymin>
<xmax>244</xmax>
<ymax>198</ymax>
</bndbox>
</object>
<object>
<name>Car</name>
<bndbox>
<xmin>696</xmin>
<ymin>168</ymin>
<xmax>767</xmax>
<ymax>195</ymax>
</bndbox>
</object>
<object>
<name>Pedestrian</name>
<bndbox>
<xmin>854</xmin>
<ymin>163</ymin>
<xmax>866</xmax>
<ymax>189</ymax>
</bndbox>
</object>
<object>
<name>Car</name>
<bndbox>
<xmin>787</xmin>
<ymin>158</ymin>
<xmax>827</xmax>
<ymax>189</ymax>
</bndbox>
</object>
<object>
<name>Car</name>
<bndbox>
<xmin>817</xmin>
<ymin>163</ymin>
<xmax>856</xmax>
<ymax>186</ymax>
</bndbox>
</object>
</annotation>
