<?xml version="1.0" ?>
<annotation>
<folder>KITTI</folder>
<filename>007181.png</filename>
<source>
<database>The KITTI Database</database>
<annotation>KITTI</annotation>
</source>
<size>
<width>1242</width>
<height>375</height>
<depth>3</depth>
</size>
<object>
<name>Car</name>
<bndbox>
<xmin>218</xmin>
<ymin>185</ymin>
<xmax>342</xmax>
<ymax>264</ymax>
</bndbox>
</object>
<object>
<name>Car</name>
<bndbox>
<xmin>397</xmin>
<ymin>180</ymin>
<xmax>440</xmax>
<ymax>203</ymax>
</bndbox>
</object>
</annotation>
