<?xml version="1.0" ?>
<annotation>
<folder>KITTI</folder>
<filename>007199.png</filename>
<source>
<database>The KITTI Database</database>
<annotation>KITTI</annotation>
</source>
<size>
<width>1242</width>
<height>375</height>
<depth>3</depth>
</size>
<object>
<name>Pedestrian</name>
<bndbox>
<xmin>998</xmin>
<ymin>161</ymin>
<xmax>1044</xmax>
<ymax>291</ymax>
</bndbox>
</object>
<object>
<name>Cyclist</name>
<bndbox>
<xmin>682</xmin>
<ymin>172</ymin>
<xmax>698</xmax>
<ymax>206</ymax>
</bndbox>
</object>
</annotation>
