<?xml version="1.0" ?>
<annotation>
<folder>KITTI</folder>
<filename>007189.png</filename>
<source>
<database>The KITTI Database</database>
<annotation>KITTI</annotation>
</source>
<size>
<width>1242</width>
<height>375</height>
<depth>3</depth>
</size>
<object>
<name>Pedestrian</name>
<bndbox>
<xmin>0</xmin>
<ymin>176</ymin>
<xmax>155</xmax>
<ymax>374</ymax>
</bndbox>
</object>
<object>
<name>Pedestrian</name>
<bndbox>
<xmin>412</xmin>
<ymin>179</ymin>
<xmax>442</xmax>
<ymax>267</ymax>
</bndbox>
</object>
<object>
<name>Pedestrian</name>
<bndbox>
<xmin>383</xmin>
<ymin>172</ymin>
<xmax>415</xmax>
<ymax>265</ymax>
</bndbox>
</object>
<object>
<name>Pedestrian</name>
<bndbox>
<xmin>672</xmin>
<ymin>173</ymin>
<xmax>695</xmax>
<ymax>245</ymax>
</bndbox>
</object>
<object>
<name>Pedestrian</name>
<bndbox>
<xmin>1173</xmin>
<ymin>170</ymin>
<xmax>1241</xmax>
<ymax>311</ymax>
</bndbox>
</object>
</annotation>
