<?xml version="1.0" ?>
<annotation>
<folder>KITTI</folder>
<filename>007242.png</filename>
<source>
<database>The KITTI Database</database>
<annotation>KITTI</annotation>
</source>
<size>
<width>1242</width>
<height>375</height>
<depth>3</depth>
</size>
<object>
<name>Car</name>
<bndbox>
<xmin>432</xmin>
<ymin>186</ymin>
<xmax>518</xmax>
<ymax>239</ymax>
</bndbox>
</object>
<object>
<name>Car</name>
<bndbox>
<xmin>0</xmin>
<ymin>196</ymin>
<xmax>227</xmax>
<ymax>374</ymax>
</bndbox>
</object>
<object>
<name>Car</name>
<bndbox>
<xmin>292</xmin>
<ymin>192</ymin>
<xmax>404</xmax>
<ymax>254</ymax>
</bndbox>
</object>
<object>
<name>Car</name>
<bndbox>
<xmin>629</xmin>
<ymin>177</ymin>
<xmax>663</xmax>
<ymax>206</ymax>
</bndbox>
</object>
<object>
<name>Car</name>
<bndbox>
<xmin>719</xmin>
<ymin>166</ymin>
<xmax>826</xmax>
<ymax>199</ymax>
</bndbox>
</object>
<object>
<name>Car</name>
<bndbox>
<xmin>714</xmin>
<ymin>158</ymin>
<xmax>806</xmax>
<ymax>197</ymax>
</bndbox>
</object>
<object>
<name>Car</name>
<bndbox>
<xmin>917</xmin>
<ymin>146</ymin>
<xmax>1016</xmax>
<ymax>182</ymax>
</bndbox>
</object>
</annotation>
