<?xml version="1.0" ?>
<annotation>
<folder>KITTI</folder>
<filename>007270.png</filename>
<source>
<database>The KITTI Database</database>
<annotation>KITTI</annotation>
</source>
<size>
<width>1242</width>
<height>375</height>
<depth>3</depth>
</size>
<object>
<name>Car</name>
<bndbox>
<xmin>469</xmin>
<ymin>176</ymin>
<xmax>513</xmax>
<ymax>221</ymax>
</bndbox>
</object>
<object>
<name>Car</name>
<bndbox>
<xmin>456</xmin>
<ymin>181</ymin>
<xmax>493</xmax>
<ymax>207</ymax>
</bndbox>
</object>
</annotation>
