<?xml version="1.0" ?>
<annotation>
<folder>KITTI</folder>
<filename>007224.png</filename>
<source>
<database>The KITTI Database</database>
<annotation>KITTI</annotation>
</source>
<size>
<width>1242</width>
<height>375</height>
<depth>3</depth>
</size>
<object>
<name>Car</name>
<bndbox>
<xmin>0</xmin>
<ymin>205</ymin>
<xmax>264</xmax>
<ymax>374</ymax>
</bndbox>
</object>
<object>
<name>Car</name>
<bndbox>
<xmin>280</xmin>
<ymin>187</ymin>
<xmax>429</xmax>
<ymax>282</ymax>
</bndbox>
</object>
<object>
<name>Car</name>
<bndbox>
<xmin>214</xmin>
<ymin>191</ymin>
<xmax>351</xmax>
<ymax>258</ymax>
</bndbox>
</object>
</annotation>
