<?xml version="1.0" ?>
<annotation>
<folder>KITTI</folder>
<filename>007297.png</filename>
<source>
<database>The KITTI Database</database>
<annotation>KITTI</annotation>
</source>
<size>
<width>1242</width>
<height>375</height>
<depth>3</depth>
</size>
<object>
<name>Car</name>
<bndbox>
<xmin>368</xmin>
<ymin>179</ymin>
<xmax>495</xmax>
<ymax>279</ymax>
</bndbox>
</object>
<object>
<name>Car</name>
<bndbox>
<xmin>489</xmin>
<ymin>181</ymin>
<xmax>544</xmax>
<ymax>228</ymax>
</bndbox>
</object>
<object>
<name>Car</name>
<bndbox>
<xmin>540</xmin>
<ymin>175</ymin>
<xmax>589</xmax>
<ymax>204</ymax>
</bndbox>
</object>
</annotation>
