<?xml version="1.0" ?>
<annotation>
<folder>KITTI</folder>
<filename>007203.png</filename>
<source>
<database>The KITTI Database</database>
<annotation>KITTI</annotation>
</source>
<size>
<width>1242</width>
<height>375</height>
<depth>3</depth>
</size>
<object>
<name>Car</name>
<bndbox>
<xmin>0</xmin>
<ymin>0</ymin>
<xmax>280</xmax>
<ymax>374</ymax>
</bndbox>
</object>
<object>
<name>Car</name>
<bndbox>
<xmin>784</xmin>
<ymin>154</ymin>
<xmax>1241</xmax>
<ymax>374</ymax>
</bndbox>
</object>
<object>
<name>Car</name>
<bndbox>
<xmin>277</xmin>
<ymin>132</ymin>
<xmax>536</xmax>
<ymax>335</ymax>
</bndbox>
</object>
<object>
<name>Pedestrian</name>
<bndbox>
<xmin>1123</xmin>
<ymin>148</ymin>
<xmax>1161</xmax>
<ymax>279</ymax>
</bndbox>
</object>
<object>
<name>Pedestrian</name>
<bndbox>
<xmin>770</xmin>
<ymin>166</ymin>
<xmax>792</xmax>
<ymax>226</ymax>
</bndbox>
</object>
<object>
<name>Car</name>
<bndbox>
<xmin>672</xmin>
<ymin>179</ymin>
<xmax>738</xmax>
<ymax>233</ymax>
</bndbox>
</object>
<object>
<name>Car</name>
<bndbox>
<xmin>654</xmin>
<ymin>173</ymin>
<xmax>710</xmax>
<ymax>222</ymax>
</bndbox>
</object>
<object>
<name>Pedestrian</name>
<bndbox>
<xmin>607</xmin>
<ymin>170</ymin>
<xmax>616</xmax>
<ymax>196</ymax>
</bndbox>
</object>
<object>
<name>Pedestrian</name>
<bndbox>
<xmin>612</xmin>
<ymin>172</ymin>
<xmax>622</xmax>
<ymax>196</ymax>
</bndbox>
</object>
<object>
<name>Car</name>
<bndbox>
<xmin>550</xmin>
<ymin>172</ymin>
<xmax>571</xmax>
<ymax>193</ymax>
</bndbox>
</object>
</annotation>
