<?xml version="1.0" ?>
<annotation>
<folder>KITTI</folder>
<filename>007314.png</filename>
<source>
<database>The KITTI Database</database>
<annotation>KITTI</annotation>
</source>
<size>
<width>1242</width>
<height>375</height>
<depth>3</depth>
</size>
<object>
<name>Car</name>
<bndbox>
<xmin>595</xmin>
<ymin>175</ymin>
<xmax>638</xmax>
<ymax>216</ymax>
</bndbox>
</object>
<object>
<name>Car</name>
<bndbox>
<xmin>963</xmin>
<ymin>166</ymin>
<xmax>1241</xmax>
<ymax>374</ymax>
</bndbox>
</object>
<object>
<name>Car</name>
<bndbox>
<xmin>798</xmin>
<ymin>176</ymin>
<xmax>1038</xmax>
<ymax>307</ymax>
</bndbox>
</object>
<object>
<name>Car</name>
<bndbox>
<xmin>738</xmin>
<ymin>168</ymin>
<xmax>920</xmax>
<ymax>269</ymax>
</bndbox>
</object>
<object>
<name>Car</name>
<bndbox>
<xmin>715</xmin>
<ymin>173</ymin>
<xmax>875</xmax>
<ymax>245</ymax>
</bndbox>
</object>
<object>
<name>Car</name>
<bndbox>
<xmin>696</xmin>
<ymin>168</ymin>
<xmax>832</xmax>
<ymax>231</ymax>
</bndbox>
</object>
<object>
<name>Car</name>
<bndbox>
<xmin>681</xmin>
<ymin>174</ymin>
<xmax>784</xmax>
<ymax>214</ymax>
</bndbox>
</object>
<object>
<name>Car</name>
<bndbox>
<xmin>499</xmin>
<ymin>180</ymin>
<xmax>529</xmax>
<ymax>202</ymax>
</bndbox>
</object>
<object>
<name>Car</name>
<bndbox>
<xmin>660</xmin>
<ymin>173</ymin>
<xmax>735</xmax>
<ymax>202</ymax>
</bndbox>
</object>
<object>
<name>Car</name>
<bndbox>
<xmin>646</xmin>
<ymin>174</ymin>
<xmax>708</xmax>
<ymax>197</ymax>
</bndbox>
</object>
<object>
<name>Car</name>
<bndbox>
<xmin>638</xmin>
<ymin>168</ymin>
<xmax>690</xmax>
<ymax>192</ymax>
</bndbox>
</object>
<object>
<name>Car</name>
<bndbox>
<xmin>476</xmin>
<ymin>175</ymin>
<xmax>504</xmax>
<ymax>194</ymax>
</bndbox>
</object>
<object>
<name>Car</name>
<bndbox>
<xmin>454</xmin>
<ymin>177</ymin>
<xmax>472</xmax>
<ymax>191</ymax>
</bndbox>
</object>
</annotation>
