<?xml version="1.0" ?>
<annotation>
<folder>KITTI</folder>
<filename>007342.png</filename>
<source>
<database>The KITTI Database</database>
<annotation>KITTI</annotation>
</source>
<size>
<width>1242</width>
<height>375</height>
<depth>3</depth>
</size>
<object>
<name>Car</name>
<bndbox>
<xmin>0</xmin>
<ymin>82</ymin>
<xmax>279</xmax>
<ymax>374</ymax>
</bndbox>
</object>
<object>
<name>Car</name>
<bndbox>
<xmin>789</xmin>
<ymin>189</ymin>
<xmax>1195</xmax>
<ymax>374</ymax>
</bndbox>
</object>
<object>
<name>Car</name>
<bndbox>
<xmin>452</xmin>
<ymin>164</ymin>
<xmax>515</xmax>
<ymax>214</ymax>
</bndbox>
</object>
<object>
<name>Car</name>
<bndbox>
<xmin>143</xmin>
<ymin>169</ymin>
<xmax>416</xmax>
<ymax>346</ymax>
</bndbox>
</object>
<object>
<name>Car</name>
<bndbox>
<xmin>724</xmin>
<ymin>174</ymin>
<xmax>877</xmax>
<ymax>280</ymax>
</bndbox>
</object>
<object>
<name>Car</name>
<bndbox>
<xmin>673</xmin>
<ymin>169</ymin>
<xmax>759</xmax>
<ymax>232</ymax>
</bndbox>
</object>
<object>
<name>Car</name>
<bndbox>
<xmin>646</xmin>
<ymin>166</ymin>
<xmax>711</xmax>
<ymax>216</ymax>
</bndbox>
</object>
<object>
<name>Car</name>
<bndbox>
<xmin>633</xmin>
<ymin>168</ymin>
<xmax>683</xmax>
<ymax>206</ymax>
</bndbox>
</object>
<object>
<name>Car</name>
<bndbox>
<xmin>502</xmin>
<ymin>166</ymin>
<xmax>536</xmax>
<ymax>192</ymax>
</bndbox>
</object>
</annotation>
