<?xml version="1.0" ?>
<annotation>
<folder>KITTI</folder>
<filename>007328.png</filename>
<source>
<database>The KITTI Database</database>
<annotation>KITTI</annotation>
</source>
<size>
<width>1242</width>
<height>375</height>
<depth>3</depth>
</size>
<object>
<name>Car</name>
<bndbox>
<xmin>655</xmin>
<ymin>173</ymin>
<xmax>678</xmax>
<ymax>190</ymax>
</bndbox>
</object>
<object>
<name>Car</name>
<bndbox>
<xmin>785</xmin>
<ymin>186</ymin>
<xmax>965</xmax>
<ymax>301</ymax>
</bndbox>
</object>
<object>
<name>Car</name>
<bndbox>
<xmin>1027</xmin>
<ymin>184</ymin>
<xmax>1241</xmax>
<ymax>305</ymax>
</bndbox>
</object>
</annotation>
