<?xml version="1.0" ?>
<annotation>
<folder>KITTI</folder>
<filename>007340.png</filename>
<source>
<database>The KITTI Database</database>
<annotation>KITTI</annotation>
</source>
<size>
<width>1242</width>
<height>375</height>
<depth>3</depth>
</size>
<object>
<name>Car</name>
<bndbox>
<xmin>571</xmin>
<ymin>175</ymin>
<xmax>624</xmax>
<ymax>220</ymax>
</bndbox>
</object>
<object>
<name>Car</name>
<bndbox>
<xmin>468</xmin>
<ymin>173</ymin>
<xmax>504</xmax>
<ymax>204</ymax>
</bndbox>
</object>
</annotation>
