<?xml version="1.0" ?>
<annotation>
<folder>KITTI</folder>
<filename>007345.png</filename>
<source>
<database>The KITTI Database</database>
<annotation>KITTI</annotation>
</source>
<size>
<width>1242</width>
<height>375</height>
<depth>3</depth>
</size>
<object>
<name>Car</name>
<bndbox>
<xmin>587</xmin>
<ymin>156</ymin>
<xmax>625</xmax>
<ymax>196</ymax>
</bndbox>
</object>
<object>
<name>Car</name>
<bndbox>
<xmin>385</xmin>
<ymin>182</ymin>
<xmax>431</xmax>
<ymax>205</ymax>
</bndbox>
</object>
</annotation>
