<?xml version="1.0" ?>
<annotation>
<folder>KITTI</folder>
<filename>007374.png</filename>
<source>
<database>The KITTI Database</database>
<annotation>KITTI</annotation>
</source>
<size>
<width>1242</width>
<height>375</height>
<depth>3</depth>
</size>
<object>
<name>Car</name>
<bndbox>
<xmin>570</xmin>
<ymin>173</ymin>
<xmax>670</xmax>
<ymax>269</ymax>
</bndbox>
</object>
<object>
<name>Cyclist</name>
<bndbox>
<xmin>848</xmin>
<ymin>150</ymin>
<xmax>913</xmax>
<ymax>244</ymax>
</bndbox>
</object>
<object>
<name>Car</name>
<bndbox>
<xmin>130</xmin>
<ymin>0</ymin>
<xmax>509</xmax>
<ymax>320</ymax>
</bndbox>
</object>
</annotation>
