<?xml version="1.0" ?>
<annotation>
<folder>KITTI</folder>
<filename>007458.png</filename>
<source>
<database>The KITTI Database</database>
<annotation>KITTI</annotation>
</source>
<size>
<width>1242</width>
<height>375</height>
<depth>3</depth>
</size>
<object>
<name>Car</name>
<bndbox>
<xmin>0</xmin>
<ymin>173</ymin>
<xmax>193</xmax>
<ymax>374</ymax>
</bndbox>
</object>
<object>
<name>Car</name>
<bndbox>
<xmin>0</xmin>
<ymin>166</ymin>
<xmax>323</xmax>
<ymax>313</ymax>
</bndbox>
</object>
<object>
<name>Car</name>
<bndbox>
<xmin>53</xmin>
<ymin>171</ymin>
<xmax>313</xmax>
<ymax>278</ymax>
</bndbox>
</object>
<object>
<name>Car</name>
<bndbox>
<xmin>165</xmin>
<ymin>185</ymin>
<xmax>396</xmax>
<ymax>271</ymax>
</bndbox>
</object>
<object>
<name>Car</name>
<bndbox>
<xmin>202</xmin>
<ymin>170</ymin>
<xmax>420</xmax>
<ymax>243</ymax>
</bndbox>
</object>
<object>
<name>Car</name>
<bndbox>
<xmin>303</xmin>
<ymin>168</ymin>
<xmax>454</xmax>
<ymax>228</ymax>
</bndbox>
</object>
<object>
<name>Car</name>
<bndbox>
<xmin>326</xmin>
<ymin>157</ymin>
<xmax>475</xmax>
<ymax>225</ymax>
</bndbox>
</object>
<object>
<name>Cyclist</name>
<bndbox>
<xmin>544</xmin>
<ymin>172</ymin>
<xmax>558</xmax>
<ymax>204</ymax>
</bndbox>
</object>
<object>
<name>Car</name>
<bndbox>
<xmin>786</xmin>
<ymin>197</ymin>
<xmax>1114</xmax>
<ymax>374</ymax>
</bndbox>
</object>
<object>
<name>Car</name>
<bndbox>
<xmin>856</xmin>
<ymin>172</ymin>
<xmax>1154</xmax>
<ymax>284</ymax>
</bndbox>
</object>
<object>
<name>Car</name>
<bndbox>
<xmin>822</xmin>
<ymin>180</ymin>
<xmax>1032</xmax>
<ymax>265</ymax>
</bndbox>
</object>
<object>
<name>Car</name>
<bndbox>
<xmin>785</xmin>
<ymin>178</ymin>
<xmax>949</xmax>
<ymax>245</ymax>
</bndbox>
</object>
<object>
<name>Car</name>
<bndbox>
<xmin>777</xmin>
<ymin>175</ymin>
<xmax>901</xmax>
<ymax>234</ymax>
</bndbox>
</object>
<object>
<name>Car</name>
<bndbox>
<xmin>735</xmin>
<ymin>174</ymin>
<xmax>880</xmax>
<ymax>229</ymax>
</bndbox>
</object>
<object>
<name>Car</name>
<bndbox>
<xmin>712</xmin>
<ymin>177</ymin>
<xmax>847</xmax>
<ymax>222</ymax>
</bndbox>
</object>
<object>
<name>Car</name>
<bndbox>
<xmin>715</xmin>
<ymin>169</ymin>
<xmax>826</xmax>
<ymax>218</ymax>
</bndbox>
</object>
<object>
<name>Car</name>
<bndbox>
<xmin>420</xmin>
<ymin>172</ymin>
<xmax>518</xmax>
<ymax>204</ymax>
</bndbox>
</object>
<object>
<name>Car</name>
<bndbox>
<xmin>445</xmin>
<ymin>173</ymin>
<xmax>530</xmax>
<ymax>203</ymax>
</bndbox>
</object>
<object>
<name>Car</name>
<bndbox>
<xmin>634</xmin>
<ymin>174</ymin>
<xmax>670</xmax>
<ymax>201</ymax>
</bndbox>
</object>
<object>
<name>Car</name>
<bndbox>
<xmin>613</xmin>
<ymin>163</ymin>
<xmax>628</xmax>
<ymax>180</ymax>
</bndbox>
</object>
</annotation>
