<?xml version="1.0" ?>
<annotation>
<folder>KITTI</folder>
<filename>007456.png</filename>
<source>
<database>The KITTI Database</database>
<annotation>KITTI</annotation>
</source>
<size>
<width>1242</width>
<height>375</height>
<depth>3</depth>
</size>
<object>
<name>Car</name>
<bndbox>
<xmin>556</xmin>
<ymin>174</ymin>
<xmax>578</xmax>
<ymax>194</ymax>
</bndbox>
</object>
<object>
<name>Car</name>
<bndbox>
<xmin>587</xmin>
<ymin>162</ymin>
<xmax>617</xmax>
<ymax>191</ymax>
</bndbox>
</object>
<object>
<name>Car</name>
<bndbox>
<xmin>119</xmin>
<ymin>195</ymin>
<xmax>190</xmax>
<ymax>221</ymax>
</bndbox>
</object>
<object>
<name>Car</name>
<bndbox>
<xmin>320</xmin>
<ymin>186</ymin>
<xmax>363</xmax>
<ymax>210</ymax>
</bndbox>
</object>
<object>
<name>Car</name>
<bndbox>
<xmin>210</xmin>
<ymin>188</ymin>
<xmax>272</xmax>
<ymax>216</ymax>
</bndbox>
</object>
</annotation>
