<?xml version="1.0" ?>
<annotation>
<folder>KITTI</folder>
<filename>007416.png</filename>
<source>
<database>The KITTI Database</database>
<annotation>KITTI</annotation>
</source>
<size>
<width>1242</width>
<height>375</height>
<depth>3</depth>
</size>
<object>
<name>Car</name>
<bndbox>
<xmin>553</xmin>
<ymin>171</ymin>
<xmax>711</xmax>
<ymax>323</ymax>
</bndbox>
</object>
<object>
<name>Cyclist</name>
<bndbox>
<xmin>356</xmin>
<ymin>175</ymin>
<xmax>371</xmax>
<ymax>199</ymax>
</bndbox>
</object>
</annotation>
